-- phpMyAdmin SQL Dump
-- version 3.1.4-rc2
-- http://www.phpmyadmin.net
--
-- Host: localhost
-- Generation Time: Jan 29, 2010 at 11:42 AM
-- Server version: 5.1.32
-- PHP Version: 5.2.9-1

SET SQL_MODE="NO_AUTO_VALUE_ON_ZERO";

--
-- Database: `blueearth_dev`
--

-- --------------------------------------------------------

--
-- Table structure for table `agency`
--

DROP TABLE IF EXISTS `agency`;
CREATE TABLE IF NOT EXISTS `agency` (
  `id` int(11) NOT NULL AUTO_INCREMENT,
  `name` varchar(200) NOT NULL,
  `address` varchar(150) DEFAULT NULL,
  `city` varchar(100) DEFAULT NULL,
  `state` varchar(2) DEFAULT NULL,
  `zipcode` varchar(11) DEFAULT NULL,
  `created_on` date NOT NULL,
  `locked` tinyint(1) DEFAULT NULL,
  `phone` varchar(12) DEFAULT NULL,
  `fax` varchar(12) DEFAULT NULL,
  PRIMARY KEY (`id`)
) ENGINE=InnoDB  DEFAULT CHARSET=latin1 AUTO_INCREMENT=3 ;

--
-- Dumping data for table `agency`
--

INSERT INTO `agency` (`id`, `name`, `address`, `city`, `state`, `zipcode`, `created_on`, `locked`, `phone`, `fax`) VALUES
(1, 'Blue Earth Imaging', '5265 S. Renewal Ln.', 'Tucson', 'AZ', '85747', '2010-01-29', 0, '520-247-5134', '555-555-1213'),
(2, 'Helena Chemicals', '', '', '', '', '2010-01-29', 0, '', '');

-- --------------------------------------------------------

--
-- Table structure for table `agency_user`
--

DROP TABLE IF EXISTS `agency_user`;
CREATE TABLE IF NOT EXISTS `agency_user` (
  `id` int(11) NOT NULL AUTO_INCREMENT,
  `agency_id` int(11) NOT NULL,
  `user_id` int(11) NOT NULL,
  PRIMARY KEY (`id`),
  UNIQUE KEY `agency_id` (`agency_id`,`user_id`),
  KEY `user_id_refs_id_3bf40996` (`user_id`)
) ENGINE=InnoDB  DEFAULT CHARSET=latin1 AUTO_INCREMENT=13 ;

--
-- Dumping data for table `agency_user`
--

INSERT INTO `agency_user` (`id`, `agency_id`, `user_id`) VALUES
(5, 1, 1),
(7, 1, 3),
(8, 1, 4),
(6, 1, 10),
(9, 2, 1),
(10, 2, 2),
(11, 2, 3),
(12, 2, 4);

-- --------------------------------------------------------

--
-- Table structure for table `aircraft`
--

DROP TABLE IF EXISTS `aircraft`;
CREATE TABLE IF NOT EXISTS `aircraft` (
  `id` int(11) NOT NULL AUTO_INCREMENT,
  `name` varchar(100) NOT NULL,
  PRIMARY KEY (`id`)
) ENGINE=InnoDB DEFAULT CHARSET=latin1 AUTO_INCREMENT=1 ;

--
-- Dumping data for table `aircraft`
--


-- --------------------------------------------------------

--
-- Table structure for table `auth_group`
--

DROP TABLE IF EXISTS `auth_group`;
CREATE TABLE IF NOT EXISTS `auth_group` (
  `id` int(11) NOT NULL AUTO_INCREMENT,
  `name` varchar(80) NOT NULL,
  PRIMARY KEY (`id`),
  UNIQUE KEY `name` (`name`)
) ENGINE=InnoDB DEFAULT CHARSET=latin1 AUTO_INCREMENT=1 ;

--
-- Dumping data for table `auth_group`
--


-- --------------------------------------------------------

--
-- Table structure for table `auth_group_permissions`
--

DROP TABLE IF EXISTS `auth_group_permissions`;
CREATE TABLE IF NOT EXISTS `auth_group_permissions` (
  `id` int(11) NOT NULL AUTO_INCREMENT,
  `group_id` int(11) NOT NULL,
  `permission_id` int(11) NOT NULL,
  PRIMARY KEY (`id`),
  UNIQUE KEY `group_id` (`group_id`,`permission_id`),
  KEY `permission_id_refs_id_5886d21f` (`permission_id`)
) ENGINE=InnoDB DEFAULT CHARSET=latin1 AUTO_INCREMENT=1 ;

--
-- Dumping data for table `auth_group_permissions`
--


-- --------------------------------------------------------

--
-- Table structure for table `auth_message`
--

DROP TABLE IF EXISTS `auth_message`;
CREATE TABLE IF NOT EXISTS `auth_message` (
  `id` int(11) NOT NULL AUTO_INCREMENT,
  `user_id` int(11) NOT NULL,
  `message` longtext NOT NULL,
  PRIMARY KEY (`id`),
  KEY `auth_message_user_id` (`user_id`)
) ENGINE=InnoDB  DEFAULT CHARSET=latin1 AUTO_INCREMENT=18 ;

--
-- Dumping data for table `auth_message`
--


-- --------------------------------------------------------

--
-- Table structure for table `auth_permission`
--

DROP TABLE IF EXISTS `auth_permission`;
CREATE TABLE IF NOT EXISTS `auth_permission` (
  `id` int(11) NOT NULL AUTO_INCREMENT,
  `name` varchar(50) NOT NULL,
  `content_type_id` int(11) NOT NULL,
  `codename` varchar(100) NOT NULL,
  PRIMARY KEY (`id`),
  UNIQUE KEY `content_type_id` (`content_type_id`,`codename`),
  KEY `auth_permission_content_type_id` (`content_type_id`)
) ENGINE=InnoDB  DEFAULT CHARSET=latin1 AUTO_INCREMENT=52 ;

--
-- Dumping data for table `auth_permission`
--

INSERT INTO `auth_permission` (`id`, `name`, `content_type_id`, `codename`) VALUES
(1, 'Can add permission', 1, 'add_permission'),
(2, 'Can change permission', 1, 'change_permission'),
(3, 'Can delete permission', 1, 'delete_permission'),
(4, 'Can add group', 2, 'add_group'),
(5, 'Can change group', 2, 'change_group'),
(6, 'Can delete group', 2, 'delete_group'),
(7, 'Can add user', 3, 'add_user'),
(8, 'Can change user', 3, 'change_user'),
(9, 'Can delete user', 3, 'delete_user'),
(10, 'Can add message', 4, 'add_message'),
(11, 'Can change message', 4, 'change_message'),
(12, 'Can delete message', 4, 'delete_message'),
(13, 'Can add content type', 5, 'add_contenttype'),
(14, 'Can change content type', 5, 'change_contenttype'),
(15, 'Can delete content type', 5, 'delete_contenttype'),
(16, 'Can add session', 6, 'add_session'),
(17, 'Can change session', 6, 'change_session'),
(18, 'Can delete session', 6, 'delete_session'),
(19, 'Can add site', 7, 'add_site'),
(20, 'Can change site', 7, 'change_site'),
(21, 'Can delete site', 7, 'delete_site'),
(22, 'Can add log entry', 8, 'add_logentry'),
(23, 'Can change log entry', 8, 'change_logentry'),
(24, 'Can delete log entry', 8, 'delete_logentry'),
(25, 'Can add agency', 9, 'add_agency'),
(26, 'Can change agency', 9, 'change_agency'),
(27, 'Can delete agency', 9, 'delete_agency'),
(28, 'Can add crop type', 10, 'add_croptype'),
(29, 'Can change crop type', 10, 'change_croptype'),
(30, 'Can delete crop type', 10, 'delete_croptype'),
(31, 'Can add image type', 11, 'add_imagetype'),
(32, 'Can change image type', 11, 'change_imagetype'),
(33, 'Can delete image type', 11, 'delete_imagetype'),
(34, 'Can add air craft', 12, 'add_aircraft'),
(35, 'Can change air craft', 12, 'change_aircraft'),
(36, 'Can delete air craft', 12, 'delete_aircraft'),
(37, 'Can add camera', 13, 'add_camera'),
(38, 'Can change camera', 13, 'change_camera'),
(39, 'Can delete camera', 13, 'delete_camera'),
(40, 'Can add server', 14, 'add_server'),
(41, 'Can change server', 14, 'change_server'),
(42, 'Can delete server', 14, 'delete_server'),
(43, 'Can add user profile', 15, 'add_userprofile'),
(44, 'Can change user profile', 15, 'change_userprofile'),
(45, 'Can delete user profile', 15, 'delete_userprofile'),
(46, 'Can add property', 16, 'add_property'),
(47, 'Can change property', 16, 'change_property'),
(48, 'Can delete property', 16, 'delete_property'),
(49, 'Can add image', 17, 'add_image'),
(50, 'Can change image', 17, 'change_image'),
(51, 'Can delete image', 17, 'delete_image');

-- --------------------------------------------------------

--
-- Table structure for table `auth_user`
--

DROP TABLE IF EXISTS `auth_user`;
CREATE TABLE IF NOT EXISTS `auth_user` (
  `id` int(11) NOT NULL AUTO_INCREMENT,
  `username` varchar(30) NOT NULL,
  `first_name` varchar(30) NOT NULL,
  `last_name` varchar(30) NOT NULL,
  `email` varchar(75) NOT NULL,
  `password` varchar(128) NOT NULL,
  `is_staff` tinyint(1) NOT NULL,
  `is_active` tinyint(1) NOT NULL,
  `is_superuser` tinyint(1) NOT NULL,
  `last_login` datetime NOT NULL,
  `date_joined` datetime NOT NULL,
  PRIMARY KEY (`id`),
  UNIQUE KEY `username` (`username`)
) ENGINE=InnoDB  DEFAULT CHARSET=latin1 AUTO_INCREMENT=22 ;

--
-- Dumping data for table `auth_user`
--

INSERT INTO `auth_user` (`id`, `username`, `first_name`, `last_name`, `email`, `password`, `is_staff`, `is_active`, `is_superuser`, `last_login`, `date_joined`) VALUES
(1, 'acatejr', 'Averill', 'Cate Jr', 'acatejr@gmail.com', 'sha1$976e6$4fdf8404078cf17eb8fd0fe5756c41d2fc0791b5', 1, 1, 1, '2010-01-29 11:32:27', '2010-01-27 09:10:47'),
(2, 'guest', 'Guest', 'User', 'guser@gmail.com', 'sha1$2eb63$43e1a31c8f0980d0e349004e4f8750e72927b6e7', 0, 1, 0, '2010-01-29 11:32:55', '2010-01-27 09:12:03'),
(3, 'akoller', 'Aaron', 'Koller', 'aaronkoller@gmail.com', 'sha1$7e1d1$70af6729dbe45feaadb9151f5d87e1d9ea983928', 1, 1, 0, '2010-01-26 17:30:49', '2009-06-15 11:40:56'),
(4, 'kkoller', 'Kevin', 'Koller', 'kevindavidkoller@gmail.com', 'sha1$78971$016f24072743ecaa9cc637cc1855b982d5d96a2c', 1, 1, 1, '2010-01-22 22:31:14', '2009-06-15 11:41:07'),
(5, 'IndianSprings', 'Alfredo ', 'Alcocer', 'IndianSprings@blueearthimaging.com', 'sha1$d8541$bab79dc76cc26d919a17144ac801c25f2c1ae33e', 0, 1, 0, '2009-11-18 15:49:45', '2009-06-21 15:19:02'),
(6, 'SaltonCity', '', '', '', 'sha1$e6b60$4d16ff576f313197e711f8d31f1aa1be682b711e', 0, 1, 0, '2009-06-26 13:34:11', '2009-06-26 13:34:11'),
(7, 'HeritagePalms', '', '', '', 'sha1$61202$0f7d8513c2f4bfe658b174b148cd99bc501b8b94', 0, 1, 0, '2009-11-12 07:11:10', '2009-06-26 13:42:50'),
(8, 'LaQuinta', '', '', '', 'sha1$6b20d$2bcca91c5c7fae77b2cbbd6dd5592013e45a752a', 0, 1, 0, '2009-11-06 09:11:31', '2009-06-26 13:43:14'),
(9, 'test', '', '', '', 'sha1$4bb63$2d4cf02663ae232c8ccfc9421d59a9672ffa8878', 0, 1, 0, '2009-07-13 22:03:05', '2009-07-13 22:02:45'),
(10, 'rholleschau', 'Randy', 'Holleschau', 'randy@toftequity.com', 'sha1$75a25$187418d4136d4be3c6c2746b83cf4cbfdb4fb852', 0, 1, 0, '2009-08-18 16:34:05', '2009-08-03 06:24:05'),
(11, 'IID', '', '', '', 'sha1$80ef6$d6d876ea4b4b4dc9333b41f9d5baf85c0c3cab6a', 0, 1, 0, '2010-01-29 06:18:21', '2009-10-04 22:13:22'),
(12, 'CVWD', '', '', '', 'sha1$b8387$ab7f17b59f39110519d12cf62c1e8d7554ecc7e0', 0, 1, 0, '2010-01-24 13:41:13', '2009-10-04 22:13:33'),
(13, 'Marriott', '', '', '', 'sha1$2297d$8438da0b5e84ed74025f1082c70c527f21e056d9', 0, 1, 0, '2009-12-24 15:36:03', '2009-10-10 10:11:55'),
(14, 'ssinclear', 'Stan', 'Sinclear', 'ssinclear@gmail.com', 'sha1$eb048$51e13c52e2e529a765a63933beb6760478b42675', 0, 0, 0, '2009-11-13 09:32:55', '2009-11-08 11:57:10'),
(15, 'aronq', '', '', '', 'sha1$1c6f0$9177166f2265b5a7932cf9d64a800ddbecb1ec19', 0, 1, 0, '2010-01-21 12:29:18', '2009-11-13 09:38:28'),
(16, 'osterkamp', 'Mark ', 'Osterakmp', 'osterkampfarms@yahoo.com', 'sha1$b2c0b$169005e8e75423df9e8e370d52eb1784da2d649d', 0, 1, 0, '2010-01-24 21:17:57', '2009-11-14 20:14:06'),
(17, 'akalin', 'Al', 'Kalin', 'akalin@hughes.net', 'sha1$f35a0$bd6f28e96fd3e6b0b83698f5f108149e1d06e9a7', 0, 1, 0, '2010-01-20 10:52:14', '2009-11-22 22:09:24'),
(18, 'jcachen', 'Jesse', 'Achenbach', 'jcachen@gmail.com', 'sha1$d5818$9a8c226fa2b8abc42420cdd11d8da5ab3721b4e1', 1, 1, 0, '2009-11-22 22:10:13', '2009-11-22 22:10:13'),
(20, 'OceanoProduce', '', '', '', 'sha1$2d689$76d3507d30711d6460efe0dc9e43d4289a3dcc90', 0, 1, 0, '2010-01-20 20:07:31', '2009-12-06 22:11:28'),
(21, 'rucker', 'Bruce', 'Rucker', '', 'sha1$b2e18$54cb18ae49c2f5c6953203805be81b530b78a18c', 0, 1, 0, '2010-01-25 16:35:46', '2010-01-22 20:15:42');

-- --------------------------------------------------------

--
-- Table structure for table `auth_user_groups`
--

DROP TABLE IF EXISTS `auth_user_groups`;
CREATE TABLE IF NOT EXISTS `auth_user_groups` (
  `id` int(11) NOT NULL AUTO_INCREMENT,
  `user_id` int(11) NOT NULL,
  `group_id` int(11) NOT NULL,
  PRIMARY KEY (`id`),
  UNIQUE KEY `user_id` (`user_id`,`group_id`),
  KEY `group_id_refs_id_f116770` (`group_id`)
) ENGINE=InnoDB DEFAULT CHARSET=latin1 AUTO_INCREMENT=1 ;

--
-- Dumping data for table `auth_user_groups`
--


-- --------------------------------------------------------

--
-- Table structure for table `auth_user_user_permissions`
--

DROP TABLE IF EXISTS `auth_user_user_permissions`;
CREATE TABLE IF NOT EXISTS `auth_user_user_permissions` (
  `id` int(11) NOT NULL AUTO_INCREMENT,
  `user_id` int(11) NOT NULL,
  `permission_id` int(11) NOT NULL,
  PRIMARY KEY (`id`),
  UNIQUE KEY `user_id` (`user_id`,`permission_id`),
  KEY `permission_id_refs_id_67e79cb` (`permission_id`)
) ENGINE=InnoDB  DEFAULT CHARSET=latin1 AUTO_INCREMENT=7 ;

--
-- Dumping data for table `auth_user_user_permissions`
--

INSERT INTO `auth_user_user_permissions` (`id`, `user_id`, `permission_id`) VALUES
(1, 3, 22),
(2, 3, 23),
(3, 3, 24),
(4, 3, 25),
(5, 3, 26),
(6, 3, 27);

-- --------------------------------------------------------

--
-- Table structure for table `camera`
--

DROP TABLE IF EXISTS `camera`;
CREATE TABLE IF NOT EXISTS `camera` (
  `id` int(11) NOT NULL AUTO_INCREMENT,
  `name` varchar(100) NOT NULL,
  PRIMARY KEY (`id`)
) ENGINE=InnoDB DEFAULT CHARSET=latin1 AUTO_INCREMENT=1 ;

--
-- Dumping data for table `camera`
--


-- --------------------------------------------------------

--
-- Table structure for table `croptype`
--

DROP TABLE IF EXISTS `croptype`;
CREATE TABLE IF NOT EXISTS `croptype` (
  `id` int(11) NOT NULL AUTO_INCREMENT,
  `name` varchar(25) NOT NULL,
  PRIMARY KEY (`id`)
) ENGINE=InnoDB  DEFAULT CHARSET=latin1 AUTO_INCREMENT=5 ;

--
-- Dumping data for table `croptype`
--

INSERT INTO `croptype` (`id`, `name`) VALUES
(1, 'Alfalfa'),
(2, 'Citrus'),
(3, 'Cotton'),
(4, 'None');

-- --------------------------------------------------------

--
-- Table structure for table `django_admin_log`
--

DROP TABLE IF EXISTS `django_admin_log`;
CREATE TABLE IF NOT EXISTS `django_admin_log` (
  `id` int(11) NOT NULL AUTO_INCREMENT,
  `action_time` datetime NOT NULL,
  `user_id` int(11) NOT NULL,
  `content_type_id` int(11) DEFAULT NULL,
  `object_id` longtext,
  `object_repr` varchar(200) NOT NULL,
  `action_flag` smallint(5) unsigned NOT NULL,
  `change_message` longtext NOT NULL,
  PRIMARY KEY (`id`),
  KEY `django_admin_log_user_id` (`user_id`),
  KEY `django_admin_log_content_type_id` (`content_type_id`)
) ENGINE=InnoDB  DEFAULT CHARSET=latin1 AUTO_INCREMENT=1220 ;

--
-- Dumping data for table `django_admin_log`
--

INSERT INTO `django_admin_log` (`id`, `action_time`, `user_id`, `content_type_id`, `object_id`, `object_repr`, `action_flag`, `change_message`) VALUES
(1, '2009-06-15 11:40:56', 1, 3, '3', 'akoller', 1, ''),
(2, '2009-06-15 11:41:07', 1, 3, '4', 'kkoller', 1, ''),
(3, '2009-06-15 11:42:16', 1, 3, '3', 'akoller', 2, 'Changed first_name, last_name, email and is_staff.'),
(4, '2009-06-15 11:42:45', 1, 3, '4', 'kkoller', 2, 'Changed first_name, last_name, email and is_staff.'),
(5, '2009-06-15 12:48:34', 1, 3, '4', 'kkoller', 2, 'Changed is_superuser.'),
(6, '2009-06-15 13:51:09', 1, 10, '5', 'HD NDVI', 1, ''),
(7, '2009-06-17 17:27:20', 1, 9, '33', 'Smilex 58', 1, ''),
(8, '2009-06-17 17:27:39', 1, 9, '34', 'Smilex 65', 1, ''),
(9, '2009-06-17 17:28:20', 1, 9, '35', 'Spruce 166', 1, ''),
(10, '2009-06-17 17:29:46', 1, 9, '36', 'Al Kalin Fuller', 1, ''),
(11, '2009-06-17 17:31:31', 1, 9, '33', 'Smilex 58 and 69', 2, 'Changed name.'),
(12, '2009-06-18 23:22:42', 4, 9, '37', 'brandenberg2', 1, ''),
(13, '2009-06-18 23:23:18', 4, 8, '607', 'branden2_12band_georef_125_cropped_cir', 1, ''),
(14, '2009-06-18 23:24:21', 4, 8, '608', 'rucker1_12band_georef_125_cropped_cir.ecw', 1, ''),
(15, '2009-06-18 23:25:24', 4, 8, '609', 'threeflags2_12band_georef_250_cropped_cir.ecw', 1, ''),
(16, '2009-06-18 23:25:57', 4, 8, '610', 'threeflags_12band_georef_250_cropped_cir.ecw', 1, ''),
(17, '2009-06-18 23:26:56', 4, 8, '611', '_12band_georef_125_cropped_ndvi.ecw', 1, ''),
(18, '2009-06-18 23:27:29', 4, 8, '612', 'rucker1_12band_georef_125_cropped_ndvi.ecw', 1, ''),
(19, '2009-06-18 23:28:05', 4, 8, '613', '_12band_georef_250_cropped_ndvi.ecw', 1, ''),
(20, '2009-06-18 23:28:38', 4, 8, '614', 'threeflags_12band_georef_250_cropped_ndvi.ecw', 1, ''),
(21, '2009-06-18 23:30:32', 4, 8, '613', 'threeflags2_12band_georef_250_cropped_ndvi.ecw', 2, 'Changed name and layer.'),
(22, '2009-06-18 23:30:51', 4, 8, '611', 'branden2_12band_georef_125_cropped_ndvi.ecw', 2, 'Changed name and layer.'),
(23, '2009-06-18 23:35:23', 4, 8, '615', 'branden2_12band_georef_125_cropped_ndvihd.ecw', 1, ''),
(24, '2009-06-18 23:35:58', 4, 8, '616', 'rucker1_12band_georef_125_cropped_ndvihd.ecw', 1, ''),
(25, '2009-06-18 23:36:29', 4, 8, '617', 'threeflags2_12band_georef_250_cropped_ndvihd.ecw', 1, ''),
(26, '2009-06-18 23:37:03', 4, 8, '618', 'threeflags_12band_georef_250_cropped_ndvihd.ecw', 1, ''),
(27, '2009-06-18 23:37:43', 4, 8, '619', 'branden2_12band_georef_125_cropped_rgb.ecw', 1, ''),
(28, '2009-06-18 23:38:17', 4, 8, '620', 'rucker1_12band_georef_125_cropped_rgb.ecw', 1, ''),
(29, '2009-06-18 23:38:46', 4, 8, '621', 'threeflags2_12band_georef_250_cropped_rgb.ecw', 1, ''),
(30, '2009-06-18 23:39:13', 4, 8, '622', 'threeflags_12band_georef_250_cropped_rgb.ecw', 1, ''),
(31, '2009-06-20 13:55:46', 4, 9, '38', 'Indian Springs Golf Course', 1, ''),
(32, '2009-06-20 14:03:19', 4, 8, '623', 'indsprings_12band_georef_125_01_test.ecw', 1, ''),
(33, '2009-06-20 17:03:53', 4, 8, '623', 'indsprings_12band_georef_125_02_test_polynomial.ecw', 2, 'Changed name and layer.'),
(34, '2009-06-20 17:05:26', 4, 8, 'None', 'indsprings_12band_georef_125_02_test_polynomial.ecw', 3, ''),
(35, '2009-06-20 17:06:29', 4, 8, '624', 'indsprings_12band_georef_125_02_test_polynomial.ecw', 1, ''),
(36, '2009-06-20 20:59:00', 4, 8, 'None', 'indsprings_12band_georef_125_02_test_polynomial.ecw', 3, ''),
(37, '2009-06-20 20:59:33', 4, 8, '625', 'indsprings_12band_georef_125_07_linear_test.ecw', 1, ''),
(38, '2009-06-20 21:01:09', 4, 8, 'None', 'indsprings_12band_georef_125_07_linear_test.ecw', 3, ''),
(39, '2009-06-20 21:01:56', 4, 8, '626', 'indsprings_12band_georef_125_07_linear_test.ecw', 1, ''),
(40, '2009-06-20 21:02:54', 4, 8, 'None', 'indsprings_12band_georef_125_07_linear_test.ecw', 3, ''),
(41, '2009-06-20 21:03:48', 4, 8, '627', 'indsprings_08_12band_georef_125_08_linear_test.ecw', 1, ''),
(42, '2009-06-20 21:05:35', 4, 8, '627', 'indsprings_12band_georef_125_08_linear_test.ecw', 2, 'Changed name, capture_date and description.'),
(43, '2009-06-21 15:16:58', 4, 8, '628', 'bojax_12band_georef_cropped_cir.ecw', 1, ''),
(44, '2009-06-21 15:17:30', 4, 8, '629', 'churchran_12band_georef_250_cropped_cir.ecw', 1, ''),
(45, '2009-06-21 15:18:00', 4, 8, '630', 'ecco25e_12band_georef_250_cropped_cir.ecw', 1, ''),
(46, '2009-06-21 15:19:02', 4, 3, '5', 'IndianSprings', 1, ''),
(47, '2009-06-21 15:20:24', 4, 3, '5', 'IndianSprings', 2, 'Changed first_name, last_name and email.'),
(48, '2009-06-21 15:20:46', 4, 9, '39', 'Indian Springs Country Club', 1, ''),
(49, '2009-06-21 15:20:57', 4, 9, 'None', 'Indian Springs Country Club', 3, ''),
(50, '2009-06-21 15:21:05', 4, 9, '38', 'Indian Springs Golf Course', 2, 'Changed user.'),
(51, '2009-06-21 15:22:01', 4, 8, '631', 'indsprings_12band_georef_125_cropped_cir.ecw', 1, ''),
(52, '2009-06-21 15:24:46', 4, 8, '632', 'o8_12_band_georef_250_cropped_cir.ecw', 1, ''),
(53, '2009-06-21 15:25:22', 4, 8, '633', 'quatro_del_mar_georef_125_cropped_cir.img', 1, ''),
(54, '2009-06-21 15:26:10', 4, 8, '634', 'ranchosdh_12_band_georef_250_cropped_cir.ecw', 1, ''),
(55, '2009-06-21 15:28:36', 4, 8, '635', 'rbw_12band_georef_250_cropped_cir.ecw', 1, ''),
(56, '2009-06-21 15:29:07', 4, 8, '636', 'sheu_12_band_georef_250_cropped_cir.ecw', 1, ''),
(57, '2009-06-21 15:29:37', 4, 8, '637', 'bojax_12band_georef_cropped_ndvi.ecw', 1, ''),
(58, '2009-06-21 15:30:15', 4, 8, '638', 'churchran_12band_georef_250_cropped_ndvi.ecw', 1, ''),
(59, '2009-06-21 15:30:20', 4, 8, '637', 'bojax_12band_georef_cropped_ndvi.ecw', 2, 'Changed imgtype.'),
(60, '2009-06-21 15:31:00', 4, 8, '639', 'ecco25e_12band_georef_250_cropped_ndvi.ecw', 1, ''),
(61, '2009-06-21 15:31:32', 4, 8, '640', 'indsprings_12band_georef_125_cropped_ndvi.ecw', 1, ''),
(62, '2009-06-21 15:32:14', 4, 8, '641', 'o8_12_band_georef_250_cropped_ndvi.ecw', 1, ''),
(63, '2009-06-21 15:32:45', 4, 8, '642', 'quatro_del_mar_georef_125_cropped_ndvi.img', 1, ''),
(64, '2009-06-21 15:33:10', 4, 8, '643', 'ranchosdh_12_band_georef_250_cropped_ndvi.ecw', 1, ''),
(65, '2009-06-21 15:33:39', 4, 8, '644', 'rbw_12band_georef_250_cropped_ndvi.ecw', 1, ''),
(66, '2009-06-21 15:34:11', 4, 8, '645', 'sheu_12_band_georef_250_cropped_ndvi.ecw', 1, ''),
(67, '2009-06-21 15:34:47', 4, 8, '646', 'bojax_12band_georef_cropped_ndvihd.ecw', 1, ''),
(68, '2009-06-21 15:35:17', 4, 8, '647', 'churchran_12band_georef_250_cropped_ndvihd.ecw', 1, ''),
(69, '2009-06-21 15:35:50', 4, 8, '648', 'ecco25e_12band_georef_250_cropped_ndvihd.ecw', 1, ''),
(70, '2009-06-21 15:36:18', 4, 8, '649', 'indsprings_12band_georef_125_cropped_ndvihd.ecw', 1, ''),
(71, '2009-06-21 15:36:51', 4, 8, '650', 'o8_12_band_georef_250_cropped_ndvihd.ecw', 1, ''),
(72, '2009-06-21 15:37:50', 4, 8, '651', 'ranchosdh_12_band_georef_250_cropped_ndvihd.ecw', 1, ''),
(73, '2009-06-21 15:38:28', 4, 8, '652', 'rbw_12band_georef_250_cropped_ndvihd.ecw', 1, ''),
(74, '2009-06-21 15:38:58', 4, 8, '653', 'sheu_12_band_georef_250_cropped_ndvihd.ecw', 1, ''),
(75, '2009-06-21 15:39:57', 4, 8, '654', 'bojax_12band_georef_cropped_rgb.ecw', 1, ''),
(76, '2009-06-21 15:40:06', 4, 8, '654', 'bojax_12band_georef_cropped_rgb.ecw', 2, 'No fields changed.'),
(77, '2009-06-21 15:40:48', 4, 8, '655', 'churchran_12band_georef_250_cropped_rgb.ecw', 1, ''),
(78, '2009-06-21 15:41:19', 4, 8, '656', 'ecco25e_12band_georef_250_cropped_rgb.ecw', 1, ''),
(79, '2009-06-21 15:41:50', 4, 8, '657', 'indsprings_12band_georef_125_cropped_rgb.ecw', 1, ''),
(80, '2009-06-21 15:42:19', 4, 8, '658', 'o8_12_band_georef_250_cropped_rgb.ecw', 1, ''),
(81, '2009-06-21 15:42:57', 4, 8, '659', 'quatro_del_mar_georef_125_cropped_rgb.ecw', 1, ''),
(82, '2009-06-21 15:43:26', 4, 8, '660', 'ranchosdh_12_band_georef_250_cropped_rgb.ecw', 1, ''),
(83, '2009-06-21 15:43:57', 4, 8, '661', 'rbw_12band_georef_250_cropped_rgb.ecw', 1, ''),
(84, '2009-06-21 15:44:23', 4, 8, '662', 'sheu_12_band_georef_250_cropped_rgb.ecw', 1, ''),
(85, '2009-06-21 15:44:54', 4, 8, '633', 'quatro_del_mar_georef_125_cropped_cir.ecw', 2, 'Changed name and layer.'),
(86, '2009-06-21 15:45:53', 4, 8, '642', 'quatro_del_mar_georef_125_cropped_ndvi.ecw', 2, 'Changed name and layer.'),
(87, '2009-06-21 15:46:51', 4, 8, '663', 'quatro_del_mar_georef_125_cropped_ndvihd.ecw', 1, ''),
(88, '2009-06-21 15:47:30', 4, 8, '657', 'indsprings_12band_georef_125_cropped_rgb.ecw', 2, 'Changed user.'),
(89, '2009-06-21 16:11:06', 4, 8, '663', 'quatro_del_mar_georef_125_cropped_ndvihd.ecw', 2, 'No fields changed.'),
(90, '2009-06-21 16:32:39', 4, 8, '663', 'quatro_del_mar_georef_125_cropped_ndvihd.ecw', 2, 'No fields changed.'),
(91, '2009-06-21 16:41:19', 4, 8, '633', 'quatro_del_mar_georef_cropped_125_cir.ecw', 2, 'Changed name and layer.'),
(92, '2009-06-23 00:21:18', 4, 8, '664', 'branden1_12band_georef_01_cropped_rgb.ecw', 1, ''),
(93, '2009-06-23 00:21:55', 4, 8, '665', 'branden1_12band_georef_01_croppedndvihd.ecw', 1, ''),
(94, '2009-06-23 00:22:29', 4, 8, '666', 'branden1_12band_georef_01_cropped_ndvi.ecw', 1, ''),
(95, '2009-06-23 00:23:22', 4, 8, '667', 'branden1_12band_georef_01_cropped_cir.ecw', 1, ''),
(96, '2009-06-23 00:24:05', 4, 8, '668', 'branden1_10band_georef_125_cir.ecw', 1, ''),
(97, '2009-06-23 00:24:39', 4, 8, '669', 'branden2_10band_georef_125_cir.ecw', 1, ''),
(98, '2009-06-23 00:25:10', 4, 8, '670', 'church_ranch_10band_georef_250_cir.ecw', 1, ''),
(99, '2009-06-23 00:25:40', 4, 8, '671', 'quatrodm_10band_georef_250_cir.ecw', 1, ''),
(100, '2009-06-23 00:26:05', 4, 8, '672', 'ranchosdh_10band_georef_250_cir.ecw', 1, ''),
(101, '2009-06-23 00:26:46', 4, 8, '673', 'rbw_10band_georef_250_cir.ecw', 1, ''),
(102, '2009-06-23 00:27:20', 4, 8, '674', 'scheu_10band_georef_250_cir.ecw', 1, ''),
(103, '2009-06-23 00:27:54', 4, 8, '675', 'branden1_10band_georef_125_ndvi.ecw', 1, ''),
(104, '2009-06-23 00:28:30', 4, 8, '676', 'branden2_10band_georef_125_ndvi.ecw', 1, ''),
(105, '2009-06-23 00:28:56', 4, 8, '677', 'church_ranch_10band_georef_250_ndvi.ecw', 1, ''),
(106, '2009-06-23 00:29:33', 4, 8, '678', 'quatrodm_10band_georef_250_ndvi.ecw', 1, ''),
(107, '2009-06-23 00:29:55', 4, 8, '679', 'ranchosdh_10band_georef_250_ndvi.ecw', 1, ''),
(108, '2009-06-23 00:30:25', 4, 8, '680', 'rbw_10band_georef_250_ndvi.ecw', 1, ''),
(109, '2009-06-23 00:30:57', 4, 8, '681', 'scheu_10band_georef_250_ndvi.ecw', 1, ''),
(110, '2009-06-23 00:31:49', 4, 8, '682', 'branden1_10band_georef_125ndvihd.ecw', 1, ''),
(111, '2009-06-23 00:32:36', 4, 8, '683', 'branden2_10band_georef_125_ndvihd.ecw', 1, ''),
(112, '2009-06-23 00:33:19', 4, 8, '684', '_ranch_10band_georef_250_ndvihd.ecw', 1, ''),
(113, '2009-06-23 00:34:18', 4, 8, '684', 'church_ranch_10band_georef_250_ndvihd.ecw', 2, 'Changed name and layer.'),
(114, '2009-06-23 00:34:50', 4, 8, '685', 'quatrodm_10band_georef_250_ndvihd.ecw', 1, ''),
(115, '2009-06-23 00:35:15', 4, 8, '686', 'ranchosdh_10band_georef_250_ndvihd.ecw', 1, ''),
(116, '2009-06-23 00:35:38', 4, 8, '687', 'rbw_10band_georef_250_ndvihd.ecw', 1, ''),
(117, '2009-06-23 00:36:03', 4, 8, '688', 'scheu_10band_georef_250_ndvihd.ecw', 1, ''),
(118, '2009-06-23 00:36:27', 4, 8, '689', 'branden1_10band_georef_125_rgb.ecw', 1, ''),
(119, '2009-06-23 00:36:51', 4, 8, '690', 'branden2_10band_georef_125_rgb.ecw', 1, ''),
(120, '2009-06-23 00:37:14', 4, 8, '691', 'church_ranch_10band_georef_250_rgb.ecw', 1, ''),
(121, '2009-06-23 00:37:42', 4, 8, '692', 'quatrodm_10band_georef_250_rgb.ecw', 1, ''),
(122, '2009-06-23 00:38:05', 4, 8, '693', 'ranchosdh_10band_georef_250_rgb.ecw', 1, ''),
(123, '2009-06-23 00:38:26', 4, 8, '694', 'rbw_10band_georef_250_rgb.ecw', 1, ''),
(124, '2009-06-23 00:38:48', 4, 8, '695', 'scheu_10band_georef_250_rgb.ecw', 1, ''),
(125, '2009-06-23 00:39:55', 4, 8, '645', 'sheu_12_band_georef_250_01_cropped_ndvi.ecw', 2, 'Changed name and layer.'),
(126, '2009-06-23 00:40:34', 4, 8, '653', 'sheu_12_band_georef_250_01_cropped_ndvihd.ecw', 2, 'Changed name and layer.'),
(127, '2009-06-23 00:40:59', 4, 8, '636', 'sheu_12_band_georef_250_01_cropped_cir.ecw', 2, 'Changed name and layer.'),
(128, '2009-06-23 00:42:49', 4, 8, '634', 'ranchosdh_12_band_georef_250_01_cropped_cir.ecw', 2, 'Changed name and layer.'),
(129, '2009-06-26 12:59:31', 4, 9, '40', 'Kalin BN1, BN2', 1, ''),
(130, '2009-06-26 12:59:45', 4, 8, '595', 'al_kalin_bn1_bn2_12band_georef_250_cropped_rgb.ecw', 2, 'Changed property and description.'),
(131, '2009-06-26 13:00:19', 4, 8, '585', 'al_kalin_bn1_bn2_12band_georef_250_cropped_ndvihd.ecw', 2, 'Changed property and description.'),
(132, '2009-06-26 13:00:55', 4, 8, '574', 'al_kalin_bn1_bn2_12band_georef_250_cropped_ndvi.ecw', 2, 'Changed property and description.'),
(133, '2009-06-26 13:01:20', 4, 8, '563', 'al_kalin_bn1_bn2_12band_georef_250_cropped_cir.ecw', 2, 'Changed property and description.'),
(134, '2009-06-26 13:02:59', 4, 9, '27', 'Ecco 13E', 2, 'Changed name.'),
(135, '2009-06-26 13:04:24', 4, 8, '598', 'kalintrif9_12band_georef_250_cropped_ndvihd.ecw', 2, 'Changed imgtype and description.'),
(136, '2009-06-26 13:05:34', 4, 9, '24', 'Kalin Trif 9', 2, 'Changed name.'),
(137, '2009-06-26 13:06:33', 4, 9, '23', 'Malva 2-9', 2, 'Changed name.'),
(138, '2009-06-26 13:08:00', 4, 9, '19', 'Ohmar 26', 2, 'Changed name.'),
(139, '2009-06-26 13:09:20', 4, 9, '33', 'Smilex 58 and 59', 2, 'Changed name.'),
(140, '2009-06-26 13:10:52', 4, 9, '37', 'Brandenberg 2', 2, 'Changed name.'),
(141, '2009-06-26 13:10:57', 4, 9, '29', 'Brandenberg 1', 2, 'Changed name.'),
(142, '2009-06-26 13:14:51', 4, 8, 'None', 'indsprings_12band_georef_125_08_linear_test.ecw', 3, ''),
(143, '2009-06-26 13:16:28', 4, 9, '26', 'Ecco 25 E', 2, 'Changed name.'),
(144, '2009-06-26 13:23:28', 4, 8, '696', 'pfisterhr_12band_georef_250_cropped_01_cir.ecw', 1, ''),
(145, '2009-06-26 13:24:07', 4, 8, '697', 'pfisterhr_12band_georef_250_cropped_01_ndvi.ecw', 1, ''),
(146, '2009-06-26 13:24:43', 4, 8, '698', 'pfisterhr_12band_georef_250_cropped_01_ndvihd.ecw', 1, ''),
(147, '2009-06-26 13:25:22', 4, 8, '699', 'pfisterhr_12band_georef_250_cropped_01_rgb.ecw', 1, ''),
(148, '2009-06-26 13:34:11', 4, 3, '6', 'SaltonCity', 1, ''),
(149, '2009-06-26 13:34:30', 4, 8, '313', 'pass_1_2_3_01_geotiff_stitched_georef.ecw', 2, 'Changed property, description and user.'),
(150, '2009-06-26 13:34:47', 4, 8, '321', 'salton_city_pass_2a.ecw', 2, 'Changed description and user.'),
(151, '2009-06-26 13:35:13', 4, 8, 'None', 'salton_city_pass_1a.ecw', 3, ''),
(152, '2009-06-26 13:35:25', 4, 8, 'None', 'salton_city_pass_2a.ecw', 3, ''),
(153, '2009-06-26 13:35:45', 4, 8, 'None', 'pass_1_2_3_01_geotiff_stitched_georef.ecw', 3, ''),
(154, '2009-06-26 13:38:01', 4, 8, 'None', 'niland_rgb_ir.ecw', 3, ''),
(155, '2009-06-26 13:42:50', 4, 3, '7', 'HeritagePalms', 1, ''),
(156, '2009-06-26 13:43:14', 4, 3, '8', 'LaQuinta', 1, ''),
(157, '2009-06-26 13:43:34', 4, 9, '41', 'Heritage Palms Country Club', 1, ''),
(158, '2009-06-26 13:43:53', 4, 9, '42', 'Rancho La Quinta Country Club', 1, ''),
(159, '2009-06-28 18:26:39', 4, 3, '3', 'akoller', 2, 'Changed last_name and user_permissions.'),
(160, '2009-06-28 18:27:34', 4, 9, '43', 'Test_AKoller', 1, ''),
(161, '2009-06-28 18:32:48', 3, 8, '700', 'rancholaquintag_12band_georef_125_cropped_rg_test.ecw', 1, ''),
(162, '2009-06-28 21:28:19', 3, 8, 'None', 'rancholaquintag_12band_georef_125_cropped_rg_test.ecw', 3, ''),
(163, '2009-06-28 21:28:54', 3, 8, '701', 'rancholaquintag_12band_georef_125_cropped_rg_test.ecw', 1, ''),
(164, '2009-06-28 21:30:40', 3, 8, '702', '01_rancholaquinag.ecw', 1, ''),
(165, '2009-06-28 21:33:59', 3, 8, '702', '01_rancholaquinag.ecw', 2, 'Changed layer.'),
(166, '2009-06-28 21:35:04', 3, 8, '702', '01_rancholaquinag.ecw', 2, 'No fields changed.'),
(167, '2009-06-28 21:36:00', 3, 8, 'None', 'rancholaquintag_12band_georef_125_cropped_rg_test.ecw', 3, ''),
(168, '2009-06-28 21:42:03', 3, 8, '702', '01_rancholaquinag.ecw', 2, 'Changed capture_date, description and layer.'),
(169, '2009-06-28 21:45:59', 3, 8, '702', 'rancholaquinag.ecw', 2, 'Changed name and layer.'),
(170, '2009-06-28 21:46:56', 3, 8, '703', 'testout_cir.ecw', 1, ''),
(171, '2009-06-28 21:51:39', 3, 8, '704', 'rancholaquinag.ecw', 1, ''),
(172, '2009-06-28 21:51:45', 3, 8, 'None', 'rancholaquinag.ecw', 3, ''),
(173, '2009-06-28 21:52:37', 3, 8, '704', 'rancholaquinag.ecw', 2, 'Changed property and user.'),
(174, '2009-06-28 21:55:38', 3, 8, 'None', 'rancholaquinag.ecw', 3, ''),
(175, '2009-06-28 21:55:43', 3, 8, 'None', 'testout_cir.ecw', 3, ''),
(176, '2009-06-28 21:56:27', 3, 8, '705', 'rancholaquinag_3Band_RGB_0061209.ecw', 1, ''),
(177, '2009-06-28 21:56:55', 3, 8, '705', 'rancholaquinag_3Band_RGB_0061209.ecw', 2, 'Changed user.'),
(178, '2009-06-28 22:09:12', 3, 8, 'None', 'rancholaquinag_3Band_RGB_0061209.ecw', 3, ''),
(179, '2009-06-28 22:10:55', 3, 8, '706', '02_rancholaquintag_test.ecw', 1, ''),
(180, '2009-06-28 22:14:17', 3, 8, '706', '02_rancholaquintag_test.ecw', 2, 'Changed property, capture_date and user.'),
(181, '2009-06-28 22:18:09', 3, 8, '706', 'indsprings_rancholaquintag_test.ecw', 2, 'Changed name and layer.'),
(182, '2009-06-28 22:20:06', 4, 8, '706', 'indsprings_rancholaquintag_test.ecw', 2, 'Changed description.'),
(183, '2009-06-28 22:24:34', 3, 8, '707', '01_Indian_Springs_Golf.ecw', 1, ''),
(184, '2009-06-28 22:25:35', 4, 8, 'None', 'indsprings_rancholaquintag_test.ecw', 3, ''),
(185, '2009-06-28 22:30:29', 4, 8, '708', 'KK_indsprings_12band_georef_125_cropped_rgb.ecw', 1, ''),
(186, '2009-06-28 22:32:57', 4, 8, '708', 'KK_indsprings_12band_georef_125_cropped_rgb.ecw', 2, 'Changed user.'),
(187, '2009-06-28 22:44:05', 4, 8, '708', 'KK_indsprings_12band_georef_125_cropped_rgb.ecw', 2, 'No fields changed.'),
(188, '2009-06-29 07:02:31', 4, 8, '709', 'rancholaquintag_12band_georef_125_cropped_cir.ecw', 1, ''),
(189, '2009-06-29 07:03:35', 4, 8, '710', 'heriflag_12band_georef_125_01_cropped_cir.ecw', 1, ''),
(190, '2009-06-29 07:04:10', 4, 8, '711', 'heriflag_12band_georef_125_01_cropped_ndvi.ecw', 1, ''),
(191, '2009-06-29 07:04:46', 4, 8, '712', 'rancholaquintag_12band_georef_125_cropped_ndvi.ecw', 1, ''),
(192, '2009-06-29 07:05:23', 4, 8, '713', 'heriflag_12band_georef_125_01_cropped_ndvihd.ecw', 1, ''),
(193, '2009-06-29 07:05:59', 4, 8, '714', 'rancholaquintag_12band_georef_125_cropped_ndvihd.ecw', 1, ''),
(194, '2009-06-29 07:06:37', 4, 8, '715', 'heriflag_12band_georef_125_01_cropped_rgb.ecw', 1, ''),
(195, '2009-06-29 07:07:11', 4, 8, '716', 'rancholaquintag_12band_georef_125_cropped_rgb.ecw', 1, ''),
(196, '2009-06-29 22:27:30', 3, 8, '717', '02_rancholaquintag_test.ecw', 1, ''),
(197, '2009-06-29 22:29:42', 3, 8, '718', 'heriflag_12band_georef_125_01_cropped_rgb.ecw', 1, ''),
(198, '2009-07-13 13:45:48', 1, 8, '721', 'AJC_TEST', 1, ''),
(199, '2009-07-13 13:46:07', 1, 8, 'None', 'AJC_TEST', 3, ''),
(200, '2009-07-13 22:02:46', 1, 3, '9', 'test', 1, ''),
(201, '2009-07-13 22:37:06', 4, 8, '722', 'ohmar26_250_cir.ecw', 1, ''),
(202, '2009-07-13 22:45:04', 4, 8, '723', 'ohmar26_250_ndvi.ecw', 1, ''),
(203, '2009-07-13 22:45:32', 4, 8, '724', 'ohmar26_250_ndvihd.ecw', 1, ''),
(204, '2009-07-13 22:45:39', 4, 8, '723', 'ohmar26_250_ndvi.ecw', 2, 'Changed layer.'),
(205, '2009-07-13 22:46:07', 4, 8, '725', 'ohmar26_250_rgb.ecw', 1, ''),
(206, '2009-07-13 22:51:04', 4, 8, '726', 'bishopw_250_cir.ecw', 1, ''),
(207, '2009-07-13 22:51:36', 4, 8, '727', 'bishopw_250_ndvi.ecw', 1, ''),
(208, '2009-07-13 22:52:08', 4, 8, '728', 'bishopw_250_ndvihd.ecw', 1, ''),
(209, '2009-07-13 22:52:39', 4, 8, '729', 'bishopw_250_rgb.ecw', 1, ''),
(210, '2009-07-14 19:00:38', 4, 8, '730', 'bojax_indv_12band_rgb-cir-ndvihd-ndvi_georef250_cropped_cir.ecw', 1, ''),
(211, '2009-07-14 19:01:10', 4, 8, '731', 'bojax_indv_12band_rgb-cir-ndvihd-ndvi_georef250_cropped_ndvi.ecw', 1, ''),
(212, '2009-07-14 19:01:41', 4, 8, '732', 'bojax_indv_12band_rgb-cir-ndvihd-ndvi_georef250_cropped_ndvihd.ecw', 1, ''),
(213, '2009-07-14 19:02:09', 4, 8, '733', 'bojax_indv_12band_rgb-cir-ndvihd-ndvi_georef250_cropped_rgb.ecw', 1, ''),
(214, '2009-07-14 19:02:43', 4, 8, '734', 'churchran_indv_12band_rgb-cir-ndvihd-ndvi_georef250_cropped_cir.ecw', 1, ''),
(215, '2009-07-14 19:03:16', 4, 8, '735', 'churchran_indv_12band_rgb-cir-ndvihd-ndvi_georef250_cropped_ndvi.ecw', 1, ''),
(216, '2009-07-14 19:03:52', 4, 8, '736', 'churchran_indv_12band_rgb-cir-ndvihd-ndvi_georef250_cropped_ndvihd.ecw', 1, ''),
(217, '2009-07-14 19:04:28', 4, 8, '737', 'churchran_indv_12band_rgb-cir-ndvihd-ndvi_georef250_cropped_rgb.ecw', 1, ''),
(218, '2009-07-14 19:05:08', 4, 8, '738', 'kalintrif9_indv_12band_rgb-cir-ndvihd-ndvi_georef250_cropped_cir.ecw', 1, ''),
(219, '2009-07-14 19:05:35', 4, 8, '739', 'kalintrif9_indv_12band_rgb-cir-ndvihd-ndvi_georef250_cropped_ndvi.ecw', 1, ''),
(220, '2009-07-14 19:06:02', 4, 8, '740', 'kalintrif9_indv_12band_rgb-cir-ndvihd-ndvi_georef250_cropped_ndvihd.ecw', 1, ''),
(221, '2009-07-14 19:06:32', 4, 8, '741', 'kalintrif9_indv_12band_rgb-cir-ndvihd-ndvi_georef250_cropped_rgb.ecw', 1, ''),
(222, '2009-07-14 19:07:02', 4, 8, '742', 'malva29_indv_12band_rgb-cir-ndvihd-ndvi_georef250_cropped_cir.ecw', 1, ''),
(223, '2009-07-14 19:07:25', 4, 8, '743', 'malva29_indv_12band_rgb-cir-ndvihd-ndvi_georef250_cropped_ndvi.ecw', 1, ''),
(224, '2009-07-14 19:07:54', 4, 8, '744', 'malva29_indv_12band_rgb-cir-ndvihd-ndvi_georef250_cropped_ndvihd.ecw', 1, ''),
(225, '2009-07-14 19:08:25', 4, 8, '745', 'malva29_indv_12band_rgb-cir-ndvihd-ndvi_georef250_cropped_rgb.ecw', 1, ''),
(226, '2009-07-14 19:08:55', 4, 8, '746', 'n-4_indv_12band_rgb-cir-ndvihd-ndvi_georef250_cropped_cir.ecw', 1, ''),
(227, '2009-07-14 19:09:23', 4, 8, '747', 'n-4_indv_12band_rgb-cir-ndvihd-ndvi_georef250_cropped_ndvi.ecw', 1, ''),
(228, '2009-07-14 19:09:52', 4, 8, '748', 'n-4_indv_12band_rgb-cir-ndvihd-ndvi_georef250_cropped_ndvihd.ecw', 1, ''),
(229, '2009-07-14 19:10:20', 4, 8, '749', 'n-4_indv_12band_rgb-cir-ndvihd-ndvi_georef250_cropped_rgb.ecw', 1, ''),
(230, '2009-07-14 19:10:45', 4, 8, '750', 'o8_indv_12band_rgb-cir-ndvihd-ndvi_georef250_cropped_cir.ecw', 1, ''),
(231, '2009-07-14 19:11:10', 4, 8, '751', 'o8_indv_12band_rgb-cir-ndvihd-ndvi_georef250_cropped_ndvi.ecw', 1, ''),
(232, '2009-07-14 19:11:41', 4, 8, '752', 'o8_indv_12band_rgb-cir-ndvihd-ndvi_georef250_cropped_ndvihd.ecw', 1, ''),
(233, '2009-07-14 19:12:10', 4, 8, '753', 'o8_indv_12band_rgb-cir-ndvihd-ndvi_georef250_cropped_rgb.ecw', 1, ''),
(234, '2009-07-14 20:59:31', 4, 8, '754', 'branden1_125_cir.ecw', 1, ''),
(235, '2009-07-14 21:00:03', 4, 8, '755', 'branden1_125_ndvi.ecw', 1, ''),
(236, '2009-07-14 21:00:33', 4, 8, '756', 'branden1_125_ndvihd.ecw', 1, ''),
(237, '2009-07-14 21:01:04', 4, 8, '757', 'branden1_125_rgb.ecw', 1, ''),
(238, '2009-07-14 21:01:57', 4, 9, '37', 'Brandenberg 2', 2, 'Changed resolution.'),
(239, '2009-07-14 21:02:10', 4, 9, '29', 'Brandenberg 1', 2, 'No fields changed.'),
(240, '2009-07-14 21:02:14', 4, 9, '37', 'Brandenberg 2', 2, 'No fields changed.'),
(241, '2009-07-14 21:04:22', 4, 9, '42', 'Rancho La Quinta Country Club', 2, 'No fields changed.'),
(242, '2009-07-14 21:05:15', 4, 9, '44', 'Moss 20-24', 1, ''),
(243, '2009-07-14 21:05:27', 4, 9, '44', 'Moss 20-24', 2, 'Changed center_lon.'),
(244, '2009-07-14 21:06:02', 4, 8, '758', 'moss20_250_cir.ecw', 1, ''),
(245, '2009-07-14 21:06:28', 4, 8, '759', 'moss20_250_ndvi.ecw', 1, ''),
(246, '2009-07-14 21:06:55', 4, 8, '760', 'moss20_250_ndvihd.ecw', 1, ''),
(247, '2009-07-14 21:07:21', 4, 8, '761', 'moss20_250_rgb.ecw', 1, ''),
(248, '2009-07-14 21:09:49', 4, 9, '37', 'Brandenberg 2', 2, 'Changed center_lat and center_lon.'),
(249, '2009-07-14 21:14:45', 4, 9, '40', 'Kalin BN1, BN2', 2, 'Changed center_lat, center_lon and resolution.'),
(250, '2009-07-14 21:18:06', 4, 9, '4', 'Salton City', 2, 'Changed user.'),
(251, '2009-07-14 21:18:32', 4, 8, '319', 'Salton_City_Pass_1_2_3_4_Georef_250.ecw', 2, 'Changed description and user.'),
(252, '2009-07-14 21:21:15', 4, 9, '38', 'Indian Springs Golf Course', 2, 'Changed center_lat and center_lon.'),
(253, '2009-07-15 19:04:27', 4, 8, '762', 'branden2_125_cir.ecw', 1, ''),
(254, '2009-07-15 19:04:54', 4, 8, '763', 'branden2_125_ndvi.ecw', 1, ''),
(255, '2009-07-15 19:05:20', 4, 8, '764', 'branden2_125_ndvihd.ecw', 1, ''),
(256, '2009-07-15 19:05:50', 4, 8, '765', 'branden2_125_rgb.ecw', 1, ''),
(257, '2009-07-15 19:08:11', 4, 9, '45', 'Beachline / Highline 1', 1, ''),
(258, '2009-07-15 19:09:07', 4, 9, '45', 'Beachline / Highline 2', 2, 'Changed name.'),
(259, '2009-07-15 19:10:23', 4, 9, '46', 'Beachline / Highline 1', 1, ''),
(260, '2009-07-15 19:11:04', 4, 8, '766', 'beachline1_250_cir.ecw', 1, ''),
(261, '2009-07-15 19:11:30', 4, 8, '767', 'beachline1_250_ndvi.ecw', 1, ''),
(262, '2009-07-15 19:11:53', 4, 8, '768', 'beachline1_250_ndvihd.ecw', 1, ''),
(263, '2009-07-15 19:12:23', 4, 8, '769', 'beachline1_250_rgb.ecw', 1, ''),
(264, '2009-07-15 19:12:50', 4, 8, '770', 'beachline2_250_cir.ecw', 1, ''),
(265, '2009-07-15 19:13:18', 4, 8, '771', 'beachline2_250_ndvi.ecw', 1, ''),
(266, '2009-07-15 19:13:42', 4, 8, '772', 'beachline2_250_ndvihd.ecw', 1, ''),
(267, '2009-07-15 19:14:11', 4, 8, '773', 'beachline2_250_rgb.ecw', 1, ''),
(268, '2009-07-16 17:29:55', 4, 8, '774', 'alkalinbnx_250_cir.ecw', 1, ''),
(269, '2009-07-16 18:05:30', 4, 9, '47', 'claverie', 1, ''),
(270, '2009-07-16 18:06:28', 4, 9, '48', 'I-34', 1, ''),
(271, '2009-07-16 18:07:52', 4, 9, '49', 'The Fig Tree', 1, ''),
(272, '2009-07-16 18:08:13', 4, 9, '50', 'Myrtle 14-16', 1, ''),
(273, '2009-07-16 18:08:58', 4, 9, '51', 'Nettle 5', 1, ''),
(274, '2009-07-16 18:10:27', 4, 9, '52', 'J-12', 1, ''),
(275, '2009-07-16 18:11:02', 4, 9, '53', 'Osage 8-9', 1, ''),
(276, '2009-07-16 18:11:50', 4, 9, '54', 'Vail 221-217', 1, ''),
(277, '2009-07-16 18:12:33', 4, 8, '775', 'claverie_250_cir.ecw', 1, ''),
(278, '2009-07-16 18:12:43', 4, 9, '47', 'Claverie', 2, 'Changed name.'),
(279, '2009-07-16 18:13:13', 4, 8, '776', 'heritagegolf_125_cir.ecw', 1, ''),
(280, '2009-07-16 18:13:37', 4, 8, '777', 'i34_250_cir.ecw', 1, ''),
(281, '2009-07-16 18:14:10', 4, 8, '778', 'indiansprings_125_cir.ecw', 1, ''),
(282, '2009-07-16 18:14:32', 4, 8, '779', 'j12_250_cir.ecw', 1, ''),
(283, '2009-07-16 18:15:06', 4, 8, '780', 'myrtle14_250_cir.ecw', 1, ''),
(284, '2009-07-16 18:15:57', 4, 8, '781', 'nettle5_250_cir.ecw', 1, ''),
(285, '2009-07-16 18:16:23', 4, 8, '782', 'osage89_250_cir.ecw', 1, ''),
(286, '2009-07-16 18:16:45', 4, 8, '783', 'osterkamp_250_cir.ecw', 1, ''),
(287, '2009-07-16 18:17:14', 4, 8, '784', 'parafw_250_cir.ecw', 1, ''),
(288, '2009-07-16 18:17:46', 4, 8, '785', 'pfisterhreast_250_cir.ecw', 1, ''),
(289, '2009-07-16 18:18:07', 4, 8, '786', 'quatrodm_250_cir.ecw', 1, ''),
(290, '2009-07-16 18:18:28', 4, 8, '787', 'ranchosdh_250_cir.ecw', 1, ''),
(291, '2009-07-16 18:18:46', 4, 8, '788', 'rbw_250_cir.ecw', 1, ''),
(292, '2009-07-16 18:19:03', 4, 8, '789', 'rucker1_125_cir.ecw', 1, ''),
(293, '2009-07-16 18:19:27', 4, 8, '790', 'scheu_250_cir.ecw', 1, ''),
(294, '2009-07-16 18:19:49', 4, 8, '791', 'threeflag2_250_cir.ecw', 1, ''),
(295, '2009-07-16 18:20:10', 4, 8, '792', 'threeflags_250_cir.ecw', 1, ''),
(296, '2009-07-16 18:20:24', 4, 10, 'None', 'ALG', 3, ''),
(297, '2009-07-16 18:24:11', 4, 8, '793', 'alkalinbnx_250_ndvi.ecw', 1, ''),
(298, '2009-07-16 18:24:42', 4, 8, '794', 'claverie_250_ndvi.ecw', 1, ''),
(299, '2009-07-16 18:26:51', 4, 8, '795', 'heritagegolf_125_ndvi.ecw', 1, ''),
(300, '2009-07-16 18:27:38', 4, 8, '796', 'i34_250_ndvi.ecw', 1, ''),
(301, '2009-07-16 18:28:04', 4, 8, '797', 'indiansprings_125_ndvi.ecw', 1, ''),
(302, '2009-07-16 18:28:52', 4, 8, '798', 'j12_250_ndvi.ecw', 1, ''),
(303, '2009-07-16 18:31:20', 4, 8, '799', 'myrtle14_250_ndvi.ecw', 1, ''),
(304, '2009-07-16 18:32:48', 4, 8, '800', 'nettle5_250_ndvi.ecw', 1, ''),
(305, '2009-07-16 18:34:43', 4, 8, '801', 'osage89_250_ndvi.ecw', 1, ''),
(306, '2009-07-16 18:35:10', 4, 8, '802', 'osterkamp_250_ndvi.ecw', 1, ''),
(307, '2009-07-16 18:35:42', 4, 8, '803', 'parafw_250_ndvi.ecw', 1, ''),
(308, '2009-07-16 18:37:52', 4, 8, '804', 'pfisterhreast_250_ndvi.ecw', 1, ''),
(309, '2009-07-16 18:38:59', 4, 8, '805', 'quatrodm_250_ndvi.ecw', 1, ''),
(310, '2009-07-16 18:39:22', 4, 8, '806', 'ranchosdh_250_ndvi.ecw', 1, ''),
(311, '2009-07-16 18:39:47', 4, 8, '807', 'rbw_250_ndvi.ecw', 1, ''),
(312, '2009-07-16 18:40:12', 4, 8, '808', 'rucker1_125_ndvi.ecw', 1, ''),
(313, '2009-07-16 18:40:35', 4, 8, '809', 'scheu_250_ndvi.ecw', 1, ''),
(314, '2009-07-16 18:40:56', 4, 8, '810', 'threeflag2_250_ndvi.ecw', 1, ''),
(315, '2009-07-16 18:41:16', 4, 8, '811', 'threeflags_250_ndvi.ecw', 1, ''),
(316, '2009-07-16 18:42:04', 4, 8, '812', 'alkalinbnx_250_ndvihd.ecw', 1, ''),
(317, '2009-07-16 18:42:31', 4, 8, '813', 'claverie_250_ndvihd.ecw', 1, ''),
(318, '2009-07-16 18:43:31', 4, 8, '814', 'heritagegolf_125_ndvihd.ecw', 1, ''),
(319, '2009-07-16 18:44:14', 4, 8, '815', 'i34_250_ndvihd.ecw', 1, ''),
(320, '2009-07-16 18:44:45', 4, 8, '816', 'indiansprings_125_ndvihd.ecw', 1, ''),
(321, '2009-07-16 18:45:15', 4, 8, '817', 'j12_250_ndvihd.ecw', 1, ''),
(322, '2009-07-16 18:47:06', 4, 8, '818', 'myrtle14_250_ndvihd.ecw', 1, ''),
(323, '2009-07-16 18:47:30', 4, 8, '819', 'nettle5_250_ndvihd.ecw', 1, ''),
(324, '2009-07-16 18:48:29', 4, 8, '820', 'osage89_250_ndvihd.ecw', 1, ''),
(325, '2009-07-16 18:49:04', 4, 8, '821', 'osterkamp_250_ndvihd.ecw', 1, ''),
(326, '2009-07-16 18:49:34', 4, 8, '822', 'parafw_250_ndvihd.ecw', 1, ''),
(327, '2009-07-16 18:50:04', 4, 8, '823', 'pfisterhreast_250_ndvihd.ecw', 1, ''),
(328, '2009-07-16 18:50:26', 4, 8, '824', 'quatrodm_250_ndvihd.ecw', 1, ''),
(329, '2009-07-16 18:51:39', 4, 8, '825', 'ranchosdh_250_ndvihd.ecw', 1, ''),
(330, '2009-07-16 18:52:01', 4, 8, '826', 'rbw_250_ndvihd.ecw', 1, ''),
(331, '2009-07-16 18:52:23', 4, 8, '827', 'rucker1_125_ndvihd.ecw', 1, ''),
(332, '2009-07-16 18:52:43', 4, 8, '828', 'scheu_250_ndvihd.ecw', 1, ''),
(333, '2009-07-16 18:53:06', 4, 8, '829', 'threeflag2_250_ndvihd.ecw', 1, ''),
(334, '2009-07-16 18:53:38', 4, 8, '830', 'threeflags_250_ndvihd.ecw', 1, ''),
(335, '2009-07-16 18:54:22', 4, 8, '831', 'alkalinbnx_250_rgb.ecw', 1, ''),
(336, '2009-07-16 18:54:47', 4, 8, '832', 'claverie_250_rgb.ecw', 1, ''),
(337, '2009-07-16 18:55:13', 4, 8, '833', 'heritagegolf_125_rgb.ecw', 1, ''),
(338, '2009-07-16 18:55:44', 4, 8, '834', 'i34_250_rgb.ecw', 1, ''),
(339, '2009-07-16 18:56:10', 4, 8, '835', 'indiansprings_125_rgb.ecw', 1, ''),
(340, '2009-07-16 18:56:31', 4, 8, '836', 'j12_250_rgb.ecw', 1, ''),
(341, '2009-07-16 18:57:03', 4, 8, '837', 'myrtle14_250_rgb.ecw', 1, ''),
(342, '2009-07-16 18:57:30', 4, 8, '838', 'nettle5_250_rgb.ecw', 1, ''),
(343, '2009-07-16 18:58:05', 4, 8, '839', 'osage89_250_rgb.ecw', 1, ''),
(344, '2009-07-16 18:58:44', 4, 8, '840', 'osterkamp_250_RGB.ecw', 1, ''),
(345, '2009-07-16 19:26:39', 4, 8, '841', 'parafw_250_rgb.ecw', 1, ''),
(346, '2009-07-16 19:26:58', 4, 8, '842', 'pfisterhreast_250_rgb.ecw', 1, ''),
(347, '2009-07-16 19:27:22', 4, 8, '843', 'quatrodm_250_rgb.ecw', 1, ''),
(348, '2009-07-16 19:27:52', 4, 8, '844', 'ranchosdh_250_rgb.ecw', 1, ''),
(349, '2009-07-16 19:28:12', 4, 8, '845', 'rbw_250_rgb.ecw', 1, ''),
(350, '2009-07-16 19:28:36', 4, 8, '846', 'rucker1_125_rgb.ecw', 1, ''),
(351, '2009-07-16 19:28:58', 4, 8, '847', 'scheu_250_rgb.ecw', 1, ''),
(352, '2009-07-16 19:29:16', 4, 8, '848', 'threeflag2_250_rgb.ecw', 1, ''),
(353, '2009-07-16 19:29:36', 4, 8, '849', 'threeflags_250_rgb.ecw', 1, ''),
(354, '2009-07-16 19:41:19', 4, 8, '814', 'heritagegolf_125_ndvihd.ecw', 2, 'Changed user.'),
(355, '2009-07-17 21:53:08', 3, 8, '850', 'thefigtree_250_rgb.ecw', 1, ''),
(356, '2009-07-17 21:54:09', 3, 8, '851', 'thefigtree_250_cir.ecw', 1, ''),
(357, '2009-07-17 21:55:08', 3, 8, '852', 'thefigtree_250_ndvi.ecw', 1, ''),
(358, '2009-07-17 21:55:24', 3, 8, '851', 'thefigtree_250_cir.ecw', 2, 'Changed imgtype.'),
(359, '2009-07-17 21:56:11', 3, 8, '853', 'thefigtree_250_ndvihd.ecw', 1, ''),
(360, '2009-07-17 21:56:21', 3, 8, '852', 'thefigtree_250_ndvi.ecw', 2, 'No fields changed.'),
(361, '2009-07-17 21:57:09', 3, 8, '854', 'vail221_250_rgb.ecw', 1, ''),
(362, '2009-07-17 21:57:50', 3, 8, '855', 'vail221_250_cir.ecw', 1, ''),
(363, '2009-07-17 21:58:32', 3, 8, '856', 'vail221_250_ndvi.ecw', 1, ''),
(364, '2009-07-17 21:59:08', 3, 8, '857', 'vail221_250_ndvihd.ecw', 1, ''),
(365, '2009-07-17 21:59:24', 3, 8, '856', 'vail221_250_ndvi.ecw', 2, 'No fields changed.'),
(366, '2009-07-31 22:01:01', 4, 8, '853', 'thefigtree_250_ndvihd.ecw', 2, 'Changed layer.'),
(367, '2009-08-03 06:24:05', 4, 3, '10', 'randyh', 1, ''),
(368, '2009-08-03 06:24:42', 4, 3, '10', 'randyh', 2, 'Changed first_name, last_name and email.'),
(369, '2009-08-03 06:25:00', 4, 3, '10', 'rholleschau', 2, 'Changed username.'),
(370, '2009-08-03 06:29:05', 4, 9, '55', '55', 1, ''),
(371, '2009-08-03 06:31:45', 4, 8, '858', 'pecanorc_125_cir.ecw', 1, ''),
(372, '2009-08-03 06:32:10', 4, 8, '859', 'pecanorc_125_ndvi.ecw', 1, ''),
(373, '2009-08-03 06:32:51', 4, 8, '860', 'pecanorc_125_ndvihd.ecw', 1, ''),
(374, '2009-08-03 06:33:24', 4, 8, '861', 'pecanorc_125_rgb.ecw', 1, ''),
(375, '2009-08-04 21:59:48', 3, 8, '862', 'alkalin-bn1-bn2_250_rgb.jp2', 1, ''),
(376, '2009-08-04 22:31:35', 3, 8, '863', 'alkalin-bn1-bn2_250_cir.jp2', 1, ''),
(377, '2009-08-04 23:10:31', 4, 9, '36', '36', 2, 'Changed name.'),
(378, '2009-09-13 18:14:00', 3, 8, '864', 'beachhighnw02_250_rgb.jp2', 1, ''),
(379, '2009-09-13 18:22:03', 3, 8, '865', 'beachhighnw02_250_cir.jp2', 1, ''),
(380, '2009-09-13 18:23:15', 3, 8, '866', 'beachhighnw02_250_ndvi.jp2', 1, ''),
(381, '2009-09-13 18:24:10', 3, 8, '867', 'beachhighnw02_250_ndvihd.jp2', 1, ''),
(382, '2009-09-13 22:02:31', 3, 9, '46', 'Beachline / Highline 1', 2, 'No fields changed.'),
(383, '2009-09-13 22:04:33', 3, 9, '56', 'Sharps 103-104', 1, ''),
(384, '2009-09-13 22:08:31', 3, 9, '57', 'Casa Grande', 1, ''),
(385, '2009-09-13 22:12:09', 3, 8, '868', 'beachhighse02_250_cir.jp2', 1, ''),
(386, '2009-09-13 22:12:39', 3, 8, '869', 'casagrande_250_cir.jp2', 1, ''),
(387, '2009-09-13 22:14:18', 3, 8, '870', 'sharps103-104_250_cir.jp2', 1, ''),
(388, '2009-09-13 22:14:52', 3, 8, '871', 'thefigtree02_250_cir.jp2', 1, ''),
(389, '2009-09-13 22:16:07', 3, 8, '872', 'beachhighse02_250_ndvi.jp2', 1, ''),
(390, '2009-09-13 22:16:45', 3, 8, '873', 'casagrande_250_ndvi.jp2', 1, ''),
(391, '2009-09-13 23:21:17', 3, 8, '874', 'sharps103-104_250_ndvi.jp2', 1, ''),
(392, '2009-09-13 23:21:43', 3, 8, '875', 'thefigtree02_250_ndvi.jp2', 1, ''),
(393, '2009-09-13 23:22:21', 3, 8, '876', 'beachhighse02_250_ndvihd.jp2', 1, ''),
(394, '2009-09-13 23:22:37', 3, 8, '877', 'casagrande_250_ndvihd.jp2', 1, ''),
(395, '2009-09-13 23:23:08', 3, 8, '878', 'sharps103-104_250_ndvihd.jp2', 1, ''),
(396, '2009-09-13 23:23:23', 3, 8, '879', 'thefigtree02_250_ndvihd.jp2', 1, ''),
(397, '2009-09-13 23:23:40', 3, 8, '880', 'beachhighse02_250_rgb.jp2', 1, ''),
(398, '2009-09-13 23:23:58', 3, 8, '881', 'casagrande_250_rgb.jp2', 1, ''),
(399, '2009-09-13 23:24:15', 3, 8, '882', 'sharps103-104_250_rgb.jp2', 1, ''),
(400, '2009-09-13 23:24:46', 3, 8, '883', 'thefigtree02_250_rgb.jp2', 1, ''),
(401, '2009-09-13 23:30:44', 3, 8, '883', 'thefigtree02_250_rgb.jp2', 2, 'Changed layer.'),
(402, '2009-09-14 08:27:58', 4, 8, '881', 'casagrande_250_rgb.jp2', 2, 'Changed layer.'),
(403, '2009-09-14 08:28:13', 4, 8, '882', 'sharps103-104_250_rgb.jp2', 2, 'Changed layer.'),
(404, '2009-09-15 00:45:33', 3, 8, '883', 'thefigtree02_250_rgb.jp2', 2, 'No fields changed.'),
(405, '2009-09-15 00:47:01', 3, 8, '883', 'thefigtree02_250_rgb.jp2', 2, 'No fields changed.'),
(406, '2009-09-15 00:49:30', 3, 8, 'None', 'thefigtree02_250_rgb.jp2', 3, ''),
(407, '2009-09-15 00:50:38', 3, 8, '884', 'thefigtree02_250_rgb.jp2', 1, ''),
(408, '2009-09-15 00:53:12', 3, 8, '874', 'sharps103-104_250_ndvi.jp2', 2, 'Changed layer.'),
(409, '2009-09-15 00:53:24', 3, 8, '875', 'thefigtree02_250_ndvi.jp2', 2, 'Changed layer.'),
(410, '2009-09-15 00:53:34', 3, 8, '876', 'beachhighse02_250_ndvihd.jp2', 2, 'Changed layer.'),
(411, '2009-09-15 00:53:46', 3, 8, '877', 'casagrande_250_ndvihd.jp2', 2, 'Changed layer.'),
(412, '2009-09-15 00:53:54', 3, 8, '878', 'sharps103-104_250_ndvihd.jp2', 2, 'Changed layer.'),
(413, '2009-09-15 00:54:02', 3, 8, '879', 'thefigtree02_250_ndvihd.jp2', 2, 'Changed layer.'),
(414, '2009-09-15 00:54:38', 3, 8, '880', 'beachhighse02_250_rgb.jp2', 2, 'Changed layer.'),
(415, '2009-09-22 14:52:07', 4, 9, '57', 'ARP Farms 35-5, 35-6', 2, 'Changed name.'),
(416, '2009-09-22 22:04:23', 3, 8, '885', 'sharps_test_rgb_11ncropped.jp2', 1, ''),
(417, '2009-09-22 22:04:58', 3, 8, '886', 'sharps_test_rgb_11ncropped.jp2', 1, ''),
(418, '2009-09-22 22:05:36', 3, 8, 'None', 'sharps_test_rgb_11ncropped.jp2', 3, ''),
(419, '2009-10-04 17:16:57', 3, 8, '886', 'o-8_250_rgb.jp2', 1, ''),
(420, '2009-10-04 17:35:02', 3, 8, '887', 'o-8_rgb_250b.jp2', 1, ''),
(421, '2009-10-04 21:42:34', 3, 8, '888', 'n4--01_250_rgb.jp2', 1, ''),
(422, '2009-10-04 21:48:26', 3, 8, '889', 'n4--01_250_cir.jp2', 1, ''),
(423, '2009-10-04 21:48:52', 3, 8, '889', 'n4--01_250_cir.jp2', 2, 'Changed layer.'),
(424, '2009-10-04 21:49:31', 3, 8, '890', 'n4--01_250_ndvi.jp2', 1, ''),
(425, '2009-10-04 21:52:00', 3, 8, '891', 'n4--01_250_ndvihd.jp2', 1, ''),
(426, '2009-10-04 22:13:22', 4, 3, '11', 'IID', 1, ''),
(427, '2009-10-04 22:13:34', 4, 3, '12', 'CWD', 1, ''),
(428, '2009-10-04 22:33:07', 3, 9, '56', 'Sharps 103-104', 2, 'No fields changed.'),
(429, '2009-10-04 22:34:38', 3, 9, '58', 'G3', 1, ''),
(430, '2009-10-04 22:37:28', 3, 8, '892', 'g3_250_cir.jp2', 1, ''),
(431, '2009-10-04 22:38:15', 3, 8, '893', 'g3_250_ndvi.jp2', 1, ''),
(432, '2009-10-04 22:38:40', 3, 8, '894', 'g3_250_ndvihd.jp2', 1, ''),
(433, '2009-10-04 22:39:00', 3, 8, '895', 'g3_250_rgb.jp2', 1, ''),
(434, '2009-10-05 11:00:14', 3, 9, '59', 'Casa Grande', 1, ''),
(435, '2009-10-05 11:00:47', 3, 8, '896', 'casagrande_250_cir.jp2', 1, ''),
(436, '2009-10-05 11:01:01', 3, 8, '897', 'casagrande_250_ndvi.jp2', 1, ''),
(437, '2009-10-05 11:01:17', 3, 8, '898', 'casagrande_250_ndvihd.jp2', 1, ''),
(438, '2009-10-05 11:01:37', 3, 8, '899', 'casagrande_250_rgb.jp2', 1, ''),
(439, '2009-10-05 11:28:38', 3, 8, '900', 'o-8_250_cir.jp2', 1, ''),
(440, '2009-10-05 11:29:06', 3, 8, '901', 'o-8_250_cir.jp2', 1, ''),
(441, '2009-10-05 11:30:43', 3, 8, '902', 'o-8_250_ndvi.jp2', 1, ''),
(442, '2009-10-05 11:31:17', 3, 8, '903', 'o-8_250_ndvihd.jp2', 1, ''),
(443, '2009-10-05 11:32:18', 3, 8, '904', 'o-8_250_rgb.jp2', 1, ''),
(444, '2009-10-05 11:32:41', 3, 8, 'None', 'o-8_250_cir.jp2', 3, ''),
(445, '2009-10-05 11:32:58', 3, 8, '901', 'o-8_250_cir.jp2', 2, 'No fields changed.'),
(446, '2009-10-05 11:33:08', 3, 8, '902', 'o-8_250_ndvi.jp2', 2, 'No fields changed.'),
(447, '2009-10-05 11:33:14', 3, 8, '903', 'o-8_250_ndvihd.jp2', 2, 'No fields changed.'),
(448, '2009-10-05 11:33:19', 3, 8, '904', 'o-8_250_rgb.jp2', 2, 'No fields changed.'),
(449, '2009-10-05 12:11:44', 3, 9, '60', 'Osage Citrus', 1, ''),
(450, '2009-10-05 12:12:39', 3, 8, '905', 'osagecit_250_cir.jp2', 1, ''),
(451, '2009-10-05 12:13:03', 3, 8, '906', 'osagecit_250_ndvi.jp2', 1, ''),
(452, '2009-10-05 12:13:25', 3, 8, '907', 'osagecit_250_ndvihd.jp2', 1, ''),
(453, '2009-10-05 12:13:46', 3, 8, '908', 'osagecit_250_rgb.jp2', 1, ''),
(454, '2009-10-05 12:40:29', 3, 8, '909', 'quatrodm_250_rgb.jp2', 1, ''),
(455, '2009-10-05 12:40:52', 3, 8, '910', 'quatrodm_250_ndvihd.jp2', 1, ''),
(456, '2009-10-05 12:41:12', 3, 8, '911', 'quatrodm_250_ndvi.jp2', 1, ''),
(457, '2009-10-05 12:41:35', 3, 8, '912', 'quatrodm_250_cir.jp2', 1, ''),
(458, '2009-10-05 12:41:52', 3, 8, '909', 'quatrodm_250_rgb.jp2', 2, 'No fields changed.'),
(459, '2009-10-05 12:42:02', 3, 8, '910', 'quatrodm_250_ndvihd.jp2', 2, 'No fields changed.'),
(460, '2009-10-05 12:42:09', 3, 8, '911', 'quatrodm_250_ndvi.jp2', 2, 'No fields changed.'),
(461, '2009-10-05 12:42:15', 3, 8, '912', 'quatrodm_250_cir.jp2', 2, 'No fields changed.'),
(462, '2009-10-05 13:01:25', 3, 8, '913', 'ranchosdh_250_cir.jp2', 1, ''),
(463, '2009-10-05 13:01:47', 3, 8, '914', 'ranchosdh_250_ndvi.jp2', 1, ''),
(464, '2009-10-05 13:02:06', 3, 8, '915', 'ranchosdh_250_ndvihd.jp2', 1, ''),
(465, '2009-10-05 13:02:25', 3, 8, '916', 'ranchosdh_250_rgb.jp2', 1, ''),
(466, '2009-10-05 13:13:17', 3, 8, '917', 'scheu_250_cir.jp2', 1, ''),
(467, '2009-10-05 13:13:34', 3, 8, '918', 'scheu_250_ndvi.jp2', 1, ''),
(468, '2009-10-05 13:13:52', 3, 8, '919', 'scheu_250_ndvihd.jp2', 1, ''),
(469, '2009-10-05 13:14:09', 3, 8, '920', 'scheu_250_rgb.jp2', 1, ''),
(470, '2009-10-05 13:55:35', 4, 9, '9', 'Cuatro Del Mar', 2, 'Changed name.'),
(471, '2009-10-05 14:24:35', 3, 8, '921', 'sharps103-104_250_cir.jp2', 1, ''),
(472, '2009-10-05 14:24:55', 3, 8, '922', 'sharps103-104_250_ndvi.jp2', 1, ''),
(473, '2009-10-05 14:25:19', 3, 8, '923', 'sharps103-104_250_ndvihd.jp2', 1, ''),
(474, '2009-10-05 14:25:37', 3, 8, '924', 'sharps103-104_250_rgb.jp2', 1, ''),
(475, '2009-10-05 21:16:44', 3, 9, '61', 'Desert Delight', 1, ''),
(476, '2009-10-05 21:17:31', 3, 8, '925', 'desertdel_250_cir.jp2', 1, ''),
(477, '2009-10-05 21:17:53', 3, 8, '926', 'desertdel_250_ndvi.jp2', 1, ''),
(478, '2009-10-05 21:18:21', 3, 8, '927', 'desertdel_250_ndvihd.jp2', 1, ''),
(479, '2009-10-05 21:18:55', 3, 8, '928', 'desertdel_250_rgb.jp2', 1, ''),
(480, '2009-10-05 22:10:17', 4, 9, '62', 'IID Marsh Land Reclamation', 1, ''),
(481, '2009-10-05 22:10:38', 4, 8, '929', 'iid-marshrec_250_rgb.jp2', 1, ''),
(482, '2009-10-05 22:11:11', 4, 8, '930', 'iid-marshrec_250_cir.jp2', 1, ''),
(483, '2009-10-05 22:11:37', 4, 8, '931', 'iid-marshrec_250_ndvi.jp2', 1, ''),
(484, '2009-10-05 22:12:13', 4, 8, '932', 'iid-marshrec_250_ndvihd.jp2', 1, ''),
(485, '2009-10-06 07:36:44', 4, 8, '896', 'casagrande_250_cir.jp2', 2, 'Changed property.'),
(486, '2009-10-06 07:36:55', 4, 8, '897', 'casagrande_250_ndvi.jp2', 2, 'Changed property.'),
(487, '2009-10-06 07:37:03', 4, 8, '898', 'casagrande_250_ndvihd.jp2', 2, 'Changed property.'),
(488, '2009-10-06 07:37:11', 4, 8, '899', 'casagrande_250_rgb.jp2', 2, 'Changed property.'),
(489, '2009-10-06 07:37:51', 4, 9, 'None', 'Casa Grande', 3, ''),
(490, '2009-10-06 22:29:05', 4, 3, '12', 'CVWD', 2, 'Changed username.'),
(491, '2009-10-06 23:29:39', 3, 9, '63', 'CVWD Recharge', 1, ''),
(492, '2009-10-06 23:31:16', 3, 8, '933', 'cvwd-recharge_125_rgb.jp2', 1, ''),
(493, '2009-10-07 00:22:54', 4, 8, '929', 'iid-marshrec_250_rgb.jp2', 2, 'Changed layer.'),
(494, '2009-10-07 00:23:19', 3, 8, '934', 'cvwd-recharge_125_cir.jp2', 1, ''),
(495, '2009-10-07 00:24:28', 3, 8, '935', 'cvwd-recharge_125_ndvi.jp2', 1, ''),
(496, '2009-10-07 00:24:56', 3, 8, '936', 'cvwd-recharge_125_ndvihd.jp2', 1, ''),
(497, '2009-10-07 14:54:51', 3, 9, '64', 'Marriot Desert Springs Resort', 1, ''),
(498, '2009-10-07 14:56:12', 3, 9, '65', 'Marriot Shadow Ridge', 1, ''),
(499, '2009-10-07 14:57:15', 3, 8, '937', 'mardesgolf_125_cir.jp2', 1, ''),
(500, '2009-10-07 14:57:44', 3, 8, '938', 'marshagolf_125_cir.jp2', 1, ''),
(501, '2009-10-07 14:58:35', 3, 8, '939', 'mardesgolf_125_ndvi.jp2', 1, ''),
(502, '2009-10-07 14:59:00', 3, 8, '940', 'marshagolf_125_ndvi.jp2', 1, ''),
(503, '2009-10-07 14:59:42', 3, 8, '941', 'mardesgolf_125_ndvihd.jp2', 1, ''),
(504, '2009-10-07 15:00:10', 3, 8, '942', 'marshagolf_125_ndvihd.jp2', 1, ''),
(505, '2009-10-07 15:00:37', 3, 8, '943', 'mardesgolf_125_rgb.jp2', 1, ''),
(506, '2009-10-07 15:01:01', 3, 8, '944', 'marshagolf_125_rgb.jp2', 1, ''),
(507, '2009-10-07 18:50:12', 3, 8, '945', 'indianheritage_125_cir.jp2', 1, ''),
(508, '2009-10-07 18:50:35', 3, 8, '946', 'indianheritage_125_ndvi.jp2', 1, ''),
(509, '2009-10-07 18:51:05', 3, 8, '947', 'indianheritage_125_ndvihd.jp2', 1, ''),
(510, '2009-10-07 18:51:25', 3, 8, '948', 'indianheritage_125_rgb.jp2', 1, ''),
(511, '2009-10-07 20:08:17', 3, 9, '66', 'La Quinta Country Club', 1, ''),
(512, '2009-10-07 20:08:53', 3, 8, '949', 'laquinta_125_cir.jp2', 1, ''),
(513, '2009-10-07 20:09:13', 3, 8, '950', 'laquinta_125_ndvi.jp2', 1, ''),
(514, '2009-10-07 20:09:31', 3, 8, '951', 'laquinta_125_ndvihd.jp2', 1, ''),
(515, '2009-10-07 20:09:48', 3, 8, '952', 'laquinta_125_rgb.jp2', 1, ''),
(516, '2009-10-10 10:10:18', 4, 8, '952', 'laquinta_125_rgb.jp2', 2, 'Changed user.'),
(517, '2009-10-10 10:10:28', 4, 8, '951', 'laquinta_125_ndvihd.jp2', 2, 'Changed user.'),
(518, '2009-10-10 10:10:38', 4, 8, '950', 'laquinta_125_ndvi.jp2', 2, 'Changed user.'),
(519, '2009-10-10 10:10:47', 4, 8, '949', 'laquinta_125_cir.jp2', 2, 'Changed user.'),
(520, '2009-10-10 10:11:02', 4, 8, '948', 'indianheritage_125_rgb.jp2', 2, 'Changed user.'),
(521, '2009-10-10 10:11:10', 4, 8, '947', 'indianheritage_125_ndvihd.jp2', 2, 'Changed user.'),
(522, '2009-10-10 10:11:16', 4, 8, '946', 'indianheritage_125_ndvi.jp2', 2, 'Changed user.'),
(523, '2009-10-10 10:11:24', 4, 8, '945', 'indianheritage_125_cir.jp2', 2, 'Changed user.'),
(524, '2009-10-10 10:11:55', 4, 3, '13', 'Marriot', 1, ''),
(525, '2009-10-10 10:11:59', 4, 8, '944', 'marshagolf_125_rgb.jp2', 2, 'Changed user.'),
(526, '2009-10-10 10:12:13', 4, 8, '943', 'mardesgolf_125_rgb.jp2', 2, 'Changed user.'),
(527, '2009-10-10 10:12:20', 4, 8, '942', 'marshagolf_125_ndvihd.jp2', 2, 'Changed user.'),
(528, '2009-10-10 10:12:28', 4, 8, '940', 'marshagolf_125_ndvi.jp2', 2, 'Changed user.'),
(529, '2009-10-10 10:12:37', 4, 8, '939', 'mardesgolf_125_ndvi.jp2', 2, 'Changed user.'),
(530, '2009-10-10 10:12:47', 4, 8, '941', 'mardesgolf_125_ndvihd.jp2', 2, 'Changed user.'),
(531, '2009-10-10 10:13:01', 4, 8, '939', 'mardesgolf_125_ndvi.jp2', 2, 'No fields changed.'),
(532, '2009-10-10 10:13:09', 4, 8, '938', 'marshagolf_125_cir.jp2', 2, 'Changed user.'),
(533, '2009-10-10 10:13:20', 4, 8, '937', 'mardesgolf_125_cir.jp2', 2, 'Changed user.'),
(534, '2009-10-13 20:16:47', 4, 9, '66', 'La Quinta Country Club', 2, 'Changed user.'),
(535, '2009-10-13 20:17:07', 4, 9, '42', 'Rancho La Quinta Country Club', 2, 'No fields changed.'),
(536, '2009-10-13 20:17:43', 4, 9, '65', 'Marriot Shadow Ridge', 2, 'Changed user.'),
(537, '2009-10-13 20:17:48', 4, 9, '64', 'Marriot Desert Springs Resort', 2, 'Changed user.'),
(538, '2009-10-13 20:17:52', 4, 9, '63', 'CVWD Recharge', 2, 'No fields changed.'),
(539, '2009-10-13 20:17:56', 4, 9, '62', 'IID Marsh Land Reclamation', 2, 'No fields changed.'),
(540, '2009-10-13 20:18:02', 4, 9, '57', 'ARP Farms 35-5, 35-6', 2, 'No fields changed.'),
(541, '2009-10-13 21:40:12', 3, 9, '67', 'La Quinta Dunes', 1, ''),
(542, '2009-10-13 21:41:23', 3, 8, '953', 'laquintadunes_125_cir.jp2', 1, ''),
(543, '2009-10-13 21:41:45', 3, 8, '954', 'laquintadunes_125_ndvi.jp2', 1, ''),
(544, '2009-10-13 21:42:04', 3, 8, '955', 'laquintadunes_125_ndvihd.jp2', 1, ''),
(545, '2009-10-13 21:42:22', 3, 8, '956', 'laquintadunes_125_rgb.jp2', 1, ''),
(546, '2009-10-13 21:43:00', 3, 8, '956', 'laquintadunes_125_rgb.jp2', 2, 'Changed user.'),
(547, '2009-10-13 21:43:07', 3, 8, '955', 'laquintadunes_125_ndvihd.jp2', 2, 'Changed user.'),
(548, '2009-10-13 21:43:17', 3, 8, '954', 'laquintadunes_125_ndvi.jp2', 2, 'Changed user.'),
(549, '2009-10-13 21:43:25', 3, 8, '953', 'laquintadunes_125_cir.jp2', 2, 'Changed user.'),
(550, '2009-10-13 21:46:01', 3, 9, '67', 'La Quinta Dunes', 2, 'Changed user.'),
(551, '2009-10-13 22:17:02', 3, 9, '68', 'LA Quinta Mountain Course', 1, ''),
(552, '2009-10-13 22:17:35', 3, 8, '957', 'laquintamountain_125_cir.jp2', 1, ''),
(553, '2009-10-13 22:18:00', 3, 8, '958', 'laquintamountain_125_ndvi.jp2', 1, ''),
(554, '2009-10-13 22:18:22', 3, 8, '959', 'laquintamountain_125_ndvihd.jp2', 1, ''),
(555, '2009-10-13 22:18:51', 3, 8, '960', 'laquintamountain_125_rgb.jp2', 1, ''),
(556, '2009-10-13 22:18:56', 3, 8, '960', 'laquintamountain_125_rgb.jp2', 2, 'No fields changed.'),
(557, '2009-10-13 22:19:00', 3, 8, '959', 'laquintamountain_125_ndvihd.jp2', 2, 'No fields changed.'),
(558, '2009-10-13 22:19:04', 3, 8, '958', 'laquintamountain_125_ndvi.jp2', 2, 'No fields changed.'),
(559, '2009-10-13 22:19:08', 3, 8, '957', 'laquintamountain_125_cir.jp2', 2, 'No fields changed.'),
(560, '2009-10-13 23:02:57', 3, 8, '961', 'laquintacountryclub_125_cir.jp2', 1, ''),
(561, '2009-10-13 23:03:17', 3, 8, '962', 'laquintacountryclub_125_ndvi.jp2', 1, ''),
(562, '2009-10-13 23:03:32', 3, 8, '963', 'laquintacountryclub_125_ndvihd.jp2', 1, ''),
(563, '2009-10-13 23:03:50', 3, 8, '964', 'laquintacountryclub_125_rgb.jp2', 1, ''),
(564, '2009-10-13 23:21:56', 3, 9, '69', 'Marriot Rancho Las Palmas', 1, ''),
(565, '2009-10-13 23:23:23', 3, 8, '965', 'heritpalms_125_cir.jp2', 1, ''),
(566, '2009-10-13 23:23:42', 3, 8, '966', 'indsprings_125_cir.jp2', 1, ''),
(567, '2009-10-13 23:24:01', 3, 8, '967', 'marrangolf_125_cir.jp2', 1, ''),
(568, '2009-10-13 23:24:18', 3, 8, '968', 'heritpalms_125_ndvi.jp2', 1, ''),
(569, '2009-10-13 23:24:37', 3, 8, '969', 'indsprings_125_ndvi.jp2', 1, ''),
(570, '2009-10-13 23:25:11', 3, 8, '970', 'marrangolf_125_ndvi.jp2', 1, ''),
(571, '2009-10-13 23:25:29', 3, 8, '967', 'marrangolf_125_cir.jp2', 2, 'Changed property.'),
(572, '2009-10-13 23:25:53', 3, 8, '971', 'marrangolf_125_ndvihd.jp2', 1, ''),
(573, '2009-10-13 23:26:10', 3, 8, '972', 'indsprings_125_ndvihd.jp2', 1, ''),
(574, '2009-10-13 23:26:26', 3, 8, '973', 'heritpalms_125_ndvihd.jp2', 1, ''),
(575, '2009-10-13 23:26:43', 3, 8, '974', 'heritpalms_125_rgb.jp2', 1, ''),
(576, '2009-10-13 23:26:58', 3, 8, '975', 'indsprings_125_rgb.jp2', 1, ''),
(577, '2009-10-13 23:27:16', 3, 8, '976', 'marrangolf_125_rgb.jp2', 1, ''),
(578, '2009-10-14 21:27:30', 4, 8, '319', 'Salton_City_Pass_1_2_3_4_Georef_250.ecw', 2, 'Changed user.'),
(579, '2009-10-14 21:29:35', 4, 8, '319', 'Salton_City_Pass_1_2_3_4_Georef_250.ecw', 2, 'No fields changed.'),
(580, '2009-10-14 21:29:52', 4, 9, '4', 'Salton City', 2, 'Changed user.'),
(581, '2009-10-15 23:45:09', 3, 9, '70', 'Dos Palm Mitigation', 1, ''),
(582, '2009-10-15 23:47:18', 3, 8, '977', 'dospalmmit_250_cir.jp2', 1, ''),
(583, '2009-10-15 23:47:44', 3, 8, '978', 'dospalmmit_250_ndvi.jp2', 1, ''),
(584, '2009-10-15 23:48:04', 3, 8, '979', 'dospalmmit_250_ndvihd.jp2', 1, ''),
(585, '2009-10-15 23:48:20', 3, 8, '980', 'dospalmmit_250_rgb.jp2', 1, ''),
(586, '2009-10-16 00:52:19', 3, 9, '70', 'Dos Palm Mitigation', 2, 'Changed resolution.'),
(587, '2009-10-16 00:52:39', 3, 9, '70', 'Dos Palm Mitigation', 2, 'No fields changed.'),
(588, '2009-10-16 08:42:18', 4, 9, '70', 'Dos Palm Mitigation - 10 inch', 2, 'Changed name.'),
(589, '2009-10-16 08:43:32', 4, 9, '63', 'CVWD Recharge - 6 inch', 2, 'Changed name.'),
(590, '2009-10-16 08:43:48', 4, 9, '4', 'Salton City - 18 inch', 2, 'Changed name.'),
(591, '2009-10-16 08:44:03', 4, 9, '68', 'LA Quinta Mountain Course - 5 inch', 2, 'Changed name.'),
(592, '2009-10-16 08:44:10', 4, 9, '63', 'CVWD Recharge - 5 inch', 2, 'Changed name.'),
(593, '2009-10-16 08:44:26', 4, 9, '68', 'LA Quinta Mountain Course - 5 inch', 2, 'Changed user.'),
(594, '2009-10-16 08:44:43', 4, 8, '960', 'laquintamountain_125_rgb.jp2', 2, 'Changed user.');
INSERT INTO `django_admin_log` (`id`, `action_time`, `user_id`, `content_type_id`, `object_id`, `object_repr`, `action_flag`, `change_message`) VALUES
(595, '2009-10-16 08:44:52', 4, 8, '959', 'laquintamountain_125_ndvihd.jp2', 2, 'Changed user.'),
(596, '2009-10-16 08:44:59', 4, 8, '958', 'laquintamountain_125_ndvi.jp2', 2, 'Changed user.'),
(597, '2009-10-16 08:45:11', 4, 8, '957', 'laquintamountain_125_cir.jp2', 2, 'Changed user.'),
(598, '2009-10-16 08:47:33', 4, 9, '68', 'LA Quinta Mountain Course', 2, 'Changed user and name.'),
(599, '2009-10-16 08:47:42', 4, 9, '66', 'La Quinta Country Club - 5 inch', 2, 'Changed name.'),
(600, '2009-10-16 08:47:52', 4, 8, '964', 'laquintacountryclub_125_rgb.jp2', 2, 'Changed user.'),
(601, '2009-10-16 08:47:57', 4, 8, '963', 'laquintacountryclub_125_ndvihd.jp2', 2, 'Changed user.'),
(602, '2009-10-16 08:48:02', 4, 8, '962', 'laquintacountryclub_125_ndvi.jp2', 2, 'Changed user.'),
(603, '2009-10-16 08:48:09', 4, 8, '961', 'laquintacountryclub_125_cir.jp2', 2, 'Changed user.'),
(604, '2009-10-16 08:48:20', 4, 9, '66', 'La Quinta Country Club - 5 inch', 2, 'Changed user.'),
(605, '2009-10-16 09:46:31', 4, 9, '70', 'Dos Palms Mitigation - 10 inch', 2, 'Changed name.'),
(606, '2009-10-16 09:47:04', 4, 9, '63', 'Thomas Levy Recharge - 5 inch', 2, 'Changed name.'),
(607, '2009-10-16 09:47:48', 4, 9, '70', 'Dos Palmas Mitigation - 10 inch', 2, 'Changed name.'),
(608, '2009-10-18 15:27:00', 3, 8, '981', 'desertdel_250_cir.jp2', 1, ''),
(609, '2009-10-18 15:27:14', 3, 8, '982', 'desertdel_250_ndvi.jp2', 1, ''),
(610, '2009-10-18 15:27:29', 3, 8, '983', 'desertdel_250_ndvihd.jp2', 1, ''),
(611, '2009-10-18 15:27:41', 3, 8, '984', 'desertdel_250_rgb.jp2', 1, ''),
(612, '2009-10-18 17:42:05', 3, 9, '71', 'Benson Tri476A', 1, ''),
(613, '2009-10-18 17:43:42', 3, 8, '985', 'bensent467a_250_cir.jp2', 1, ''),
(614, '2009-10-18 17:44:00', 3, 8, '986', 'bensent467a_250_ndvi.jp2', 1, ''),
(615, '2009-10-18 17:44:15', 3, 8, '987', 'bensent467a_250_ndvihd.jp2', 1, ''),
(616, '2009-10-18 17:44:32', 3, 8, '988', 'bensent467a_250_rgb.jp2', 1, ''),
(617, '2009-10-18 19:10:15', 3, 8, '989', 'sharps103-104_250_cir.jp2', 1, ''),
(618, '2009-10-18 19:10:42', 3, 8, '990', 'sharps103-104_250_ndvi.jp2', 1, ''),
(619, '2009-10-18 19:10:59', 3, 8, '991', 'sharps103-104_250_ndvihd.jp2', 1, ''),
(620, '2009-10-18 19:11:19', 3, 8, '992', 'sharps103-104_250_rgb.jp2', 1, ''),
(621, '2009-10-18 19:26:57', 3, 8, '993', 'n4_250_cir.jp2', 1, ''),
(622, '2009-10-18 19:27:09', 3, 8, '994', 'n4_250_ndvi.jp2', 1, ''),
(623, '2009-10-18 19:27:22', 3, 8, '995', 'n4_250_ndvihd.jp2', 1, ''),
(624, '2009-10-18 19:27:34', 3, 8, '996', 'n4_250_rgb.jp2', 1, ''),
(625, '2009-10-18 20:41:19', 3, 8, '997', 'g3_250_cir.jp2', 1, ''),
(626, '2009-10-18 20:41:32', 3, 8, '998', 'g3_250_ndvi.jp2', 1, ''),
(627, '2009-10-18 20:41:45', 3, 8, '999', 'g3_250_ndvihd.jp2', 1, ''),
(628, '2009-10-18 20:42:03', 3, 8, '1000', 'g3_250_rgb.jp2', 1, ''),
(629, '2009-10-18 21:00:39', 3, 8, '1001', 'iidmarchrec_250_cir.jp2', 1, ''),
(630, '2009-10-18 21:00:56', 3, 8, '1002', 'iidmarchrec_250_ndvi.jp2', 1, ''),
(631, '2009-10-18 21:01:27', 3, 8, '1003', 'iidmarchrec_250_ndvihd.jp2', 1, ''),
(632, '2009-10-18 21:01:47', 3, 8, '1004', 'iidmarchrec_250_rgb.jp2', 1, ''),
(633, '2009-10-18 21:27:52', 3, 8, '1005', 'ranchosdh_250_cir.jp2', 1, ''),
(634, '2009-10-18 21:29:18', 3, 8, '1006', 'ranchosdh_250_cir.jp2', 1, ''),
(635, '2009-10-18 21:29:32', 3, 8, '1007', 'ranchosdh_250_ndvi.jp2', 1, ''),
(636, '2009-10-18 21:30:01', 3, 8, '1008', 'ranchosdh_250_ndvihd.jp2', 1, ''),
(637, '2009-10-18 21:30:24', 3, 8, '1009', 'ranchosdh_250_rgb.jp2', 1, ''),
(638, '2009-10-18 21:50:34', 3, 8, '1010', 'o8_250_cir.jp2', 1, ''),
(639, '2009-10-18 21:50:48', 3, 8, '1011', 'o8_250_ndvi.jp2', 1, ''),
(640, '2009-10-18 21:51:13', 3, 8, '1012', 'o8_250_ndvihd.jp2', 1, ''),
(641, '2009-10-18 21:51:42', 3, 8, '1013', 'o8_250_rgb.jp2', 1, ''),
(642, '2009-10-18 22:11:37', 3, 8, '1014', 'scheu_250_cir.jp2', 1, ''),
(643, '2009-10-18 22:11:49', 3, 8, '1015', 'scheu_250_ndvi.jp2', 1, ''),
(644, '2009-10-18 22:12:01', 3, 8, '1016', 'scheu_250_ndvihd.jp2', 1, ''),
(645, '2009-10-18 22:12:15', 3, 8, '1017', 'scheu_250_rgb.jp2', 1, ''),
(646, '2009-10-18 22:38:35', 3, 8, '1018', 'quatrodm_250_cir.jp2', 1, ''),
(647, '2009-10-18 22:38:54', 3, 8, '1019', 'quatrodm_250_ndvi.jp2', 1, ''),
(648, '2009-10-18 22:39:12', 3, 8, '1020', 'quatrodm_250_ndvihd.jp2', 1, ''),
(649, '2009-10-18 22:39:28', 3, 8, '1021', 'quatrodm_250_rgb.jp2', 1, ''),
(650, '2009-10-19 11:34:37', 3, 8, '981', '20091017_desertdel_250_cir.jp2', 2, 'Changed name and layer.'),
(651, '2009-10-19 11:35:12', 3, 8, '982', '20091017_desertdel_250_ndvi.jp2', 2, 'Changed name and layer.'),
(652, '2009-10-19 11:35:27', 3, 8, '983', '20091017_desertdel_250_ndvihd.jp2', 2, 'Changed name and layer.'),
(653, '2009-10-19 11:35:40', 3, 8, '984', '20091017_desertdel_250_rgb.jp2', 2, 'Changed name and layer.'),
(654, '2009-10-19 11:35:56', 3, 8, '985', '20091017_bensent467a_250_cir.jp2', 2, 'Changed name and layer.'),
(655, '2009-10-19 11:36:11', 3, 8, '986', '20091017_bensent467a_250_ndvi.jp2', 2, 'Changed name and layer.'),
(656, '2009-10-19 11:36:20', 3, 8, '987', '20091017_bensent467a_250_ndvihd.jp2', 2, 'Changed name and layer.'),
(657, '2009-10-19 11:36:31', 3, 8, '988', '20091017_bensent467a_250_rgb.jp2', 2, 'Changed name and layer.'),
(658, '2009-10-19 11:36:44', 3, 8, '989', '20091017_sharps103-104_250_cir.jp2', 2, 'Changed name and layer.'),
(659, '2009-10-19 11:36:53', 3, 8, '990', '20091017_sharps103-104_250_ndvi.jp2', 2, 'Changed name and layer.'),
(660, '2009-10-19 11:37:04', 3, 8, '991', '20091017_sharps103-104_250_ndvihd.jp2', 2, 'Changed name and layer.'),
(661, '2009-10-19 11:37:13', 3, 8, '992', '20091017_sharps103-104_250_rgb.jp2', 2, 'Changed name and layer.'),
(662, '2009-10-19 11:37:24', 3, 8, '993', '20091017_n4_250_cir.jp2', 2, 'Changed name and layer.'),
(663, '2009-10-19 11:37:33', 3, 8, '994', '20091017_n4_250_ndvi.jp2', 2, 'Changed name and layer.'),
(664, '2009-10-19 11:37:43', 3, 8, '995', '20091017_n4_250_ndvihd.jp2', 2, 'Changed name and layer.'),
(665, '2009-10-19 11:37:55', 3, 8, '996', '20091017_n4_250_rgb.jp2', 2, 'Changed name and layer.'),
(666, '2009-10-19 11:38:08', 3, 8, '997', '20091017_g3_250_cir.jp2', 2, 'Changed name and layer.'),
(667, '2009-10-19 11:38:20', 3, 8, '998', '20091017_g3_250_ndvi.jp2', 2, 'Changed name and layer.'),
(668, '2009-10-19 11:38:30', 3, 8, '999', '20091017_g3_250_ndvihd.jp2', 2, 'Changed name and layer.'),
(669, '2009-10-19 11:38:40', 3, 8, '1000', '20091017_g3_250_rgb.jp2', 2, 'Changed name and layer.'),
(670, '2009-10-19 11:38:49', 3, 8, '1001', '20091017_iidmarchrec_250_cir.jp2', 2, 'Changed name and layer.'),
(671, '2009-10-19 11:38:58', 3, 8, '1002', '20091017_iidmarchrec_250_ndvi.jp2', 2, 'Changed name and layer.'),
(672, '2009-10-19 11:39:09', 3, 8, '1003', '20091017_iidmarchrec_250_ndvihd.jp2', 2, 'Changed name and layer.'),
(673, '2009-10-19 11:39:20', 3, 8, '1004', '20091017_iidmarchrec_250_rgb.jp2', 2, 'Changed name and layer.'),
(674, '2009-10-19 11:39:31', 3, 8, '1005', '20091017_ranchosdh_250_cir.jp2', 2, 'Changed name and layer.'),
(675, '2009-10-19 11:39:46', 3, 8, '1006', '20091017_ranchosdh_250_cir.jp2', 2, 'Changed name and layer.'),
(676, '2009-10-19 11:39:57', 3, 8, '1007', '20091017_ranchosdh_250_ndvi.jp2', 2, 'Changed name and layer.'),
(677, '2009-10-19 11:40:06', 3, 8, '1008', '20091017_ranchosdh_250_ndvihd.jp2', 2, 'Changed name and layer.'),
(678, '2009-10-19 11:40:14', 3, 8, '1009', '20091017_ranchosdh_250_rgb.jp2', 2, 'Changed name and layer.'),
(679, '2009-10-19 11:40:24', 3, 8, '1010', '20091017_o8_250_cir.jp2', 2, 'Changed name and layer.'),
(680, '2009-10-19 11:40:32', 3, 8, '1011', '20091017_o8_250_ndvi.jp2', 2, 'Changed name and layer.'),
(681, '2009-10-19 11:40:42', 3, 8, '1012', '20091017_o8_250_ndvihd.jp2', 2, 'Changed name and layer.'),
(682, '2009-10-19 11:40:56', 3, 8, '1013', '20091017_o8_250_rgb.jp2', 2, 'Changed name and layer.'),
(683, '2009-10-19 11:41:07', 3, 8, '1014', '20091017_scheu_250_cir.jp2', 2, 'Changed name and layer.'),
(684, '2009-10-19 11:41:18', 3, 8, '1015', '20091017_scheu_250_ndvi.jp2', 2, 'Changed name and layer.'),
(685, '2009-10-19 11:41:28', 3, 8, '1016', '20091017_scheu_250_ndvihd.jp2', 2, 'Changed name and layer.'),
(686, '2009-10-19 11:41:39', 3, 8, '1017', '20091017_scheu_250_rgb.jp2', 2, 'Changed name and layer.'),
(687, '2009-10-19 11:41:48', 3, 8, '1018', '20091017_quatrodm_250_cir.jp2', 2, 'Changed name and layer.'),
(688, '2009-10-19 11:41:57', 3, 8, '1019', '20091017_quatrodm_250_ndvi.jp2', 2, 'Changed name and layer.'),
(689, '2009-10-19 11:42:12', 3, 8, '1020', '20091017_quatrodm_250_ndvihd.jp2', 2, 'Changed name and layer.'),
(690, '2009-10-19 11:42:23', 3, 8, '1021', '20091017_quatrodm_250_rgb.jp2', 2, 'Changed name and layer.'),
(691, '2009-10-19 12:01:11', 3, 8, '1005', '20091017_ranchosdh_250_cir_crop.jp2', 2, 'Changed name and layer.'),
(692, '2009-10-19 12:01:25', 3, 8, '1006', '20091017_ranchosdh_250_cir_crop.jp2', 2, 'Changed name and layer.'),
(693, '2009-10-19 12:01:45', 3, 8, '1007', '20091017_ranchosdh_250_ndvi_crop.jp2', 2, 'Changed name and layer.'),
(694, '2009-10-19 12:01:59', 3, 8, '1008', '20091017_ranchosdh_250_ndvihd_crop.jp2', 2, 'Changed name and layer.'),
(695, '2009-10-19 12:02:25', 3, 8, '1009', '20091017_ranchosdh_250_rgb_crop.jp2', 2, 'Changed name and layer.'),
(696, '2009-10-19 12:02:55', 3, 8, 'None', '20091017_ranchosdh_250_cir_crop.jp2', 3, ''),
(697, '2009-10-19 18:48:23', 4, 8, '1009', '20091017_ranchosdh_250_rgb_crop.jp2', 2, 'Changed layer.'),
(698, '2009-10-19 23:15:27', 3, 9, '72', 'Ohmar 9', 1, ''),
(699, '2009-10-19 23:16:08', 3, 8, '1022', '20091017_Ohmar9_250_cir.jp2', 1, ''),
(700, '2009-10-19 23:16:27', 3, 8, '1023', '20091017_Ohmar9_250_ndvi.jp2', 1, ''),
(701, '2009-10-19 23:16:46', 3, 8, '1024', '20091017_Ohmar9_250_ndvihd.jp2', 1, ''),
(702, '2009-10-19 23:17:05', 3, 8, '1025', '20091017_Ohmar9_250_rgb.jp2', 1, ''),
(703, '2009-10-20 09:15:32', 1, 8, '1009', '20091017_ranchosdh_250_rgb_crop.jp2', 2, 'Changed imgtype.'),
(704, '2009-10-20 09:16:59', 1, 8, '1009', '20091017_ranchosdh_250_rgb_crop.jp2', 2, 'No fields changed.'),
(705, '2009-10-21 17:26:55', 3, 8, '1026', 'indsprings1017_125_cir.jp2', 1, ''),
(706, '2009-10-21 17:27:19', 3, 8, '1027', 'indsprings1017_125_ndvi.jp2', 1, ''),
(707, '2009-10-21 17:27:39', 3, 8, '1028', 'indsprings1017_125_ndvihd.jp2', 1, ''),
(708, '2009-10-21 17:28:02', 3, 8, '1029', 'indsprings1017_125_rgb.jp2', 1, ''),
(709, '2009-10-21 21:00:48', 3, 8, '1030', '20091017_ARP Farms_250_cir.jp2', 1, ''),
(710, '2009-10-21 21:01:23', 3, 8, '1031', '20091017_casagrande_250_cir.jp2', 1, ''),
(711, '2009-10-21 21:01:38', 3, 8, '1032', '20091017_casagrande_250_ndvi.jp2', 1, ''),
(712, '2009-10-21 21:01:54', 3, 8, '1033', '20091017_casagrande_250_ndvihd.jp2', 1, ''),
(713, '2009-10-21 21:02:10', 3, 8, '1034', '20091017_casagrande_250_rgb.jp2', 1, ''),
(714, '2009-10-21 21:02:26', 3, 8, 'None', '20091017_ARP Farms_250_cir.jp2', 3, ''),
(715, '2009-10-21 22:44:05', 3, 8, '1035', '20091017_heritagepalms_125_cir.jp2', 1, ''),
(716, '2009-10-21 22:44:25', 3, 8, '1036', '20091017_heritagepalms_125_ndvi.jp2', 1, ''),
(717, '2009-10-21 22:44:45', 3, 8, '1037', '20091017_heritagepalms_125_ndvihd.jp2', 1, ''),
(718, '2009-10-21 22:45:12', 3, 8, '1038', '20091017_heritagepalms_125_rgb.jp2', 1, ''),
(719, '2009-10-21 22:49:45', 3, 8, '1039', '20091017_cvwdrecharge_125_cir.jp2', 1, ''),
(720, '2009-10-21 22:50:12', 3, 8, '1040', '20091017_cvwdrecharge_125_ndvi.jp2', 1, ''),
(721, '2009-10-21 22:50:43', 3, 8, '1041', '20091017_cvwdrecharge_125_ndvihd.jp2', 1, ''),
(722, '2009-10-21 22:51:52', 3, 8, '1042', '20091017_cvwdrecharge_125_rgb.jp2', 1, ''),
(723, '2009-10-22 00:35:42', 3, 8, '1043', '20091017_mardesgolf_125_cir.jp2', 1, ''),
(724, '2009-10-22 00:36:03', 3, 8, '1044', '20091017_mardesgolf_125_ndvi.jp2', 1, ''),
(725, '2009-10-22 00:36:19', 3, 8, '1045', '20091017_mardesgolf_125_ndvihd.jp2', 1, ''),
(726, '2009-10-22 00:36:38', 3, 8, '1046', '20091017_mardesgolf_125_rgb.jp2', 1, ''),
(727, '2009-10-22 01:57:49', 3, 8, '1039', '20091017_cvwdrechargeck_125_cir.jp2', 2, 'Changed name and layer.'),
(728, '2009-10-22 01:58:11', 3, 8, '1040', '20091017_cvwdrechargeck_125_ndvi.jp2', 2, 'Changed name and layer.'),
(729, '2009-10-22 01:58:31', 3, 8, '1041', '20091017_cvwdrechargeck_125_ndvihd.jp2', 2, 'Changed name and layer.'),
(730, '2009-10-22 01:58:46', 3, 8, '1042', '20091017_cvwdrechargeck_125_rgb.jp2', 2, 'Changed name and layer.'),
(731, '2009-10-22 02:00:54', 3, 8, '1047', '20091017_marrangolf_125_cir.jp2', 1, ''),
(732, '2009-10-22 02:01:53', 3, 8, '1048', '20091017_marrangolf_125_ndvi.jp2', 1, ''),
(733, '2009-10-22 02:02:20', 3, 8, '1049', '20091017_marrangolf_125_ndvihd.jp2', 1, ''),
(734, '2009-10-22 02:02:47', 3, 8, '1050', '20091017_marrangolf_125_rgb.jp2', 1, ''),
(735, '2009-10-22 02:12:10', 3, 8, '1051', '20091017_laquintadunes_125_cir.jp2', 1, ''),
(736, '2009-10-22 02:12:44', 3, 8, '1052', '20091017_laquintadunes_125_ndvi.jp2', 1, ''),
(737, '2009-10-22 02:13:23', 3, 8, '1053', '20091017_laquintadunes_125_ndvihd.jp2', 1, ''),
(738, '2009-10-22 02:13:51', 3, 8, '1054', '20091017_laquintadunes_125_rgb.jp2', 1, ''),
(739, '2009-10-22 02:20:13', 3, 8, '1055', '20091017_laquintacc_125_cir.jp2', 1, ''),
(740, '2009-10-22 02:20:34', 3, 8, '1056', '20091017_laquintacc_125_ndvi.jp2', 1, ''),
(741, '2009-10-22 02:21:23', 3, 8, '1057', '20091017_laquintacc_125_ndvihd.jp2', 1, ''),
(742, '2009-10-22 02:21:45', 3, 8, '1058', '20091017_laquintacc_125_rgb.jp2', 1, ''),
(743, '2009-10-26 22:39:04', 3, 8, '881', '20090912_casagrande_250_rgb.jp2', 2, 'Changed name and layer.'),
(744, '2009-10-26 22:39:29', 3, 8, '877', '20090912_casagrande_250_ndvihd.jp2', 2, 'Changed name and layer.'),
(745, '2009-10-26 22:39:51', 3, 8, '873', '20090912_casagrande_250_ndvi.jp2', 2, 'Changed name and layer.'),
(746, '2009-10-26 22:40:11', 3, 8, '869', '20090912_casagrande_250_cir.jp2', 2, 'Changed name and layer.'),
(747, '2009-10-28 13:53:49', 4, 8, '1059', 'test1_out.jp2', 1, ''),
(748, '2009-11-02 14:26:06', 3, 8, '1059', 'test1_out.jp2', 2, 'No fields changed.'),
(749, '2009-11-02 14:28:17', 3, 8, '1060', '20091031_sharps_rgb_test.jp2', 1, ''),
(750, '2009-11-02 18:59:26', 3, 8, '1061', '20091031_arp35-5,35-6_250_cir.jp2', 1, ''),
(751, '2009-11-02 19:00:07', 3, 8, '1062', '20091031_arp35-5,35-6_250_ndvi.jp2', 1, ''),
(752, '2009-11-02 19:00:27', 3, 8, '1063', '20091031_arp35-5,35-6_250_ndvi.jp2', 1, ''),
(753, '2009-11-02 19:01:14', 3, 8, '1064', '20091031_arp35-5,35-6_250_rgb.jp2', 1, ''),
(754, '2009-11-02 21:13:01', 3, 8, '1065', '20091031_Bensen467A_Guest_250_cir.jp2', 1, ''),
(755, '2009-11-02 21:13:12', 3, 8, '1066', '20091031_Bensen467A_Guest_250_ndvi.jp2', 1, ''),
(756, '2009-11-02 21:13:24', 3, 8, '1067', '20091031_Bensen467A_Guest_250_ndvihd.jp2', 1, ''),
(757, '2009-11-02 21:13:37', 3, 8, '1068', '20091031_Bensen467A_Guest_250_rgb.jp2', 1, ''),
(758, '2009-11-02 21:13:49', 3, 8, '1069', '20091031_DosPalmMit_CVWD_125_cir.jp2', 1, ''),
(759, '2009-11-02 21:16:32', 3, 9, '73', 'Dos Palmas Mitigation - 5 inch', 1, ''),
(760, '2009-11-02 21:17:06', 3, 9, '74', 'Dos Palmas Mitigation - 2.5 inch', 1, ''),
(761, '2009-11-02 21:17:43', 3, 8, '1069', '20091031_DosPalmMit_CVWD_125_cir.jp2', 2, 'Changed property.'),
(762, '2009-11-02 21:18:01', 3, 8, '1070', '20091031_DosPalmMit_CVWD_125_ndvi.jp2', 1, ''),
(763, '2009-11-02 21:18:18', 3, 8, '1071', '20091031_DosPalmMit_CVWD_125_ndvihd.jp2', 1, ''),
(764, '2009-11-02 21:19:15', 3, 8, '1072', '20091031_DosPalmMit_CVWD_125_rgb.jp2', 1, ''),
(765, '2009-11-02 21:19:50', 3, 9, '62', 'Marsh Land Reclamation', 2, 'Changed name.'),
(766, '2009-11-02 21:20:07', 3, 8, '1073', '20091031_MarshLandRec_IID_250_cir.jp2', 1, ''),
(767, '2009-11-02 21:20:22', 3, 8, '1074', '20091031_MarshLandRec_IID_250_ndvi.jp2', 1, ''),
(768, '2009-11-02 21:20:38', 3, 8, '1075', '20091031_MarshLandRec_IID_250_ndvihd.jp2', 1, ''),
(769, '2009-11-02 21:20:49', 3, 8, '1076', '20091031_MarshLandRec_IID_250_rgb.jp2', 1, ''),
(770, '2009-11-02 21:21:34', 3, 8, '1077', '20091031_OsageCit_Guest_250_cir.jp2', 1, ''),
(771, '2009-11-02 21:21:54', 3, 8, '1078', '20091031_OsageCit_Guest_250_ndvi.jp2', 1, ''),
(772, '2009-11-02 21:22:11', 3, 8, '1079', '20091031_OsageCit_Guest_250_ndvihd.jp2', 1, ''),
(773, '2009-11-02 21:22:27', 3, 8, '1080', '20091031_OsageCit_Guest_250_rgb.jp2', 1, ''),
(774, '2009-11-02 21:22:38', 3, 8, '1081', '20091031_Sharps103-104_Guest_250_cir.jp2', 1, ''),
(775, '2009-11-02 21:22:49', 3, 8, '1082', '20091031_Sharps103-104_Guest_250_ndvi.jp2', 1, ''),
(776, '2009-11-02 21:22:59', 3, 8, '1083', '20091031_Sharps103-104_Guest_250_ndvihd.jp2', 1, ''),
(777, '2009-11-02 21:23:11', 3, 8, '1084', '20091031_Sharps103-104_Guest_250_rgb.jp2', 1, ''),
(778, '2009-11-02 22:59:19', 4, 8, '1063', '20091031_arp35-5,35-6_250_ndvihd.jp2', 2, 'Changed name.'),
(779, '2009-11-02 22:59:27', 4, 8, '1062', '20091031_arp35-5,35-6_250_ndvi.jp2', 2, 'No fields changed.'),
(780, '2009-11-02 22:59:34', 4, 8, '1061', '20091031_arp35-5,35-6_250_cir.jp2', 2, 'No fields changed.'),
(781, '2009-11-02 22:59:43', 4, 8, '1064', '20091031_arp35-5,35-6_250_rgb.jp2', 2, 'No fields changed.'),
(782, '2009-11-02 23:07:06', 4, 8, '1085', '20091031_DosPalmMit_CVWD_125_rgb.jp2', 1, ''),
(783, '2009-11-02 23:07:45', 4, 8, 'None', '20091031_DosPalmMit_CVWD_125_rgb.jp2', 3, ''),
(784, '2009-11-02 23:08:02', 4, 8, '1072', '20091031_DosPalmMit_CVWD_125_rgb.jp2', 2, 'No fields changed.'),
(785, '2009-11-02 23:20:45', 3, 8, '1069', '20091031_DosPalmMit-demo_CVWD_125_cir.jp2', 2, 'Changed name and layer.'),
(786, '2009-11-02 23:20:57', 3, 8, '1070', '20091031_DosPalmMit-demo_CVWD_125_ndvi.jp2', 2, 'Changed name and layer.'),
(787, '2009-11-02 23:21:07', 3, 8, '1071', '20091031_DosPalmMit-demo_CVWD_125_ndvihd.jp2', 2, 'Changed name and layer.'),
(788, '2009-11-02 23:21:21', 3, 8, '1072', '20091031_DosPalmMit-demo_CVWD_125_rgb.jp2', 2, 'Changed name and layer.'),
(789, '2009-11-02 23:39:28', 3, 8, '1086', '20091017_osagecit_guest_250_cir.jp2', 1, ''),
(790, '2009-11-02 23:39:44', 3, 8, '1087', '20091017_osagecit_guest_250_ndvi.jp2', 1, ''),
(791, '2009-11-02 23:40:01', 3, 8, '1088', '20091017_osagecit_guest_250_ndvihd.jp2', 1, ''),
(792, '2009-11-02 23:40:18', 3, 8, '1089', '20091017_osagecit_guest_250_rgb.jp2', 1, ''),
(793, '2009-11-02 23:52:44', 3, 8, '1065', '20091031_Bensen467A-2ndTry_Guest_250_cir.jp2', 2, 'Changed name and layer.'),
(794, '2009-11-02 23:52:58', 3, 8, '1066', '20091031_Bensen467A-2ndTry_Guest_250_ndvi.jp2', 2, 'Changed name and layer.'),
(795, '2009-11-02 23:53:12', 3, 8, '1067', '20091031_Bensen467A-2ndTry_Guest_250_ndvihd.jp2', 2, 'Changed name and layer.'),
(796, '2009-11-02 23:53:28', 3, 8, '1068', '20091031_Bensen467A-2ndTry_Guest_250_rgb.jp2', 2, 'Changed name and layer.'),
(797, '2009-11-03 06:29:47', 4, 8, '1072', '20091031_DosPalmMit-demo_CVWD_125_rgb.jp2', 2, 'Changed property.'),
(798, '2009-11-03 19:32:52', 4, 9, '71', 'BENSON Tri476A', 2, 'Changed name.'),
(799, '2009-11-03 19:33:18', 4, 9, '71', 'BENSON TRI 475-476', 2, 'Changed name.'),
(800, '2009-11-04 14:05:25', 3, 8, '1090', '20091031_dospalmamit_cvwd_63_cir.jp2', 1, ''),
(801, '2009-11-04 14:06:30', 3, 8, '1091', '20091031_dospalmamit_cvwd_63_ndvi.jp2', 1, ''),
(802, '2009-11-04 14:07:11', 3, 8, '1092', '20091031_dospalmamit_cvwd_63_ndvihd.jp2', 1, ''),
(803, '2009-11-04 14:07:50', 3, 8, '1093', '20091031_dospalmamit_cvwd_63_rgb.jp2', 1, ''),
(804, '2009-11-08 11:57:11', 4, 3, '14', 'ssinclear', 1, ''),
(805, '2009-11-08 11:57:49', 4, 3, '14', 'ssinclear', 2, 'Changed first_name, last_name and email.'),
(806, '2009-11-08 12:00:03', 4, 9, '75', 'Sinclear Demo', 1, ''),
(807, '2009-11-08 12:00:35', 4, 8, '1094', 'branden2_demo_125_cir.ecw', 1, ''),
(808, '2009-11-08 12:01:17', 4, 8, '1095', 'branden2_demo_125_ndvi.ecw', 1, ''),
(809, '2009-11-08 12:01:56', 4, 8, '1096', 'branden2_demo_125_ndvihd.ecw', 1, ''),
(810, '2009-11-08 12:02:37', 4, 8, '1097', 'branden2_demo_125_rgb.ecw', 1, ''),
(811, '2009-11-09 14:43:56', 3, 8, '1098', '20091031_heritagepalms_heritagepalms_125_cir.jp2', 1, ''),
(812, '2009-11-09 14:44:26', 3, 8, '1099', '20091031_heritagepalms_heritagepalms_125_ndvi.jp2', 1, ''),
(813, '2009-11-09 14:45:01', 3, 8, '1100', '20091031_heritagepalms_heritagepalms_125_ndvihd.jp2', 1, ''),
(814, '2009-11-09 14:45:12', 3, 8, '1101', '20091031_heritagepalms_heritagepalms_125_rgb.jp2', 1, ''),
(815, '2009-11-09 14:45:24', 3, 8, '1102', '20091031_indiansprings_indiansprings_125_cir.jp2', 1, ''),
(816, '2009-11-09 14:45:36', 3, 8, '1103', '20091031_indiansprings_indiansprings_125_ndvi.jp2', 1, ''),
(817, '2009-11-09 14:45:49', 3, 8, '1104', '20091031_indiansprings_indiansprings_125_ndvihd.jp2', 1, ''),
(818, '2009-11-09 14:46:02', 3, 8, '1105', '20091031_indiansprings_indiansprings_125_rgb.jp2', 1, ''),
(819, '2009-11-11 14:13:45', 3, 8, '1106', '20091031_marriotdesert_marriot_125_cir.jp2', 1, ''),
(820, '2009-11-11 14:14:00', 3, 8, '1107', '20091031_marriotdesert_marriot_125_ndvi.jp2', 1, ''),
(821, '2009-11-11 14:14:15', 3, 8, '1108', '20091031_marriotdesert_marriot_125_ndvihd.jp2', 1, ''),
(822, '2009-11-11 14:14:28', 3, 8, '1109', '20091031_marriotdesert_marriot_125_rgb.jp2', 1, ''),
(823, '2009-11-11 14:27:31', 3, 8, '1110', '20091031_marriotrancho_marriot_125_cir.jp2', 1, ''),
(824, '2009-11-11 14:27:54', 3, 8, '1111', '20091031_marriotshadow_marriot_125_cir.jp2', 1, ''),
(825, '2009-11-11 14:28:24', 3, 8, '1112', '20091031_marriotrancho_marriot_125_ndvi.jp2', 1, ''),
(826, '2009-11-11 14:28:42', 3, 8, '1113', '20091031_marriotshadow_marriot_125_ndvi.jp2', 1, ''),
(827, '2009-11-11 14:29:02', 3, 8, '1114', '20091031_marriotrancho_marriot_125_ndvihd.jp2', 1, ''),
(828, '2009-11-11 14:29:21', 3, 8, '1115', '20091031_marriotshadow_marriot_125_ndvihd.jp2', 1, ''),
(829, '2009-11-11 14:30:12', 3, 8, '1116', '20091031_marriotrancho_marriot_125_rgb.jp2', 1, ''),
(830, '2009-11-11 14:30:33', 3, 8, '1117', '20091031_marriotshadow_marriot_125_rgb.jp2', 1, ''),
(831, '2009-11-11 15:02:20', 3, 8, '1118', 'laquintamountain_125_cir.jp2', 1, ''),
(832, '2009-11-11 15:03:17', 3, 8, '1119', 'laquintamountain_125_ndvi.jp2', 1, ''),
(833, '2009-11-11 15:04:25', 3, 8, '1120', 'laquintamountain_125_ndvihd.jp2', 1, ''),
(834, '2009-11-11 15:05:14', 3, 8, '1121', 'laquintamountain_125_rgb.jp2', 1, ''),
(835, '2009-11-13 09:38:29', 4, 3, '15', 'aquist', 1, ''),
(836, '2009-11-13 09:38:36', 4, 9, '56', 'Sharps 103-104', 2, 'Changed user.'),
(837, '2009-11-13 09:38:54', 4, 8, '1084', '20091031_Sharps103-104_Guest_250_rgb.jp2', 2, 'Changed user.'),
(838, '2009-11-13 09:39:06', 4, 8, '1083', '20091031_Sharps103-104_Guest_250_ndvihd.jp2', 2, 'Changed user.'),
(839, '2009-11-13 09:39:20', 4, 8, '1082', '20091031_Sharps103-104_Guest_250_ndvi.jp2', 2, 'Changed user.'),
(840, '2009-11-13 09:39:28', 4, 8, '1081', '20091031_Sharps103-104_Guest_250_cir.jp2', 2, 'Changed user.'),
(841, '2009-11-13 09:40:01', 4, 8, '992', '20091017_sharps103-104_250_rgb.jp2', 2, 'Changed user.'),
(842, '2009-11-13 09:40:13', 4, 8, '923', 'sharps103-104_250_ndvihd.jp2', 2, 'Changed user.'),
(843, '2009-11-13 09:40:27', 4, 8, '922', 'sharps103-104_250_ndvi.jp2', 2, 'Changed user.'),
(844, '2009-11-13 09:40:40', 4, 8, '922', 'sharps103-104_250_ndvi.jp2', 2, 'No fields changed.'),
(845, '2009-11-13 09:40:49', 4, 8, '921', 'sharps103-104_250_cir.jp2', 2, 'Changed user.'),
(846, '2009-11-13 09:42:16', 4, 8, '991', '20091017_sharps103-104_250_ndvihd.jp2', 2, 'Changed user.'),
(847, '2009-11-13 09:42:27', 4, 8, '990', '20091017_sharps103-104_250_ndvi.jp2', 2, 'Changed user.'),
(848, '2009-11-13 09:42:36', 4, 8, '989', '20091017_sharps103-104_250_cir.jp2', 2, 'Changed user.'),
(849, '2009-11-13 09:42:45', 4, 8, '924', 'sharps103-104_250_rgb.jp2', 2, 'Changed user.'),
(850, '2009-11-13 09:42:54', 4, 8, '923', 'sharps103-104_250_ndvihd.jp2', 2, 'No fields changed.'),
(851, '2009-11-13 09:45:16', 4, 8, '882', 'sharps103-104_250_rgb.jp2', 2, 'Changed user.'),
(852, '2009-11-13 09:45:26', 4, 8, '882', 'sharps103-104_250_rgb.jp2', 2, 'No fields changed.'),
(853, '2009-11-13 09:45:43', 4, 8, '878', 'sharps103-104_250_ndvihd.jp2', 2, 'Changed user.'),
(854, '2009-11-13 09:45:58', 4, 8, '874', 'sharps103-104_250_ndvi.jp2', 2, 'Changed user.'),
(855, '2009-11-13 09:46:14', 4, 8, '870', 'sharps103-104_250_cir.jp2', 2, 'Changed user.'),
(856, '2009-11-13 09:49:25', 4, 8, '882', 'sharps103-104_250_rgb.jp2', 2, 'Changed capture_date.'),
(857, '2009-11-13 09:49:35', 4, 8, '882', 'sharps103-104_250_rgb.jp2', 2, 'No fields changed.'),
(858, '2009-11-13 09:49:51', 4, 8, '878', 'sharps103-104_250_ndvihd.jp2', 2, 'Changed capture_date.'),
(859, '2009-11-13 09:50:07', 4, 8, '874', 'sharps103-104_250_ndvi.jp2', 2, 'Changed capture_date.'),
(860, '2009-11-13 09:50:26', 4, 8, '870', 'sharps103-104_250_cir.jp2', 2, 'Changed capture_date.'),
(861, '2009-11-13 10:02:18', 4, 9, '56', 'Sharps 103-104', 2, 'No fields changed.'),
(862, '2009-11-13 10:16:06', 4, 3, '15', 'aronq', 2, 'Changed username.'),
(863, '2009-11-13 10:17:21', 4, 8, '1084', '20091031_Sharps103-104_Guest_250_rgb.jp2', 2, 'No fields changed.'),
(864, '2009-11-13 15:23:02', 3, 8, '1122', '20091017_marriotshadow_marriot_125_cir.jp2', 1, ''),
(865, '2009-11-13 15:23:23', 3, 8, '1123', '20091017_marriotshadow_marriot_125_ndvi.jp2', 1, ''),
(866, '2009-11-13 15:23:45', 3, 8, '1124', '20091017_marriotshadow_marriot_125_ndvihd.jp2', 1, ''),
(867, '2009-11-13 15:24:07', 3, 8, '1125', '20091017_marriotshadow_marriot_125_rgb.jp2', 1, ''),
(868, '2009-11-13 15:34:35', 3, 8, '1126', '2009912_heritagepalms_heritagepalms_125_cir.jp2', 1, ''),
(869, '2009-11-13 15:34:57', 3, 8, '1127', '2009912_heritagepalms_heritagepalms_125_ndvi.jp2', 1, ''),
(870, '2009-11-13 15:35:17', 3, 8, '1128', '2009912_heritagepalms_heritagepalms_125_ndvihd.jp2', 1, ''),
(871, '2009-11-13 15:35:39', 3, 8, '1129', '2009912_heritagepalms_heritagepalms_125_rgb.jp2', 1, ''),
(872, '2009-11-14 20:14:06', 4, 3, '16', 'osterkamp', 1, ''),
(873, '2009-11-14 20:14:36', 4, 3, '16', 'osterkamp', 2, 'Changed first_name, last_name and email.'),
(874, '2009-11-14 20:50:50', 3, 8, '845', 'rbw_250_rgb.ecw', 2, 'Changed user.'),
(875, '2009-11-14 20:59:59', 3, 8, '826', 'rbw_250_ndvihd.ecw', 2, 'Changed user.'),
(876, '2009-11-14 21:01:02', 3, 8, '807', 'rbw_250_ndvi.ecw', 2, 'Changed user.'),
(877, '2009-11-14 21:01:28', 3, 8, '788', 'rbw_250_cir.ecw', 2, 'Changed user.'),
(878, '2009-11-14 21:02:14', 3, 8, '694', 'rbw_10band_georef_250_rgb.ecw', 2, 'Changed user.'),
(879, '2009-11-14 21:02:39', 3, 8, '687', 'rbw_10band_georef_250_ndvihd.ecw', 2, 'Changed user.'),
(880, '2009-11-14 21:03:25', 3, 8, '680', 'rbw_10band_georef_250_ndvi.ecw', 2, 'Changed user.'),
(881, '2009-11-14 21:03:42', 3, 8, '673', 'rbw_10band_georef_250_cir.ecw', 2, 'Changed user.'),
(882, '2009-11-14 21:03:59', 3, 8, '661', 'rbw_12band_georef_250_cropped_rgb.ecw', 2, 'Changed user.'),
(883, '2009-11-14 21:04:15', 3, 8, '652', 'rbw_12band_georef_250_cropped_ndvihd.ecw', 2, 'Changed user.'),
(884, '2009-11-14 21:04:34', 3, 8, '644', 'rbw_12band_georef_250_cropped_ndvi.ecw', 2, 'Changed user.'),
(885, '2009-11-14 21:04:53', 3, 8, '635', 'rbw_12band_georef_250_cropped_cir.ecw', 2, 'Changed user.'),
(886, '2009-11-14 21:06:08', 3, 8, '488', 'rbw_4band_georef_250.tif', 2, 'Changed description and user.'),
(887, '2009-11-14 21:06:28', 3, 8, '463', 'rbw_4-band_georef_rgb_250.ecw', 2, 'Changed description and user.'),
(888, '2009-11-14 21:06:52', 3, 8, '438', 'rbw_ndvi_georef_250.ecw', 2, 'Changed description and user.'),
(889, '2009-11-14 21:07:16', 3, 8, '413', 'rbw_4band_georef_cir_250.ecw', 2, 'Changed description and user.'),
(890, '2009-11-14 21:10:30', 3, 8, '380', 'rbw_rgb_georef250_cropped_250.ecw', 2, 'Changed description and user.'),
(891, '2009-11-14 21:15:24', 4, 9, '7', 'RBW', 2, 'Changed user.'),
(892, '2009-11-22 22:09:24', 4, 3, '17', 'akalin', 1, ''),
(893, '2009-11-22 22:09:47', 4, 3, '17', 'akalin', 2, 'Changed first_name, last_name and email.'),
(894, '2009-11-22 22:10:14', 4, 3, '18', 'jachenbach', 1, ''),
(895, '2009-11-22 22:13:55', 4, 3, '18', 'jcachen', 2, 'Changed username, first_name, last_name, email and is_staff.'),
(896, '2009-11-22 23:49:31', 3, 9, '76', 'Kalin R1', 1, ''),
(897, '2009-11-22 23:50:45', 3, 9, '77', 'Bensen Tamarak 222', 1, ''),
(898, '2009-11-22 23:51:23', 3, 8, '1130', '20091121_alkalinr1_akalin_125_cir.jp2', 1, ''),
(899, '2009-11-22 23:51:41', 3, 8, '1131', '20091121_alkalinr1_akalin_125_ndvi.jp2', 1, ''),
(900, '2009-11-22 23:51:54', 3, 8, '1132', '20091121_alkalinr1_akalin_125_ndvihd.jp2', 1, ''),
(901, '2009-11-22 23:52:21', 3, 8, '1133', '20091121_alkalinr1_akalin_125_rgb.jp2', 1, ''),
(902, '2009-11-22 23:52:37', 3, 8, '1134', '20091121_bensentam222_aronq_125_cir.jp2', 1, ''),
(903, '2009-11-22 23:52:54', 3, 8, '1135', '20091121_bensentam222_aronq_125_ndvi.jp2', 1, ''),
(904, '2009-11-22 23:53:05', 3, 8, '1136', '20091121_bensentam222_aronq_125_ndvihd.jp2', 1, ''),
(905, '2009-11-22 23:53:18', 3, 8, '1137', '20091121_bensentam222_aronq_125_rgb.jp2', 1, ''),
(906, '2009-11-23 14:24:25', 3, 8, '1138', '20091121_marshlandrec_iid_250_cir.jp2', 1, ''),
(907, '2009-11-23 14:24:41', 3, 8, '1139', '20091121_marshlandrec_iid_250_ndvi.jp2', 1, ''),
(908, '2009-11-23 14:24:59', 3, 8, '1140', '20091121_marshlandrec_iid_250_ndvihd.jp2', 1, ''),
(909, '2009-11-23 14:25:13', 3, 8, '1141', '20091121_marshlandrec_iid_250_rgb.jp2', 1, ''),
(910, '2009-11-24 18:47:47', 3, 8, '1142', '20091121_rucker1_guest_125_cir.jp2', 1, ''),
(911, '2009-11-24 18:48:01', 3, 8, '1143', '20091121_rucker1_guest_125_ndvi.jp2', 1, ''),
(912, '2009-11-24 18:48:15', 3, 8, '1144', '20091121_rucker1_guest_125_ndvihd.jp2', 1, ''),
(913, '2009-11-24 18:48:28', 3, 8, '1145', '20091121_rucker1_guest_125_rgb.jp2', 1, ''),
(914, '2009-11-24 18:50:08', 3, 8, '1146', '20091121_brandenberg2_guest_125_rgb.jp2', 1, ''),
(915, '2009-11-24 18:50:29', 3, 8, '1147', '20091121_brandenberg2_guest_125_ndvihd.jp2', 1, ''),
(916, '2009-11-24 18:50:46', 3, 8, '1148', '20091121_brandenberg2_guest_125_ndvi.jp2', 1, ''),
(917, '2009-11-24 18:51:33', 3, 8, '1149', '20091121_brandenberg2_guest_125_cir.jp2', 1, ''),
(918, '2009-11-25 14:44:15', 3, 8, '1150', '20091121_dospalmmit-10in-demo_cvwd_250_cir.jp2', 1, ''),
(919, '2009-11-25 14:44:34', 3, 8, '1151', '20091121_dospalmmit-10in-demo_cvwd_250_rgb.jp2', 1, ''),
(920, '2009-11-25 14:44:44', 3, 8, '1152', '20091121_dospalmmit-10in-demo_cvwd_250_ndvihd.jp2', 1, ''),
(921, '2009-11-25 14:44:55', 3, 8, '1153', '20091121_dospalmmit-10in-demo_cvwd_250_cir.jp2', 1, ''),
(922, '2009-11-25 14:47:48', 3, 9, '78', 'Audubon Site TriCounty', 1, ''),
(923, '2009-11-25 14:48:10', 3, 8, '1154', '20091121_audubonsitetri_akalin_125_ndvihd.jp2', 1, ''),
(924, '2009-11-25 14:48:24', 3, 8, '1155', '20091121_audubonsitetri_akalin_125_ndvi.jp2', 1, ''),
(925, '2009-11-25 14:48:35', 3, 8, '1156', '20091121_audubonsitetri_akalin_125_rgb.jp2', 1, ''),
(926, '2009-11-25 14:48:49', 3, 8, '1157', '20091121_audubonsitetri_akalin_125_cir.jp2', 1, ''),
(927, '2009-11-29 19:19:34', 4, 3, '13', 'Marriott', 2, 'Changed username.'),
(928, '2009-11-29 22:09:36', 4, 9, '78', 'Audubon Site TriCounty', 2, 'Changed center_lat and center_lon.'),
(929, '2009-11-30 22:54:44', 4, 3, '19', 'osterkampfarms', 1, ''),
(930, '2009-11-30 22:55:03', 4, 3, '19', 'osterkampfarms', 2, 'Changed first_name, last_name and email.'),
(931, '2009-11-30 22:55:20', 4, 3, 'None', 'osterkampfarms', 3, ''),
(932, '2009-12-01 01:54:36', 3, 9, '79', 'Osterkamp Red 94', 1, ''),
(933, '2009-12-01 01:56:50', 3, 8, '1158', '20091121_osterkampred94_guest_250_cir.jp2', 1, ''),
(934, '2009-12-01 01:57:11', 3, 8, '1159', '20091121_osterkampred94_guest_250_ndvi.jp2', 1, ''),
(935, '2009-12-01 01:57:27', 3, 8, '1160', '20091121_osterkampred94_guest_250_ndvihd.jp2', 1, ''),
(936, '2009-12-01 01:57:40', 3, 8, '1161', '20091121_osterkampred94_guest_250_rgb.jp2', 1, ''),
(937, '2009-12-01 02:08:15', 3, 9, '79', 'Osterkamp Red 94', 2, 'Changed center_lat and center_lon.'),
(938, '2009-12-02 10:26:59', 4, 9, '79', 'Osterkamp Red 94', 2, 'Changed user.'),
(939, '2009-12-02 10:27:57', 4, 8, '1161', '20091121_osterkampred94_guest_250_rgb.jp2', 2, 'Changed user.'),
(940, '2009-12-02 10:28:06', 4, 8, '1160', '20091121_osterkampred94_guest_250_ndvihd.jp2', 2, 'Changed user.'),
(941, '2009-12-02 10:28:13', 4, 8, '1159', '20091121_osterkampred94_guest_250_ndvi.jp2', 2, 'Changed user.'),
(942, '2009-12-02 10:28:21', 4, 8, '1158', '20091121_osterkampred94_guest_250_cir.jp2', 2, 'Changed user.'),
(943, '2009-12-05 22:11:22', 4, 10, '6', 'Change', 1, ''),
(944, '2009-12-05 22:11:38', 4, 10, '7', 'Color Var', 1, ''),
(945, '2009-12-05 22:13:10', 4, 10, '8', 'FPAR', 1, ''),
(946, '2009-12-05 22:50:24', 3, 8, '1162', '2009124_kalinr1_akalin_250_change.jp2', 1, ''),
(947, '2009-12-05 22:51:06', 3, 8, '1163', '20091204_kalinr1_akalin_250_cir.jp2', 1, ''),
(948, '2009-12-05 22:51:41', 3, 8, '1162', '20091204_kalinr1_akalin_250_change.jp2', 2, 'Changed name, property, capture_date and layer.'),
(949, '2009-12-05 22:52:17', 3, 8, '1164', '20091204_kalinr1_akalin_250_color.jp2', 1, ''),
(950, '2009-12-05 22:52:29', 3, 8, '1165', '20091204_kalinr1_akalin_250_ndvi.jp2', 1, ''),
(951, '2009-12-05 22:52:51', 3, 8, '1166', '20091204_kalinr1_akalin_250_ndvihd.jp2', 1, ''),
(952, '2009-12-05 22:53:06', 3, 8, '1167', '20091204_kalinr1_akalin_250_rgb.jp2', 1, ''),
(953, '2009-12-06 00:20:22', 3, 9, '80', 'Roselle 7', 1, ''),
(954, '2009-12-06 00:20:47', 3, 8, '1168', '20091204_roselle7_guest_250_cir.jp2', 1, ''),
(955, '2009-12-06 00:20:59', 3, 8, '1169', '20091204_roselle7_guest_250_color.jp2', 1, ''),
(956, '2009-12-06 00:22:04', 3, 8, '1170', '20091204_roselle7_guest_250_ndvi.jp2', 1, ''),
(957, '2009-12-06 00:22:15', 3, 8, '1171', '20091204_roselle7_guest_250_ndvihd.jp2', 1, ''),
(958, '2009-12-06 00:22:24', 3, 8, '1172', '20091204_roselle7_guest_250_rgb.jp2', 1, ''),
(959, '2009-12-06 09:52:34', 4, 10, '7', 'Color Variation', 2, 'Changed name.'),
(960, '2009-12-06 09:52:45', 4, 10, '6', 'Change Detection', 2, 'Changed name.'),
(961, '2009-12-06 09:53:21', 4, 10, '8', 'Leaf Cover (FPAR)', 2, 'Changed name.'),
(962, '2009-12-06 20:11:25', 3, 8, '1173', '20091204_bentri475-476_guest_250_change.jp2', 1, ''),
(963, '2009-12-06 20:11:35', 3, 8, '1174', '20091204_bentri475-476_guest_250_cir.jp2', 1, ''),
(964, '2009-12-06 20:11:47', 3, 8, '1175', '20091204_bentri475-476_guest_250_color.jp2', 1, ''),
(965, '2009-12-06 20:11:59', 3, 8, '1176', '20091204_bentri475-476_guest_250_fpar.jp2', 1, ''),
(966, '2009-12-06 20:12:21', 3, 8, '1177', '20091204_bentri475-476_guest_250_ndvi.jp2', 1, ''),
(967, '2009-12-06 20:12:33', 3, 8, '1178', '20091204_bentri475-476_guest_250_ndvihd.jp2', 1, ''),
(968, '2009-12-06 20:12:45', 3, 8, '1179', '20091204_bentri475-476_guest_250_rgb.jp2', 1, ''),
(969, '2009-12-06 22:11:28', 4, 3, '20', 'OceanoProduce', 1, ''),
(970, '2009-12-06 22:11:38', 4, 3, '20', 'OceanoProduce', 2, 'No fields changed.'),
(971, '2009-12-06 22:11:53', 4, 9, '80', 'Roselle 7', 2, 'Changed user.'),
(972, '2009-12-06 22:12:04', 4, 8, '1172', '20091204_roselle7_guest_250_rgb.jp2', 2, 'Changed user.'),
(973, '2009-12-06 22:12:12', 4, 8, '1171', '20091204_roselle7_guest_250_ndvihd.jp2', 2, 'Changed user.'),
(974, '2009-12-06 22:12:18', 4, 8, '1170', '20091204_roselle7_guest_250_ndvi.jp2', 2, 'Changed user.'),
(975, '2009-12-06 22:12:26', 4, 8, '1169', '20091204_roselle7_guest_250_color.jp2', 2, 'Changed user.'),
(976, '2009-12-06 22:12:33', 4, 8, '1168', '20091204_roselle7_guest_250_cir.jp2', 2, 'Changed user.'),
(977, '2009-12-06 22:25:07', 4, 8, 'None', '20091204_bentri475-476_guest_250_rgb.jp2', 3, ''),
(978, '2009-12-06 22:25:11', 4, 8, 'None', '20091204_bentri475-476_guest_250_ndvihd.jp2', 3, ''),
(979, '2009-12-06 22:25:17', 4, 8, 'None', '20091204_bentri475-476_guest_250_ndvi.jp2', 3, ''),
(980, '2009-12-06 22:25:21', 4, 8, 'None', '20091204_bentri475-476_guest_250_fpar.jp2', 3, ''),
(981, '2009-12-06 22:25:25', 4, 8, 'None', '20091204_bentri475-476_guest_250_color.jp2', 3, ''),
(982, '2009-12-06 22:25:31', 4, 8, 'None', '20091204_bentri475-476_guest_250_cir.jp2', 3, ''),
(983, '2009-12-06 22:25:36', 4, 8, 'None', '20091204_bentri475-476_guest_250_change.jp2', 3, ''),
(984, '2009-12-06 22:29:37', 4, 8, '1180', '20091204_benTam222_aronq_250_rgb', 1, ''),
(985, '2009-12-06 22:30:13', 4, 8, '1181', '20091204_benTam222_aronq_250_ndvihd', 1, ''),
(986, '2009-12-06 22:30:49', 4, 8, '1182', '20091204_benTam222_aronq_250_ndvi', 1, ''),
(987, '2009-12-06 22:31:19', 4, 8, '1183', '20091204_benTam222_aronq_250_fpar', 1, ''),
(988, '2009-12-06 22:31:47', 4, 8, '1184', '20091204_benTam222_aronq_250_color', 1, ''),
(989, '2009-12-06 22:32:12', 4, 8, '1185', '20091204_benTam222_aronq_250_cir', 1, ''),
(990, '2009-12-06 22:32:40', 4, 8, '1186', '20091204_benTam222_aronq_250_change', 1, ''),
(991, '2009-12-06 22:51:53', 4, 8, '1186', '20091204_benTam222_aronq_250_change.jp2', 2, 'Changed name and layer.'),
(992, '2009-12-06 22:52:18', 4, 8, '1185', '20091204_benTam222_aronq_250_cir.jp2', 2, 'Changed name and layer.'),
(993, '2009-12-06 22:52:31', 4, 8, '1184', '20091204_benTam222_aronq_250_color.jp2', 2, 'Changed name and layer.'),
(994, '2009-12-06 22:52:42', 4, 8, '1183', '20091204_benTam222_aronq_250_fpar.jp2', 2, 'Changed name and layer.'),
(995, '2009-12-06 22:52:54', 4, 8, '1182', '20091204_benTam222_aronq_250_ndvi.jp2', 2, 'Changed name and layer.'),
(996, '2009-12-06 22:53:04', 4, 8, '1181', '20091204_benTam222_aronq_250_ndvihd.jp2', 2, 'Changed name and layer.'),
(997, '2009-12-06 22:53:16', 4, 8, '1180', '20091204_benTam222_aronq_250_rgb.jp2', 2, 'Changed name and layer.'),
(998, '2009-12-06 23:18:45', 3, 8, 'None', '20091204_benTam222_aronq_250_change.jp2', 3, ''),
(999, '2009-12-06 23:18:51', 3, 8, 'None', '20091204_benTam222_aronq_250_cir.jp2', 3, ''),
(1000, '2009-12-06 23:18:56', 3, 8, 'None', '20091204_benTam222_aronq_250_color.jp2', 3, ''),
(1001, '2009-12-06 23:19:01', 3, 8, 'None', '20091204_benTam222_aronq_250_fpar.jp2', 3, ''),
(1002, '2009-12-06 23:19:07', 3, 8, 'None', '20091204_benTam222_aronq_250_ndvi.jp2', 3, ''),
(1003, '2009-12-06 23:19:12', 3, 8, 'None', '20091204_benTam222_aronq_250_ndvihd.jp2', 3, ''),
(1004, '2009-12-06 23:19:19', 3, 8, 'None', '20091204_benTam222_aronq_250_rgb.jp2', 3, ''),
(1005, '2009-12-06 23:36:15', 3, 8, '1187', '20091204_benTam222-02_aronq_250_change.jp2', 1, ''),
(1006, '2009-12-06 23:36:35', 3, 8, '1188', '20091204_benTam222-02_aronq_250_cir.jp2', 1, ''),
(1007, '2009-12-06 23:36:48', 3, 8, '1189', '20091204_benTam222-02_aronq_250_color.jp2', 1, ''),
(1008, '2009-12-06 23:37:05', 3, 8, '1190', '20091204_benTam222-02_aronq_250_fpar.jp2', 1, ''),
(1009, '2009-12-06 23:37:18', 3, 8, '1191', '20091204_benTam222-02_aronq_250_ndvi.jp2', 1, ''),
(1010, '2009-12-06 23:37:30', 3, 8, '1192', '20091204_benTam222-02_aronq_250_ndvihd.jp2', 1, ''),
(1011, '2009-12-06 23:37:46', 3, 8, '1193', '20091204_benTam222-02_aronq_250_rgb.jp2', 1, ''),
(1012, '2009-12-07 00:03:37', 3, 8, '1194', '20091204_bentri475-476-02_guest_250_ndvihd.jp2', 1, ''),
(1013, '2009-12-07 00:03:49', 3, 8, '1195', '20091204_bentri475-476-02_guest_250_ndvi.jp2', 1, ''),
(1014, '2009-12-07 00:03:58', 3, 8, '1196', '20091204_bentri475-476-02_guest_250_color.jp2', 1, ''),
(1015, '2009-12-07 00:04:09', 3, 8, '1197', '20091204_bentri475-476-02_guest_250_fpar.jp2', 1, ''),
(1016, '2009-12-07 00:04:20', 3, 8, '1198', '20091204_bentri475-476-02_guest_250_change.jp2', 1, ''),
(1017, '2009-12-07 00:04:30', 3, 8, '1199', '20091204_bentri475-476-02_guest_250_cir.jp2', 1, ''),
(1018, '2009-12-07 00:04:45', 3, 8, '1200', '20091204_bentri475-476-02_guest_250_rgb.jp2', 1, ''),
(1019, '2009-12-07 07:44:05', 4, 8, '1192', '20091204_benTam222-02_aronq_250_ndvihd.jp2', 2, 'No fields changed.'),
(1020, '2009-12-07 07:44:11', 4, 8, '1193', '20091204_benTam222-02_aronq_250_rgb.jp2', 2, 'No fields changed.'),
(1021, '2009-12-07 07:44:18', 4, 8, '1192', '20091204_benTam222-02_aronq_250_ndvihd.jp2', 2, 'No fields changed.'),
(1022, '2009-12-07 07:44:23', 4, 8, '1191', '20091204_benTam222-02_aronq_250_ndvi.jp2', 2, 'No fields changed.'),
(1023, '2009-12-07 07:44:27', 4, 8, '1190', '20091204_benTam222-02_aronq_250_fpar.jp2', 2, 'No fields changed.'),
(1024, '2009-12-07 07:44:33', 4, 8, '1189', '20091204_benTam222-02_aronq_250_color.jp2', 2, 'No fields changed.'),
(1025, '2009-12-07 07:44:37', 4, 8, '1188', '20091204_benTam222-02_aronq_250_cir.jp2', 2, 'No fields changed.'),
(1026, '2009-12-07 07:44:42', 4, 8, '1187', '20091204_benTam222-02_aronq_250_change.jp2', 2, 'No fields changed.'),
(1027, '2009-12-13 02:12:26', 3, 8, '1201', '20091204_ind-her-golf_indiansprings_125_cir.jp2', 1, ''),
(1028, '2009-12-13 02:12:47', 3, 8, '1202', '20091204_ind-her-golf_indiansprings_125_ndvi.jp2', 1, ''),
(1029, '2009-12-13 02:12:58', 3, 8, '1203', '20091204_ind-her-golf_indiansprings_125_ndvihd.jp2', 1, ''),
(1030, '2009-12-13 02:13:14', 3, 8, '1204', '20091204_ind-her-golf_indiansprings_125_rgb.jp2', 1, ''),
(1031, '2009-12-13 02:13:27', 3, 8, '1205', '20091204_marriotdesert_marriot_125_cir.jp2', 1, ''),
(1032, '2009-12-13 02:13:41', 3, 8, '1206', '20091204_marriotdesert_marriot_125_ndvi.jp2', 1, ''),
(1033, '2009-12-13 02:13:53', 3, 8, '1207', '20091204_marriotdesert_marriot_125_ndvihd.jp2', 1, ''),
(1034, '2009-12-13 02:14:06', 3, 8, '1208', '20091204_marriotdesert_marriot_125_rgb.jp2', 1, ''),
(1035, '2009-12-13 02:14:34', 3, 8, '1209', '20091204_marriotrancho_marriot_125_cir.jp2', 1, ''),
(1036, '2009-12-13 02:14:56', 3, 8, '1210', '20091204_marriotrancho_marriot_125_ndvi.jp2', 1, ''),
(1037, '2009-12-13 02:15:13', 3, 8, '1211', '20091204_marriotrancho_marriot_125_ndvihd.jp2', 1, ''),
(1038, '2009-12-13 02:15:32', 3, 8, '1212', '20091204_marriotrancho_marriot_125_rgb.jp2', 1, ''),
(1039, '2009-12-13 02:15:46', 3, 8, '1213', '20091204_marriotshadow_marriot_125_cir.jp2', 1, ''),
(1040, '2009-12-13 02:16:05', 3, 8, '1214', '20091204_marriotshadow_marriot_125_ndvi.jp2', 1, ''),
(1041, '2009-12-13 02:16:21', 3, 8, '1215', '20091204_marriotshadow_marriot_125_ndvihd.jp2', 1, ''),
(1042, '2009-12-13 02:16:35', 3, 8, '1216', '20091204_marriotshadow_marriot_125_rgb.jp2', 1, ''),
(1043, '2009-12-13 02:16:47', 3, 8, '1217', '20091204_sharps103-104_guest_250_cir.jp2', 1, ''),
(1044, '2009-12-13 02:16:57', 3, 8, '1218', '20091204_sharps103-104_guest_250_ndvi.jp2', 1, ''),
(1045, '2009-12-13 02:17:08', 3, 8, '1219', '20091204_sharps103-104_guest_250_ndvihd.jp2', 1, ''),
(1046, '2009-12-13 02:17:19', 3, 8, '1220', '20091204_sharps103-104_guest_250_rgb.jp2', 1, ''),
(1047, '2009-12-19 15:51:16', 3, 9, '81', 'Redwood 90 E', 1, ''),
(1048, '2009-12-19 15:52:53', 3, 8, '1221', '20091218_kalinr1_akalin_250_change.jp2', 1, ''),
(1049, '2009-12-19 15:55:45', 3, 8, '1222', '20091218_kalinr1_akalin_250_cir.jp2', 1, ''),
(1050, '2009-12-19 15:56:14', 3, 8, '1223', '20091218_kalinr1_akalin_250_color.jp2', 1, ''),
(1051, '2009-12-19 15:56:29', 3, 8, '1224', '20091218_kalinr1_akalin_250_fpar.jp2', 1, ''),
(1052, '2009-12-19 15:56:44', 3, 8, '1225', '20091218_kalinr1_akalin_250_ndvi.jp2', 1, ''),
(1053, '2009-12-19 15:57:00', 3, 8, '1226', '20091218_kalinr1_akalin_250_ndvihd.jp2', 1, ''),
(1054, '2009-12-19 15:57:20', 3, 8, '1227', '20091218_kalinr1_akalin_250_rgb.jp2', 1, ''),
(1055, '2009-12-19 15:57:37', 3, 8, '1228', '20091218_redwood90e_osterkamp_250_cir.jp2', 1, ''),
(1056, '2009-12-19 15:57:49', 3, 8, '1229', '20091218_redwood90e_osterkamp_250_color.jp2', 1, ''),
(1057, '2009-12-19 15:57:58', 3, 8, '1230', '20091218_redwood90e_osterkamp_250_ndvi.jp2', 1, ''),
(1058, '2009-12-19 15:58:10', 3, 8, '1231', '20091218_redwood90e_osterkamp_250_ndvihd.jp2', 1, ''),
(1059, '2009-12-19 15:58:23', 3, 8, '1232', '20091218_redwood90e_osterkamp_250_rgb.jp2', 1, ''),
(1060, '2009-12-19 15:58:41', 3, 8, '1233', '20091218_roselle7_guest_250_change.jp2', 1, ''),
(1061, '2009-12-19 15:58:52', 3, 8, '1234', '20091218_roselle7_guest_250_cir.jp2', 1, ''),
(1062, '2009-12-19 15:59:03', 3, 8, '1235', '20091218_roselle7_guest_250_color.jp2', 1, ''),
(1063, '2009-12-19 15:59:15', 3, 8, '1236', '20091218_roselle7_guest_250_fpar.jp2', 1, ''),
(1064, '2009-12-19 15:59:27', 3, 8, '1237', '20091218_roselle7_guest_250_ndvi.jp2', 1, ''),
(1065, '2009-12-19 15:59:39', 3, 8, '1238', '20091218_roselle7_guest_250_ndvihd.jp2', 1, ''),
(1066, '2009-12-19 15:59:54', 3, 8, '1239', '20091218_roselle7_guest_250_rgb.jp2', 1, ''),
(1067, '2009-12-19 16:11:45', 3, 8, '1233', '20091218_roselle7_guest_250_change.jp2', 2, 'Changed user.'),
(1068, '2009-12-19 16:11:54', 3, 8, '1234', '20091218_roselle7_guest_250_cir.jp2', 2, 'Changed user.'),
(1069, '2009-12-19 16:12:03', 3, 8, '1235', '20091218_roselle7_guest_250_color.jp2', 2, 'Changed user.'),
(1070, '2009-12-19 16:12:14', 3, 8, '1236', '20091218_roselle7_guest_250_fpar.jp2', 2, 'Changed user.'),
(1071, '2009-12-19 16:12:22', 3, 8, '1237', '20091218_roselle7_guest_250_ndvi.jp2', 2, 'Changed user.'),
(1072, '2009-12-19 16:12:33', 3, 8, '1238', '20091218_roselle7_guest_250_ndvihd.jp2', 2, 'Changed user.'),
(1073, '2009-12-19 16:12:43', 3, 8, '1239', '20091218_roselle7_guest_250_rgb.jp2', 2, 'Changed user.'),
(1074, '2009-12-20 22:12:34', 4, 9, '7', 'RBW', 2, 'Changed user.'),
(1075, '2009-12-22 00:47:46', 3, 8, '1240', '20091218_bensentam222_aronq_250_change.jp2', 1, ''),
(1076, '2009-12-22 00:48:01', 3, 8, '1241', '20091218_bensentam222_aronq_250_cir.jp2', 1, ''),
(1077, '2009-12-22 00:48:33', 3, 8, '1242', '20091218_bensentam222_aronq_250_color.jp2', 1, ''),
(1078, '2009-12-22 00:48:59', 3, 8, '1243', '20091218_bensentam222_aronq_250_fpar.jp2', 1, ''),
(1079, '2009-12-22 00:49:19', 3, 8, '1244', '20091218_bensentam222_aronq_250_ndvi.jp2', 1, ''),
(1080, '2009-12-22 00:49:32', 3, 8, '1245', '20091218_bensentam222_aronq_250_ndvihd.jp2', 1, ''),
(1081, '2009-12-22 00:49:47', 3, 8, '1246', '20091218_bensentam222_aronq_250_rgb.jp2', 1, ''),
(1082, '2009-12-22 00:50:11', 3, 8, '1247', '20091218_bentri-475-476_guest_250_change.jp2', 1, ''),
(1083, '2009-12-22 00:50:24', 3, 8, '1248', '20091218_bentri-475-476_guest_250_cir.jp2', 1, ''),
(1084, '2009-12-22 00:50:39', 3, 8, '1249', '20091218_bentri-475-476_guest_250_color.jp2', 1, ''),
(1085, '2009-12-22 00:50:53', 3, 8, '1250', '20091218_bentri-475-476_guest_250_fpar.jp2', 1, ''),
(1086, '2009-12-22 00:51:11', 3, 8, '1251', '20091218_bentri-475-476_guest_250_ndvi.jp2', 1, ''),
(1087, '2009-12-22 00:51:24', 3, 8, '1252', '20091218_bentri-475-476_guest_250_ndvihd.jp2', 1, ''),
(1088, '2009-12-22 00:55:06', 3, 8, '1253', '20091218_bentri-475-476_guest_250_rgb.jp2', 1, ''),
(1089, '2009-12-31 13:17:29', 4, 3, '14', 'ssinclear', 2, 'Changed is_active.'),
(1090, '2010-01-15 23:13:57', 3, 9, '82', 'Mayaflower 7', 1, ''),
(1091, '2010-01-15 23:15:00', 3, 9, '71', 'Benson Tri 475-476', 2, 'Changed name.'),
(1092, '2010-01-15 23:28:05', 3, 9, '83', 'Dove Mountain', 1, ''),
(1093, '2010-01-18 02:03:42', 3, 8, '1254', '20100116_000037_1250_0002_change.jp2', 1, ''),
(1094, '2010-01-18 02:04:31', 3, 8, '1255', '20100116_000037_1250_0002_cir.jp2', 1, ''),
(1095, '2010-01-18 02:05:24', 3, 8, '1256', '20100116_000037_1250_0002_fpar.jp2', 1, ''),
(1096, '2010-01-18 02:06:02', 3, 8, '1257', '20100116_000037_1250_0002_ndvi.jp2', 1, ''),
(1097, '2010-01-18 02:06:31', 3, 8, '1258', '20100116_000037_1250_0002_ndvihd.jp2', 1, ''),
(1098, '2010-01-18 02:08:12', 3, 8, '1259', '20100116_000037_1250_0002_rgb.jp2', 1, ''),
(1099, '2010-01-18 02:08:57', 3, 8, '1260', '20100116_000062_2500_0011_change.jp2', 1, ''),
(1100, '2010-01-18 02:10:53', 3, 8, '1261', '20100116_000062_2500_0011_change.jp2', 1, ''),
(1101, '2010-01-18 02:11:19', 3, 8, '1262', '20100116_000062_2500_0011_cir.jp2', 1, ''),
(1102, '2010-01-18 02:20:48', 3, 8, '1263', '20100116_000062_2500_0011_ndvi.jp2', 1, ''),
(1103, '2010-01-18 02:21:25', 3, 8, '1264', '20100116_000062_2500_0011_ndvihd.jp2', 1, ''),
(1104, '2010-01-18 02:22:06', 3, 8, '1265', '20100116_000062_2500_0011_rgb.jp2', 1, ''),
(1105, '2010-01-18 02:23:25', 3, 8, '1266', '20100116_000076_2500_0017_Change.jp2', 1, ''),
(1106, '2010-01-18 02:24:20', 3, 8, '1267', '20100116_000076_2500_0017_Cir.jp2', 1, ''),
(1107, '2010-01-18 02:24:54', 3, 8, '1268', '20100116_000076_2500_0017_Color.jp2', 1, ''),
(1108, '2010-01-18 02:25:17', 3, 8, '1268', '20100116_000076_2500_0017_Color.jp2', 2, 'No fields changed.'),
(1109, '2010-01-18 02:25:52', 3, 8, '1269', '20100116_000076_2500_0017_Fpar.jp2', 1, ''),
(1110, '2010-01-18 02:26:24', 3, 8, '1270', '20100116_000076_2500_0017_Ndvi.jp2', 1, ''),
(1111, '2010-01-18 02:27:01', 3, 8, '1271', '20100116_000076_2500_0017_Ndvihd.jp2', 1, ''),
(1112, '2010-01-18 02:27:32', 3, 8, '1272', '20100116_000076_2500_0017_RGB.jp2', 1, ''),
(1113, '2010-01-18 02:29:03', 3, 8, '1273', '20100116_000082_2500_0002_cir.jp2', 1, ''),
(1114, '2010-01-18 02:29:36', 3, 8, '1274', '20100116_000082_2500_0002_fpar.jp2', 1, ''),
(1115, '2010-01-18 02:30:34', 3, 8, '1275', '20100116_000082_2500_0002_ndvi.jp2', 1, ''),
(1116, '2010-01-18 02:31:11', 3, 8, '1276', '20100116_000082_2500_0002_ndvihd.jp2', 1, ''),
(1117, '2010-01-18 02:31:38', 3, 8, '1277', '20100116_000082_2500_0002_rgb.jp2', 1, ''),
(1118, '2010-01-18 02:33:42', 3, 8, 'None', '20100116_000062_2500_0011_change.jp2', 3, ''),
(1119, '2010-01-18 02:43:16', 3, 8, '1260', '20100116_000062_2500_0011_change.jp2', 2, 'Changed property and user.'),
(1120, '2010-01-18 02:46:30', 3, 8, '1266', '20100116_000076_2500_0017_Change.jp2', 2, 'Changed layer.'),
(1121, '2010-01-18 12:52:48', 3, 8, '1254', '20100116_000037_1250_0002_change_fixed.jp2', 2, 'Changed name and layer.'),
(1122, '2010-01-18 12:53:08', 3, 8, '1255', '20100116_000037_1250_0002_cir_fixed.jp2', 2, 'Changed name and layer.'),
(1123, '2010-01-18 12:53:42', 3, 8, '1263', '20100116_000062_2500_0011_ndvi_fixed.jp2', 2, 'Changed name and layer.'),
(1124, '2010-01-18 12:54:05', 3, 8, '1263', '20100116_000062_2500_0011_ndvi.jp2', 2, 'Changed name and layer.'),
(1125, '2010-01-18 12:55:35', 3, 8, '1256', '20100116_000037_1250_0002_fpar_fixed.jp2', 2, 'Changed name and layer.'),
(1126, '2010-01-18 12:55:54', 3, 8, '1257', '20100116_000037_1250_0002_ndvi_fixed.jp2', 2, 'Changed name and layer.'),
(1127, '2010-01-18 12:56:16', 3, 8, '1258', '20100116_000037_1250_0002_ndvihd_fixed.jp2', 2, 'Changed name and layer.'),
(1128, '2010-01-18 12:56:38', 3, 8, '1259', '20100116_000037_1250_0002_rgb_fixed.jp2', 2, 'Changed name and layer.'),
(1129, '2010-01-18 22:01:48', 4, 9, '82', 'Mayflower 7', 2, 'Changed name.'),
(1130, '2010-01-20 19:27:47', 3, 8, '1278', '20100116_000077_2500_0015_change.jp2', 1, ''),
(1131, '2010-01-20 19:28:19', 3, 8, '1279', '20100116_000077_2500_0015_cir.jp2', 1, '');
INSERT INTO `django_admin_log` (`id`, `action_time`, `user_id`, `content_type_id`, `object_id`, `object_repr`, `action_flag`, `change_message`) VALUES
(1132, '2010-01-20 19:45:59', 3, 8, '1280', '20100116_000077_2500_0015_color.jp2', 1, ''),
(1133, '2010-01-20 19:47:03', 3, 8, '1281', '20100116_000077_2500_0015_fpar.jp2', 1, ''),
(1134, '2010-01-20 19:48:26', 3, 8, '1282', '20100116_000077_2500_0015_ndvi.jp2', 1, ''),
(1135, '2010-01-20 19:48:59', 3, 8, '1283', '20100116_000077_2500_0015_ndvihd.jp2', 1, ''),
(1136, '2010-01-20 19:49:32', 3, 8, '1284', '20100116_000077_2500_0015_rgb.jp2', 1, ''),
(1137, '2010-01-20 19:51:24', 3, 8, '1285', '20100116_000080_2500_0000_change.jp2', 1, ''),
(1138, '2010-01-20 19:52:27', 3, 8, '1286', '20100116_000080_2500_0000_cir.jp2', 1, ''),
(1139, '2010-01-20 19:53:18', 3, 8, '1287', '20100116_000080_2500_0000_color.jp2', 1, ''),
(1140, '2010-01-20 19:54:02', 3, 8, '1288', '20100116_000080_2500_0000_fpar.jp2', 1, ''),
(1141, '2010-01-20 19:55:21', 3, 8, '1289', '20100116_000080_2500_0000_ndvi.jp2', 1, ''),
(1142, '2010-01-20 19:56:07', 3, 8, '1290', '20100116_000080_2500_0000_ndvihd.jp2', 1, ''),
(1143, '2010-01-20 19:56:36', 3, 8, '1291', '20100116_000080_2500_0000_rgb.jp2', 1, ''),
(1144, '2010-01-20 19:58:17', 3, 8, '1292', '20100116_000081_2500_0016_change.jp2', 1, ''),
(1145, '2010-01-20 19:58:55', 3, 8, '1293', '20100116_000081_2500_0016_cir.jp2', 1, ''),
(1146, '2010-01-20 19:59:49', 3, 8, '1294', '20100116_000081_2500_0016_color.jp2', 1, ''),
(1147, '2010-01-20 20:00:24', 3, 8, '1295', '20100116_000081_2500_0016_fpar.jp2', 1, ''),
(1148, '2010-01-20 20:01:15', 3, 8, '1296', '20100116_000081_2500_0016_ndvi.jp2', 1, ''),
(1149, '2010-01-20 20:01:47', 3, 8, '1297', '20100116_000081_2500_0016_ndvihd.jp2', 1, ''),
(1150, '2010-01-20 20:02:19', 3, 8, '1298', '20100116_000081_2500_0016_rgb.jp2', 1, ''),
(1151, '2010-01-21 00:46:56', 3, 8, '1291', '20100116_000080_2500_0000_rgb.jp2', 2, 'Changed user.'),
(1152, '2010-01-21 00:47:07', 3, 8, '1290', '20100116_000080_2500_0000_ndvihd.jp2', 2, 'Changed user.'),
(1153, '2010-01-21 00:47:15', 3, 8, '1289', '20100116_000080_2500_0000_ndvi.jp2', 2, 'Changed user.'),
(1154, '2010-01-21 00:47:23', 3, 8, '1289', '20100116_000080_2500_0000_ndvi.jp2', 2, 'No fields changed.'),
(1155, '2010-01-21 00:47:34', 3, 8, '1288', '20100116_000080_2500_0000_fpar.jp2', 2, 'Changed user.'),
(1156, '2010-01-21 00:47:43', 3, 8, '1287', '20100116_000080_2500_0000_color.jp2', 2, 'Changed user.'),
(1157, '2010-01-21 00:47:53', 3, 8, '1286', '20100116_000080_2500_0000_cir.jp2', 2, 'Changed user.'),
(1158, '2010-01-21 00:48:01', 3, 8, '1285', '20100116_000080_2500_0000_change.jp2', 2, 'Changed user.'),
(1159, '2010-01-21 12:21:05', 3, 8, '1278', '20100116_000081_2500_0015_change.jp2', 2, 'Changed name and layer.'),
(1160, '2010-01-21 12:21:22', 3, 8, '1279', '20100116_000081_2500_0015_cir.jp2', 2, 'Changed name and layer.'),
(1161, '2010-01-21 12:21:39', 3, 8, '1280', '20100116_000081_2500_0015_color.jp2', 2, 'Changed name and layer.'),
(1162, '2010-01-21 12:22:35', 3, 8, '1281', '20100116_000081_2500_0016_fpar.jp2', 2, 'Changed name and layer.'),
(1163, '2010-01-21 12:22:52', 3, 8, '1280', '20100116_000081_2500_0016_color.jp2', 2, 'Changed name and layer.'),
(1164, '2010-01-21 12:23:09', 3, 8, '1279', '20100116_000081_2500_0016_cir.jp2', 2, 'Changed name and layer.'),
(1165, '2010-01-21 12:23:25', 3, 8, '1278', '20100116_000081_2500_0016_change.jp2', 2, 'Changed name and layer.'),
(1166, '2010-01-21 12:23:53', 3, 8, '1282', '20100116_000081_2500_0016_ndvi.jp2', 2, 'Changed name and layer.'),
(1167, '2010-01-21 12:24:18', 3, 8, '1283', '20100116_000081_2500_0016_ndvihd.jp2', 2, 'Changed name and layer.'),
(1168, '2010-01-21 12:24:45', 3, 8, '1284', '20100116_000081_2500_0016_rgb.jp2', 2, 'Changed name and layer.'),
(1169, '2010-01-21 12:26:02', 3, 8, '1282', '20100116_000081_2500_0016_ndvi.jp2', 2, 'No fields changed.'),
(1170, '2010-01-21 12:26:38', 3, 8, '1292', '20100116_000077_2500_0015_change.jp2', 2, 'Changed name and layer.'),
(1171, '2010-01-21 12:27:01', 3, 8, '1293', '20100116_000077_2500_0015_cir.jp2', 2, 'Changed name and layer.'),
(1172, '2010-01-21 12:27:25', 3, 8, '1294', '20100116_000077_2500_0015_color.jp2', 2, 'Changed name and layer.'),
(1173, '2010-01-21 12:27:49', 3, 8, '1295', '20100116_000077_2500_0015_fpar.jp2', 2, 'Changed name and layer.'),
(1174, '2010-01-21 12:28:14', 3, 8, '1296', '20100116_000077_2500_0015_ndvi.jp2', 2, 'Changed name and layer.'),
(1175, '2010-01-21 12:28:36', 3, 8, '1297', '20100116_000077_2500_0015_ndvihd.jp2', 2, 'Changed name and layer.'),
(1176, '2010-01-21 12:28:55', 3, 8, '1298', '20100116_000077_2500_0015_rgb.jp2', 2, 'Changed name and layer.'),
(1177, '2010-01-21 12:31:56', 3, 8, '1295', '20100116_000077_2500_0015_fpar.jp2', 2, 'No fields changed.'),
(1178, '2010-01-21 12:32:33', 3, 8, '1281', '20100116_000081_2500_0016_fpar.jp2', 2, 'Changed layer.'),
(1179, '2010-01-21 12:43:26', 3, 8, '1280', '20100116_000081_2500_0016_color.jp2', 2, 'Changed layer.'),
(1180, '2010-01-22 16:46:33', 3, 8, '1299', '20100116_000071_2500_0002_change.jp2', 1, ''),
(1181, '2010-01-22 16:47:51', 3, 8, '1300', '20100116_000071_2500_0002_cir.jp2', 1, ''),
(1182, '2010-01-22 16:49:33', 3, 8, '1301', '20100116_000071_2500_0002_ndvi.jp2', 1, ''),
(1183, '2010-01-22 16:50:18', 3, 8, '1302', '20100116_000071_2500_0002_ndvihd.jp2', 1, ''),
(1184, '2010-01-22 16:50:52', 3, 8, '1303', '20100116_000071_2500_0002_rgb.jp2', 1, ''),
(1185, '2010-01-22 18:28:46', 3, 8, '1304', '20100116_000005_1250_0002_change.jp2', 1, ''),
(1186, '2010-01-22 18:29:24', 3, 8, '1305', '20100116_000005_1250_0002_cir.jp2', 1, ''),
(1187, '2010-01-22 18:29:48', 3, 8, '1306', '20100116_000005_1250_0002_color.jp2', 1, ''),
(1188, '2010-01-22 18:30:12', 3, 8, '1307', '20100116_000005_1250_0002_fpar.jp2', 1, ''),
(1189, '2010-01-22 18:31:12', 3, 8, '1308', '20100116_000005_1250_0002_ndvi.jp2', 1, ''),
(1190, '2010-01-22 18:31:36', 3, 8, '1309', '20100116_000005_1250_0002_ndvihd.jp2', 1, ''),
(1191, '2010-01-22 18:32:09', 3, 8, '1310', '20100116_000005_1250_0002_rgb.jp2', 1, ''),
(1192, '2010-01-22 18:39:57', 3, 8, '1308', '20100116_000005_1250_0002_ndvi.jp2', 2, 'Changed layer.'),
(1193, '2010-01-22 20:15:42', 4, 3, '21', 'rucker', 1, ''),
(1194, '2010-01-22 20:15:55', 4, 3, '21', 'rucker', 2, 'Changed first_name and last_name.'),
(1195, '2010-01-22 20:16:14', 4, 9, '5', 'Rucker', 2, 'Changed user.'),
(1196, '2010-01-22 20:16:28', 4, 8, '1304', '20100116_000005_1250_0002_change.jp2', 2, 'Changed user.'),
(1197, '2010-01-22 20:16:35', 4, 8, '1305', '20100116_000005_1250_0002_cir.jp2', 2, 'Changed user.'),
(1198, '2010-01-22 20:16:43', 4, 8, '1306', '20100116_000005_1250_0002_color.jp2', 2, 'Changed user.'),
(1199, '2010-01-22 20:16:49', 4, 8, '1307', '20100116_000005_1250_0002_fpar.jp2', 2, 'Changed user.'),
(1200, '2010-01-22 20:16:53', 4, 8, '1308', '20100116_000005_1250_0002_ndvi.jp2', 2, 'Changed user.'),
(1201, '2010-01-22 20:16:59', 4, 8, '1309', '20100116_000005_1250_0002_ndvihd.jp2', 2, 'Changed user.'),
(1202, '2010-01-22 20:17:05', 4, 8, '1310', '20100116_000005_1250_0002_rgb.jp2', 2, 'Changed user.'),
(1203, '2010-01-22 22:03:33', 3, 8, '1309', '20100116_000005_1250_0020_ndvihd_fixed.jp2', 2, 'Changed name and layer.'),
(1204, '2010-01-22 22:06:57', 3, 8, '1309', '20100116_000005_1250_0020_ndvihd_fixed.jp2', 2, 'No fields changed.'),
(1205, '2010-01-22 22:11:53', 3, 8, 'None', '20100116_000005_1250_0020_ndvihd_fixed.jp2', 3, ''),
(1206, '2010-01-22 22:12:19', 3, 8, '1311', '20100116_000005_1250_0020_ndvihd_fixed.jp2', 1, ''),
(1207, '2010-01-22 22:22:49', 3, 8, 'None', '20100116_000005_1250_0020_ndvihd_fixed.jp2', 3, ''),
(1208, '2010-01-22 22:23:22', 3, 8, '1312', '20100116_000005_1250_0020_ndvihd_fixed-02.jp2', 1, ''),
(1209, '2010-01-22 22:26:48', 4, 8, '1312', '20100116_000005_1250_0020_ndvihd_fixed-02.jp2', 2, 'Changed layer.'),
(1210, '2010-01-22 22:27:02', 4, 8, '1312', '20100116_000005_1250_0020_ndvihd_fixed.jp2', 2, 'Changed name.'),
(1211, '2010-01-22 22:28:46', 3, 8, '1312', '20100116_000005_1250_0020_ndvihd_fixed-02.jp2', 2, 'Changed name and layer.'),
(1212, '2010-01-22 22:31:35', 3, 8, '1312', '20100116_000005_1250_0002_ndvihd.jp2', 2, 'Changed name and layer.'),
(1213, '2010-01-22 22:34:22', 3, 8, '1312', '20100116_000005_1250_0020_ndvihd_fixed-02.jp2', 2, 'Changed name and layer.'),
(1214, '2010-01-29 11:34:43', 1, 10, '1', 'Alfalfa', 1, ''),
(1215, '2010-01-29 11:34:55', 1, 10, '2', 'Citrus', 1, ''),
(1216, '2010-01-29 11:35:01', 1, 10, '3', 'Cotton', 1, ''),
(1217, '2010-01-29 11:35:06', 1, 10, '4', 'None', 1, ''),
(1218, '2010-01-29 11:37:08', 1, 9, '1', 'Blue Earth Imaging', 2, 'Changed user.'),
(1219, '2010-01-29 11:37:25', 1, 9, '2', 'Helena Chemicals', 2, 'Changed user.');

-- --------------------------------------------------------

--
-- Table structure for table `django_content_type`
--

DROP TABLE IF EXISTS `django_content_type`;
CREATE TABLE IF NOT EXISTS `django_content_type` (
  `id` int(11) NOT NULL AUTO_INCREMENT,
  `name` varchar(100) NOT NULL,
  `app_label` varchar(100) NOT NULL,
  `model` varchar(100) NOT NULL,
  PRIMARY KEY (`id`),
  UNIQUE KEY `app_label` (`app_label`,`model`)
) ENGINE=InnoDB  DEFAULT CHARSET=latin1 AUTO_INCREMENT=18 ;

--
-- Dumping data for table `django_content_type`
--

INSERT INTO `django_content_type` (`id`, `name`, `app_label`, `model`) VALUES
(1, 'permission', 'auth', 'permission'),
(2, 'group', 'auth', 'group'),
(3, 'user', 'auth', 'user'),
(4, 'message', 'auth', 'message'),
(5, 'content type', 'contenttypes', 'contenttype'),
(6, 'session', 'sessions', 'session'),
(7, 'site', 'sites', 'site'),
(8, 'log entry', 'admin', 'logentry'),
(9, 'agency', 'blueearthapp', 'agency'),
(10, 'crop type', 'blueearthapp', 'croptype'),
(11, 'image type', 'blueearthapp', 'imagetype'),
(12, 'air craft', 'blueearthapp', 'aircraft'),
(13, 'camera', 'blueearthapp', 'camera'),
(14, 'server', 'blueearthapp', 'server'),
(15, 'user profile', 'blueearthapp', 'userprofile'),
(16, 'property', 'blueearthapp', 'property'),
(17, 'image', 'blueearthapp', 'image');

-- --------------------------------------------------------

--
-- Table structure for table `django_session`
--

DROP TABLE IF EXISTS `django_session`;
CREATE TABLE IF NOT EXISTS `django_session` (
  `session_key` varchar(40) NOT NULL,
  `session_data` longtext NOT NULL,
  `expire_date` datetime NOT NULL,
  PRIMARY KEY (`session_key`)
) ENGINE=InnoDB DEFAULT CHARSET=latin1;

--
-- Dumping data for table `django_session`
--

INSERT INTO `django_session` (`session_key`, `session_data`, `expire_date`) VALUES
('47835802019e9ac7afe0e4414e1dbc05', 'gAJ9cQEuMWY5NmYxOTYwMzUzOTM0ZTk2N2JkNjgxODQ5OTY3Y2I=\n', '2010-02-11 11:58:52'),
('63973b70e2f7ddd50ff905c39671e982', 'gAJ9cQEuMWY5NmYxOTYwMzUzOTM0ZTk2N2JkNjgxODQ5OTY3Y2I=\n', '2010-02-12 11:33:40'),
('6db89e6393cb45b4b5a0c41ed6a2d13e', 'gAJ9cQEoVRJfYXV0aF91c2VyX2JhY2tlbmRxAlUpZGphbmdvLmNvbnRyaWIuYXV0aC5iYWNrZW5k\ncy5Nb2RlbEJhY2tlbmRxA1UNX2F1dGhfdXNlcl9pZHEEigECdS4wNTA1M2IzN2EzZjc1MjAxMDNh\nZjdkNDE2MTUzZDVhOA==\n', '2010-02-11 11:42:29'),
('d547f5085f00fd2fe187e935913830b4', 'gAJ9cQEuMWY5NmYxOTYwMzUzOTM0ZTk2N2JkNjgxODQ5OTY3Y2I=\n', '2010-02-11 11:57:28'),
('d570edf24a3d94d03edb1747d12d7b81', 'gAJ9cQEuMWY5NmYxOTYwMzUzOTM0ZTk2N2JkNjgxODQ5OTY3Y2I=\n', '2010-02-12 11:42:38');

-- --------------------------------------------------------

--
-- Table structure for table `django_site`
--

DROP TABLE IF EXISTS `django_site`;
CREATE TABLE IF NOT EXISTS `django_site` (
  `id` int(11) NOT NULL AUTO_INCREMENT,
  `domain` varchar(100) NOT NULL,
  `name` varchar(50) NOT NULL,
  PRIMARY KEY (`id`)
) ENGINE=InnoDB  DEFAULT CHARSET=latin1 AUTO_INCREMENT=2 ;

--
-- Dumping data for table `django_site`
--

INSERT INTO `django_site` (`id`, `domain`, `name`) VALUES
(1, 'example.com', 'example.com');

-- --------------------------------------------------------

--
-- Table structure for table `image`
--

DROP TABLE IF EXISTS `image`;
CREATE TABLE IF NOT EXISTS `image` (
  `id` int(11) NOT NULL AUTO_INCREMENT,
  `property_id` int(11) NOT NULL,
  `imagetypes_id` int(11) DEFAULT NULL,
  `capture_date` date DEFAULT NULL,
  `webserver_layer` varchar(200) DEFAULT NULL,
  `croptype_id` int(11) DEFAULT NULL,
  `flight_time` time DEFAULT NULL,
  `resolution` int(11) DEFAULT NULL,
  `aircraft_id` int(11) DEFAULT NULL,
  `camera_id` int(11) DEFAULT NULL,
  `image_processing_version` varchar(50) DEFAULT NULL,
  `published_date` date DEFAULT NULL,
  `server_id` int(11) DEFAULT NULL,
  `description` longtext,
  `locked` tinyint(1) DEFAULT NULL,
  PRIMARY KEY (`id`),
  UNIQUE KEY `croptype_id` (`croptype_id`),
  UNIQUE KEY `aircraft_id` (`aircraft_id`),
  UNIQUE KEY `camera_id` (`camera_id`),
  UNIQUE KEY `server_id` (`server_id`),
  KEY `image_property_id` (`property_id`),
  KEY `image_imagetypes_id` (`imagetypes_id`)
) ENGINE=InnoDB  DEFAULT CHARSET=latin1 AUTO_INCREMENT=1313 ;

--
-- Dumping data for table `image`
--

INSERT INTO `image` (`id`, `property_id`, `imagetypes_id`, `capture_date`, `webserver_layer`, `croptype_id`, `flight_time`, `resolution`, `aircraft_id`, `camera_id`, `image_processing_version`, `published_date`, `server_id`, `description`, `locked`) VALUES
(304, 29, 1, '2009-04-04', 'brandenberg1.ecw', NULL, NULL, NULL, NULL, NULL, NULL, NULL, NULL, '', NULL),
(305, 29, 1, '2009-04-04', 'brandenberg2_rgb.ecw', NULL, NULL, NULL, NULL, NULL, NULL, NULL, NULL, '', NULL),
(306, 25, 1, '2009-04-04', 'ivc_dogwood_67_rgb_georef_b.aux', NULL, NULL, NULL, NULL, NULL, NULL, NULL, NULL, '', NULL),
(307, 25, 1, '2009-04-04', 'ivc_dogwood_67_rgb_georef_b.ecw', NULL, NULL, NULL, NULL, NULL, NULL, NULL, NULL, '', NULL),
(308, 25, 1, '2009-04-04', 'ivc_dogwood_67_rgb_georef_b.ers', NULL, NULL, NULL, NULL, NULL, NULL, NULL, NULL, '', NULL),
(309, 24, 1, '2009-04-04', 'kalin_trif_9_155-156_rgb.ecw', NULL, NULL, NULL, NULL, NULL, NULL, NULL, NULL, '', NULL),
(310, 23, 1, '2009-04-04', 'malva_2-9_rgb_georef.ecw', NULL, NULL, NULL, NULL, NULL, NULL, NULL, NULL, '', NULL),
(311, 22, 1, '2009-04-04', 'n-4_rgb_georef.ecw', NULL, NULL, NULL, NULL, NULL, NULL, NULL, NULL, '', NULL),
(312, 21, 1, '2009-04-04', 'niland_rgb_georef.ecw', NULL, NULL, NULL, NULL, NULL, NULL, NULL, NULL, '', NULL),
(314, 15, 1, '2009-04-04', 'pfw_rgb_georef.ecw', NULL, NULL, NULL, NULL, NULL, NULL, NULL, NULL, '', NULL),
(315, 9, 1, '2009-04-04', 'qdm_rgb_georef.ecw', NULL, NULL, NULL, NULL, NULL, NULL, NULL, NULL, '', NULL),
(316, 8, 1, '2009-04-04', 'rancho_dos_hermanos_rgb_georef.ecw', NULL, NULL, NULL, NULL, NULL, NULL, NULL, NULL, '', NULL),
(317, 7, 1, '2009-04-04', 'rbw_rgb_georef_03.ecw', NULL, NULL, NULL, NULL, NULL, NULL, NULL, NULL, '', NULL),
(318, 6, 1, '2009-04-04', 'rubber_a_rgb_georef.ecw', NULL, NULL, NULL, NULL, NULL, NULL, NULL, NULL, '', NULL),
(319, 4, 1, '2009-04-04', 'Salton_City_Pass_1_2_3_4_Georef_250.ecw', NULL, NULL, NULL, NULL, NULL, NULL, NULL, NULL, ' ', NULL),
(322, 29, 1, '2009-04-04', 'brandenberg_1.ecw', NULL, NULL, NULL, NULL, NULL, NULL, NULL, NULL, '', NULL),
(323, 29, 1, '2009-04-04', 'brandenberg_2_rgb_ir.ecw', NULL, NULL, NULL, NULL, NULL, NULL, NULL, NULL, '', NULL),
(324, 25, 1, '2009-04-04', 'ivc_dogwood_67_rgb_ir.ecw', NULL, NULL, NULL, NULL, NULL, NULL, NULL, NULL, '', NULL),
(325, 24, 1, '2009-04-04', 'kalin_trif_9_rgb_ir.ecw', NULL, NULL, NULL, NULL, NULL, NULL, NULL, NULL, '', NULL),
(326, 23, 1, '2009-04-04', 'malva_2-9_rgb_ir.ecw', NULL, NULL, NULL, NULL, NULL, NULL, NULL, NULL, '', NULL),
(327, 22, 1, '2009-04-04', 'n-4_rgb_ir.ecw', NULL, NULL, NULL, NULL, NULL, NULL, NULL, NULL, '', NULL),
(329, 9, 1, '2009-04-04', 'quatro_del_mar_rgb_ir.ecw', NULL, NULL, NULL, NULL, NULL, NULL, NULL, NULL, '', NULL),
(330, 8, 1, '2009-04-04', 'rancho_dos_hermanos_rgb_ir.ecw', NULL, NULL, NULL, NULL, NULL, NULL, NULL, NULL, '', NULL),
(331, 7, 1, '2009-04-04', 'rbw_rgb_ir.ecw', NULL, NULL, NULL, NULL, NULL, NULL, NULL, NULL, '', NULL),
(332, 6, 1, '2009-04-04', 'rubber_a_rgb_ir.ecw', NULL, NULL, NULL, NULL, NULL, NULL, NULL, NULL, '', NULL),
(333, 20, 2, '2009-04-24', '0-8_cir_georef_250.ecw', NULL, NULL, NULL, NULL, NULL, NULL, NULL, NULL, '', NULL),
(334, 30, 2, '2009-04-24', 'bojax_cir_georef_250.ecw', NULL, NULL, NULL, NULL, NULL, NULL, NULL, NULL, '', NULL),
(335, 29, 2, '2009-04-24', 'brandenberg_1_cir_georef_125.ecw', NULL, NULL, NULL, NULL, NULL, NULL, NULL, NULL, '', NULL),
(336, 29, 2, '2009-04-24', 'brandenberg_2_cir_georef_250.ecw', NULL, NULL, NULL, NULL, NULL, NULL, NULL, NULL, '', NULL),
(337, 28, 2, '2009-04-24', 'church_ranch_4band_georef_250.ecw', NULL, NULL, NULL, NULL, NULL, NULL, NULL, NULL, '', NULL),
(338, 27, 2, '2009-04-24', 'ecco_13e_cir_georef_250.ecw', NULL, NULL, NULL, NULL, NULL, NULL, NULL, NULL, '', NULL),
(339, 26, 2, '2009-04-24', 'ecco_25e_4band_georef_250.ecw', NULL, NULL, NULL, NULL, NULL, NULL, NULL, NULL, '', NULL),
(340, 25, 2, '2009-04-24', 'ivc_dogwood_67_cir_georef_250.ecw', NULL, NULL, NULL, NULL, NULL, NULL, NULL, NULL, '', NULL),
(341, 24, 2, '2009-04-24', 'kalin_trif_9_4band_georef_250.ecw', NULL, NULL, NULL, NULL, NULL, NULL, NULL, NULL, '', NULL),
(342, 23, 2, '2009-04-24', 'malva_2-9_cir_georef_250.ecw', NULL, NULL, NULL, NULL, NULL, NULL, NULL, NULL, '', NULL),
(343, 22, 2, '2009-04-24', 'n-4_cir_georef_250.ecw', NULL, NULL, NULL, NULL, NULL, NULL, NULL, NULL, '', NULL),
(344, 19, 2, '2009-04-24', 'ohmar_26_4band_georef_250.ecw', NULL, NULL, NULL, NULL, NULL, NULL, NULL, NULL, '', NULL),
(345, 18, 2, '2009-04-24', 'osterkamp_cir_georef_250.ecw', NULL, NULL, NULL, NULL, NULL, NULL, NULL, NULL, '', NULL),
(346, 15, 2, '2009-04-24', 'paramount_flowing_wells_cir_georef_250.ecw', NULL, NULL, NULL, NULL, NULL, NULL, NULL, NULL, '', NULL),
(347, 9, 2, '2009-04-24', 'quatro_del_mar_cir_georef_250.ecw', NULL, NULL, NULL, NULL, NULL, NULL, NULL, NULL, '', NULL),
(348, 8, 2, '2009-04-24', 'ranchos_dos_hermanos_cir_georef_250.ecw', NULL, NULL, NULL, NULL, NULL, NULL, NULL, NULL, '', NULL),
(349, 7, 2, '2009-04-24', 'rbw_cir_georef_250.ecw', NULL, NULL, NULL, NULL, NULL, NULL, NULL, NULL, '', NULL),
(350, 6, 2, '2009-04-24', 'rubber_a_cir_georef_250.ecw', NULL, NULL, NULL, NULL, NULL, NULL, NULL, NULL, '', NULL),
(351, 5, 2, '2009-04-24', 'rucker_1_4band_georef_125.ecw', NULL, NULL, NULL, NULL, NULL, NULL, NULL, NULL, '', NULL),
(352, 3, 2, '2009-04-24', 'scheu_4band_georef_250.ecw', NULL, NULL, NULL, NULL, NULL, NULL, NULL, NULL, '', NULL),
(353, 1, 2, '2009-04-24', 'three_flags_2_4band_georef_250.ecw', NULL, NULL, NULL, NULL, NULL, NULL, NULL, NULL, '', NULL),
(354, 2, 2, '2009-04-24', 'three_flags_4band_georef_250.ecw', NULL, NULL, NULL, NULL, NULL, NULL, NULL, NULL, '', NULL),
(355, 28, 3, '2009-04-24', 'church_ranch_ndvi_georef_250.ecw', NULL, NULL, NULL, NULL, NULL, NULL, NULL, NULL, '', NULL),
(356, 26, 3, '2009-04-24', 'ecco_25e_ndvi_georef_250.ecw', NULL, NULL, NULL, NULL, NULL, NULL, NULL, NULL, '', NULL),
(357, 24, 3, '2009-04-24', 'kalin_trif_9_ndvi_georef_250.ecw', NULL, NULL, NULL, NULL, NULL, NULL, NULL, NULL, '', NULL),
(358, 19, 3, '2009-04-24', 'ohmar_26_ndvi_georef_250.ecw', NULL, NULL, NULL, NULL, NULL, NULL, NULL, NULL, '', NULL),
(359, 5, 3, '2009-04-24', 'rucker_1_ndvi_georef_125.ecw', NULL, NULL, NULL, NULL, NULL, NULL, NULL, NULL, '', NULL),
(360, 3, 3, '2009-04-24', 'scheu_ndvi_georef_250.ecw', NULL, NULL, NULL, NULL, NULL, NULL, NULL, NULL, '', NULL),
(361, 1, 3, '2009-04-24', 'three_flags_2_ndvi_georef_250.ecw', NULL, NULL, NULL, NULL, NULL, NULL, NULL, NULL, '', NULL),
(362, 2, 3, '2009-04-24', 'three_flags_ndvi_georef_250.ecw', NULL, NULL, NULL, NULL, NULL, NULL, NULL, NULL, '', NULL),
(363, 30, 1, '2009-04-24', 'bojax_rgb_stitched_01_autosync_cropped_250_ak.ecw', NULL, NULL, NULL, NULL, NULL, NULL, NULL, NULL, '', NULL),
(364, 29, 1, '2009-04-24', 'brandenberg_1_rgb_stitched_autosync_cropped_ak.ecw', NULL, NULL, NULL, NULL, NULL, NULL, NULL, NULL, '', NULL),
(365, 29, 1, '2009-04-24', 'brandenberg_2_rgb_georef_125_cropped_125.ecw', NULL, NULL, NULL, NULL, NULL, NULL, NULL, NULL, '', NULL),
(366, 28, 1, '2009-04-24', 'church_ranch_4band_georef_250.ecw', NULL, NULL, NULL, NULL, NULL, NULL, NULL, NULL, '', NULL),
(367, 27, 1, '2009-04-24', 'ecco_13e_rgb.ecw', NULL, NULL, NULL, NULL, NULL, NULL, NULL, NULL, '', NULL),
(368, 27, 1, '2009-04-24', 'ecco_13e_rgb_stitched_georef_cropped_250_ak.ecw', NULL, NULL, NULL, NULL, NULL, NULL, NULL, NULL, '', NULL),
(369, 26, 1, '2009-04-24', 'ecco_25e_4band_georef_250.ecw', NULL, NULL, NULL, NULL, NULL, NULL, NULL, NULL, '', NULL),
(370, 25, 1, '2009-04-24', 'ivc_dogwood_67.ecw', NULL, NULL, NULL, NULL, NULL, NULL, NULL, NULL, '', NULL),
(371, 24, 1, '2009-04-24', 'kalin_trif_9_4band_georef_250.ecw', NULL, NULL, NULL, NULL, NULL, NULL, NULL, NULL, '', NULL),
(372, 24, 1, '2009-04-24', 'kalin_trif_9_rgb_autosync.ecw', NULL, NULL, NULL, NULL, NULL, NULL, NULL, NULL, '', NULL),
(373, 23, 1, '2009-04-24', 'malva_2-9_rgb_stitched_georef_cropped.ecw', NULL, NULL, NULL, NULL, NULL, NULL, NULL, NULL, '', NULL),
(374, 22, 1, '2009-04-24', 'n-4_rgb_stitched_autosync_cropped_250_ak.ecw', NULL, NULL, NULL, NULL, NULL, NULL, NULL, NULL, '', NULL),
(375, 20, 1, '2009-04-24', 'o-8_rgb_stitched_georef_250_01_cropped_250_ak.ecw', NULL, NULL, NULL, NULL, NULL, NULL, NULL, NULL, '', NULL),
(376, 19, 1, '2009-04-24', 'ohmar_26_4band_georef_250.ecw', NULL, NULL, NULL, NULL, NULL, NULL, NULL, NULL, '', NULL),
(377, 18, 1, '2009-04-24', 'osterkamp_rgb_sitched_autosync_cropped_250_01_ak.ecw', NULL, NULL, NULL, NULL, NULL, NULL, NULL, NULL, '', NULL),
(378, 9, 1, '2009-04-24', 'quatro_del_mar_rgb_georef_cropped_250.ecw', NULL, NULL, NULL, NULL, NULL, NULL, NULL, NULL, '', NULL),
(379, 8, 1, '2009-04-24', 'rancho_dos_hermanos_rgb_stitched_autosync_cropped_01.ecw', NULL, NULL, NULL, NULL, NULL, NULL, NULL, NULL, '', NULL),
(380, 7, 1, '2009-04-24', 'rbw_rgb_georef250_cropped_250.ecw', NULL, NULL, NULL, NULL, NULL, NULL, NULL, NULL, ' ', NULL),
(381, 6, 1, '2009-04-24', 'rubber_a.ecw', NULL, NULL, NULL, NULL, NULL, NULL, NULL, NULL, '', NULL),
(382, 5, 1, '2009-04-24', 'rucker_1_4band_georef_125.ecw', NULL, NULL, NULL, NULL, NULL, NULL, NULL, NULL, '', NULL),
(383, 3, 1, '2009-04-24', 'scheu_4band_georef_250.ecw', NULL, NULL, NULL, NULL, NULL, NULL, NULL, NULL, '', NULL),
(384, 1, 1, '2009-04-24', 'three_flags_2_4band_georef_250.ecw', NULL, NULL, NULL, NULL, NULL, NULL, NULL, NULL, '', NULL),
(385, 2, 1, '2009-04-24', 'three_flags_4band_georef_250.ecw', NULL, NULL, NULL, NULL, NULL, NULL, NULL, NULL, '', NULL),
(386, 28, 1, '2009-04-24', 'church_ranch_4band_georef_250.tif', NULL, NULL, NULL, NULL, NULL, NULL, NULL, NULL, '', NULL),
(387, 26, 1, '2009-04-24', 'ecco_25e_4band_georef_250.tif', NULL, NULL, NULL, NULL, NULL, NULL, NULL, NULL, '', NULL),
(388, 24, 1, '2009-04-24', 'kalin_trif_9_4band_georef_250.tif', NULL, NULL, NULL, NULL, NULL, NULL, NULL, NULL, '', NULL),
(389, 19, 1, '2009-04-24', 'ohmar_26_4band_georef_250.tif', NULL, NULL, NULL, NULL, NULL, NULL, NULL, NULL, '', NULL),
(390, 5, 1, '2009-04-24', 'rucker_1_4band_georef_125.tif', NULL, NULL, NULL, NULL, NULL, NULL, NULL, NULL, '', NULL),
(391, 3, 1, '2009-04-24', 'scheu_4band_georef_250.tif', NULL, NULL, NULL, NULL, NULL, NULL, NULL, NULL, '', NULL),
(392, 1, 1, '2009-04-24', 'three_flags_2_4band_georef_250.tif', NULL, NULL, NULL, NULL, NULL, NULL, NULL, NULL, '', NULL),
(393, 2, 1, '2009-04-24', 'three_flags_4band_georef_250.tif', NULL, NULL, NULL, NULL, NULL, NULL, NULL, NULL, '', NULL),
(394, 20, 2, '2009-05-08', '0-8_4band_georef_cir_250.ecw', NULL, NULL, NULL, NULL, NULL, NULL, NULL, NULL, '', NULL),
(395, 31, 2, '2009-05-08', 'bishop_wistyeria_4band_georef_cir_250.ecw', NULL, NULL, NULL, NULL, NULL, NULL, NULL, NULL, '', NULL),
(396, 30, 2, '2009-05-08', 'bojax_4band_georef_cir_250.ecw', NULL, NULL, NULL, NULL, NULL, NULL, NULL, NULL, '', NULL),
(397, 29, 2, '2009-05-08', 'brandenberg_1_4band_georef_cir_125.ecw', NULL, NULL, NULL, NULL, NULL, NULL, NULL, NULL, '', NULL),
(398, 29, 2, '2009-05-08', 'brandenberg_2_4band_georef_cir_125.ecw', NULL, NULL, NULL, NULL, NULL, NULL, NULL, NULL, '', NULL),
(399, 28, 2, '2009-05-08', 'church_ranch_4band_250.ecw', NULL, NULL, NULL, NULL, NULL, NULL, NULL, NULL, '', NULL),
(400, 27, 2, '2009-05-08', 'ecco_13e_4band_georef_cir_250.ecw', NULL, NULL, NULL, NULL, NULL, NULL, NULL, NULL, '', NULL),
(401, 26, 2, '2009-05-08', 'ecco_25e_4-band_cir_georef.ecw', NULL, NULL, NULL, NULL, NULL, NULL, NULL, NULL, '', NULL),
(402, 25, 2, '2009-05-08', 'ivc_dogwood_67_4band_georef_cir_250.ecw', NULL, NULL, NULL, NULL, NULL, NULL, NULL, NULL, '', NULL),
(403, 24, 2, '2009-05-08', 'kalin_trif_9_4band_georef_cir_250.ecw', NULL, NULL, NULL, NULL, NULL, NULL, NULL, NULL, '', NULL),
(404, 23, 2, '2009-05-08', 'malva_2-9_cir_250.ecw', NULL, NULL, NULL, NULL, NULL, NULL, NULL, NULL, '', NULL),
(405, 22, 2, '2009-05-08', 'n-4_4band_georef_cir_250.ecw', NULL, NULL, NULL, NULL, NULL, NULL, NULL, NULL, '', NULL),
(406, 19, 2, '2009-05-08', 'ohmar_26_4band_georef_cir_250.ecw', NULL, NULL, NULL, NULL, NULL, NULL, NULL, NULL, '', NULL),
(407, 18, 2, '2009-05-08', 'osterkamp_4band_georef_cir_250.ecw', NULL, NULL, NULL, NULL, NULL, NULL, NULL, NULL, '', NULL),
(408, 15, 2, '2009-05-08', 'paramount_flowing_wells_4band_georef_cir_250.ecw', NULL, NULL, NULL, NULL, NULL, NULL, NULL, NULL, '', NULL),
(409, 14, 2, '2009-05-08', 'pfister_home_ranch_4band_georef_cir_250.ecw', NULL, NULL, NULL, NULL, NULL, NULL, NULL, NULL, '', NULL),
(410, 10, 2, '2009-05-08', 'pfister_sprinkler_4band_georef_cir_250.ecw', NULL, NULL, NULL, NULL, NULL, NULL, NULL, NULL, '', NULL),
(411, 9, 2, '2009-05-08', 'quatro_del_mar_4band_georef_cir_250.ecw', NULL, NULL, NULL, NULL, NULL, NULL, NULL, NULL, '', NULL),
(412, 8, 2, '2009-05-08', 'rancho_dos_hermanos_4band_georef_cir_250.ecw', NULL, NULL, NULL, NULL, NULL, NULL, NULL, NULL, '', NULL),
(413, 7, 2, '2009-05-08', 'rbw_4band_georef_cir_250.ecw', NULL, NULL, NULL, NULL, NULL, NULL, NULL, NULL, ' ', NULL),
(414, 6, 2, '2009-05-08', 'rubber_a_4band_georef_cir_250.ecw', NULL, NULL, NULL, NULL, NULL, NULL, NULL, NULL, '', NULL),
(415, 5, 2, '2009-05-08', 'rucker_1_4band_georef_cir_125.ecw', NULL, NULL, NULL, NULL, NULL, NULL, NULL, NULL, '', NULL),
(416, 3, 2, '2009-05-08', 'scheu_4band_georef_cir_250.ecw', NULL, NULL, NULL, NULL, NULL, NULL, NULL, NULL, '', NULL),
(417, 1, 2, '2009-05-08', 'three_flags_2_4band_georef_cir_250.ecw', NULL, NULL, NULL, NULL, NULL, NULL, NULL, NULL, '', NULL),
(418, 2, 2, '2009-05-08', 'three_flags_4band_georef_cir_250.ecw', NULL, NULL, NULL, NULL, NULL, NULL, NULL, NULL, '', NULL),
(419, 20, 3, '2009-05-08', '0-8_ndvi_250.ecw', NULL, NULL, NULL, NULL, NULL, NULL, NULL, NULL, '', NULL),
(420, 31, 3, '2009-05-08', 'bishop_wistyeria_ndvi_georef_250.ecw', NULL, NULL, NULL, NULL, NULL, NULL, NULL, NULL, '', NULL),
(421, 30, 3, '2009-05-08', 'bojax_ndvi_georef_250.ecw', NULL, NULL, NULL, NULL, NULL, NULL, NULL, NULL, '', NULL),
(422, 29, 3, '2009-05-08', 'brandenberg_1_ndvi_georef_125.ecw', NULL, NULL, NULL, NULL, NULL, NULL, NULL, NULL, '', NULL),
(423, 29, 3, '2009-05-08', 'brandenberg_2_ndvi_georef_125.ecw', NULL, NULL, NULL, NULL, NULL, NULL, NULL, NULL, '', NULL),
(424, 28, 3, '2009-05-08', 'church_ranch_ndvi_georef_250.ecw', NULL, NULL, NULL, NULL, NULL, NULL, NULL, NULL, '', NULL),
(425, 27, 3, '2009-05-08', 'ecco_13e_ndvi_georef_250.ecw', NULL, NULL, NULL, NULL, NULL, NULL, NULL, NULL, '', NULL),
(426, 26, 3, '2009-05-08', 'ecco_25e_4-band_ndvi_georef.ecw', NULL, NULL, NULL, NULL, NULL, NULL, NULL, NULL, '', NULL),
(427, 25, 3, '2009-05-08', 'ivc_dogwood_67_ndvi_georef_250.ecw', NULL, NULL, NULL, NULL, NULL, NULL, NULL, NULL, '', NULL),
(428, 24, 3, '2009-05-08', 'kalin_trif_9_ndvi_georef_250.ecw', NULL, NULL, NULL, NULL, NULL, NULL, NULL, NULL, '', NULL),
(429, 23, 3, '2009-05-08', 'malva_2-9_ndvi_250.ecw', NULL, NULL, NULL, NULL, NULL, NULL, NULL, NULL, '', NULL),
(430, 22, 3, '2009-05-08', 'n-4_ndvi_georef_250.ecw', NULL, NULL, NULL, NULL, NULL, NULL, NULL, NULL, '', NULL),
(431, 19, 3, '2009-05-08', 'ohmar_26_ndvi_georef_250.ecw', NULL, NULL, NULL, NULL, NULL, NULL, NULL, NULL, '', NULL),
(432, 18, 3, '2009-05-08', 'osterkamp_ndvi_georef_250.ecw', NULL, NULL, NULL, NULL, NULL, NULL, NULL, NULL, '', NULL),
(433, 15, 3, '2009-05-08', 'paramount_flowing_wells_ndvi_georef_250.ecw', NULL, NULL, NULL, NULL, NULL, NULL, NULL, NULL, '', NULL),
(434, 14, 3, '2009-05-08', 'pfister_home_ranch_ndvi_georef_250.ecw', NULL, NULL, NULL, NULL, NULL, NULL, NULL, NULL, '', NULL),
(435, 10, 3, '2009-05-08', 'pfister_sprinkler_ndvi_georef_250.ecw', NULL, NULL, NULL, NULL, NULL, NULL, NULL, NULL, '', NULL),
(436, 9, 3, '2009-05-08', 'quatro_del_mar_ndvi_georef_250.ecw', NULL, NULL, NULL, NULL, NULL, NULL, NULL, NULL, '', NULL),
(437, 8, 3, '2009-05-08', 'rancho_dos_hermanos_ndvi_georef_250.ecw', NULL, NULL, NULL, NULL, NULL, NULL, NULL, NULL, '', NULL),
(438, 7, 3, '2009-05-08', 'rbw_ndvi_georef_250.ecw', NULL, NULL, NULL, NULL, NULL, NULL, NULL, NULL, ' ', NULL),
(439, 6, 3, '2009-05-08', 'rubber_a_ndvi_georef_250.ecw', NULL, NULL, NULL, NULL, NULL, NULL, NULL, NULL, '', NULL),
(440, 5, 3, '2009-05-08', 'rucker_1_ndvi_georef_125.ecw', NULL, NULL, NULL, NULL, NULL, NULL, NULL, NULL, '', NULL),
(441, 3, 3, '2009-05-08', 'scheu_ndvi_georef_250.ecw', NULL, NULL, NULL, NULL, NULL, NULL, NULL, NULL, '', NULL),
(442, 1, 3, '2009-05-08', 'three_flags_2_ndvi_georef_250.ecw', NULL, NULL, NULL, NULL, NULL, NULL, NULL, NULL, '', NULL),
(443, 2, 3, '2009-05-08', 'three_flags_ndvi_georef_250.ecw', NULL, NULL, NULL, NULL, NULL, NULL, NULL, NULL, '', NULL),
(444, 20, 1, '2009-05-08', '0-8_4-band_georef_rgb_250.ecw', NULL, NULL, NULL, NULL, NULL, NULL, NULL, NULL, '', NULL),
(445, 31, 1, '2009-05-08', 'bishop_wistyeria_4-band_georef_rgb_250.ecw', NULL, NULL, NULL, NULL, NULL, NULL, NULL, NULL, '', NULL),
(446, 30, 1, '2009-05-08', 'bojax_4-band_georef_rgb_250.ecw', NULL, NULL, NULL, NULL, NULL, NULL, NULL, NULL, '', NULL),
(447, 29, 1, '2009-05-08', 'brandenberg_1_4band_georef_rgb_125.ecw', NULL, NULL, NULL, NULL, NULL, NULL, NULL, NULL, '', NULL),
(448, 29, 1, '2009-05-08', 'brandenberg_2_4band_georef_rgb_125.ecw', NULL, NULL, NULL, NULL, NULL, NULL, NULL, NULL, '', NULL),
(449, 28, 1, '2009-05-08', 'church_ranch_4band_rgb_250.ecw', NULL, NULL, NULL, NULL, NULL, NULL, NULL, NULL, '', NULL),
(450, 27, 1, '2009-05-08', 'ecco_13e_4band_georef_rgb_250.ecw', NULL, NULL, NULL, NULL, NULL, NULL, NULL, NULL, '', NULL),
(451, 26, 1, '2009-05-08', 'ecco_25e_4-band_crgb_georef.ecw', NULL, NULL, NULL, NULL, NULL, NULL, NULL, NULL, '', NULL),
(452, 25, 1, '2009-05-08', 'ivc_dogwood_67_4-band_georef_rgb_250.ecw', NULL, NULL, NULL, NULL, NULL, NULL, NULL, NULL, '', NULL),
(453, 24, 1, '2009-05-08', 'kalin_trif_9_4band_georef_rgb_250.ecw', NULL, NULL, NULL, NULL, NULL, NULL, NULL, NULL, '', NULL),
(454, 23, 1, '2009-05-08', 'malva_2-9_rgb_250.ecw', NULL, NULL, NULL, NULL, NULL, NULL, NULL, NULL, '', NULL),
(455, 22, 1, '2009-05-08', 'n-4_4-band_georef_rgb_250.ecw', NULL, NULL, NULL, NULL, NULL, NULL, NULL, NULL, '', NULL),
(456, 19, 1, '2009-05-08', 'ohmar_26_4-band_georef_rgb_250.ecw', NULL, NULL, NULL, NULL, NULL, NULL, NULL, NULL, '', NULL),
(457, 18, 1, '2009-05-08', 'osterkamp_4-band_georef_rgb_250.ecw', NULL, NULL, NULL, NULL, NULL, NULL, NULL, NULL, '', NULL),
(458, 15, 1, '2009-05-08', 'paramount_flowing_wells_4-band_georef_rgb_250.ecw', NULL, NULL, NULL, NULL, NULL, NULL, NULL, NULL, '', NULL),
(459, 14, 1, '2009-05-08', 'pfister_home_ranch_4-band_georef_rgb_250.ecw', NULL, NULL, NULL, NULL, NULL, NULL, NULL, NULL, '', NULL),
(460, 10, 1, '2009-05-08', 'pfister_sprinkler_4-band_georef_rgb_250.ecw', NULL, NULL, NULL, NULL, NULL, NULL, NULL, NULL, '', NULL),
(461, 9, 1, '2009-05-08', 'quatro_del_mar_4-band_georef_rgb_250.ecw', NULL, NULL, NULL, NULL, NULL, NULL, NULL, NULL, '', NULL),
(462, 8, 1, '2009-05-08', 'rancho_dos_hermanos_4-band_georef_rgb_250.ecw', NULL, NULL, NULL, NULL, NULL, NULL, NULL, NULL, '', NULL),
(463, 7, 1, '2009-05-08', 'rbw_4-band_georef_rgb_250.ecw', NULL, NULL, NULL, NULL, NULL, NULL, NULL, NULL, ' ', NULL),
(464, 6, 1, '2009-05-08', 'rubber_a_4-band_georef_rgb_250.ecw', NULL, NULL, NULL, NULL, NULL, NULL, NULL, NULL, '', NULL),
(465, 5, 1, '2009-05-08', 'rucker_1_4-band_georef_rgb_125.ecw', NULL, NULL, NULL, NULL, NULL, NULL, NULL, NULL, '', NULL),
(466, 3, 1, '2009-05-08', 'scheu_4-band_georef_rgb_250.ecw', NULL, NULL, NULL, NULL, NULL, NULL, NULL, NULL, '', NULL),
(467, 1, 1, '2009-05-08', 'three_flags_2_4-band_georef_rgb_250.ecw', NULL, NULL, NULL, NULL, NULL, NULL, NULL, NULL, '', NULL),
(468, 2, 1, '2009-05-08', 'three_flags_4-band_georef_rgb_250.ecw', NULL, NULL, NULL, NULL, NULL, NULL, NULL, NULL, '', NULL),
(469, 20, 1, '2009-05-08', '0-8_4band_georef.tif', NULL, NULL, NULL, NULL, NULL, NULL, NULL, NULL, '', NULL),
(470, 31, 1, '2009-05-08', 'bishop_wisteria_4band_georef_250.tif', NULL, NULL, NULL, NULL, NULL, NULL, NULL, NULL, '', NULL),
(471, 30, 1, '2009-05-08', 'bojax_4band_georef_250.tif', NULL, NULL, NULL, NULL, NULL, NULL, NULL, NULL, '', NULL),
(472, 29, 1, '2009-05-08', 'brandenberg_1_4band_georef_125_01.tif', NULL, NULL, NULL, NULL, NULL, NULL, NULL, NULL, '', NULL),
(473, 29, 1, '2009-05-08', 'brandenberg_2_4band_georef_125.tif', NULL, NULL, NULL, NULL, NULL, NULL, NULL, NULL, '', NULL),
(474, 28, 1, '2009-05-08', 'church_ranch_4band_georef.tif', NULL, NULL, NULL, NULL, NULL, NULL, NULL, NULL, '', NULL),
(475, 27, 1, '2009-05-08', 'ecco_13e_4band_georef_250.tif', NULL, NULL, NULL, NULL, NULL, NULL, NULL, NULL, '', NULL),
(476, 26, 1, '2009-05-08', 'ecco_25e_4-band_georef.tif', NULL, NULL, NULL, NULL, NULL, NULL, NULL, NULL, '', NULL),
(477, 25, 1, '2009-05-08', 'ivc_dogwood_67_4band_georef_250.tif', NULL, NULL, NULL, NULL, NULL, NULL, NULL, NULL, '', NULL),
(478, 24, 1, '2009-05-08', 'Kain_Triff_9_4band.tif', NULL, NULL, NULL, NULL, NULL, NULL, NULL, NULL, '', NULL),
(479, 23, 1, '2009-05-08', 'malva_2-9_4band_georef.tif', NULL, NULL, NULL, NULL, NULL, NULL, NULL, NULL, '', NULL),
(480, 22, 1, '2009-05-08', 'n-4_4band_georef_250.tif', NULL, NULL, NULL, NULL, NULL, NULL, NULL, NULL, '', NULL),
(481, 19, 1, '2009-05-08', 'ohmar_26_4band_georef_250.tif', NULL, NULL, NULL, NULL, NULL, NULL, NULL, NULL, '', NULL),
(482, 18, 1, '2009-05-08', 'osterkamp_4band_georef_250.tif', NULL, NULL, NULL, NULL, NULL, NULL, NULL, NULL, '', NULL),
(483, 15, 1, '2009-05-08', 'paramount_flowing_wells_4band_georef_250.tif', NULL, NULL, NULL, NULL, NULL, NULL, NULL, NULL, '', NULL),
(484, 14, 1, '2009-05-08', 'pfister_home_ranch_4band_georef_250.tif', NULL, NULL, NULL, NULL, NULL, NULL, NULL, NULL, '', NULL),
(485, 10, 1, '2009-05-08', 'pfister_sprinkler_4band_georef_250.tif', NULL, NULL, NULL, NULL, NULL, NULL, NULL, NULL, '', NULL),
(486, 9, 1, '2009-05-08', 'quatro_del_mar_4band_georef_250.tif', NULL, NULL, NULL, NULL, NULL, NULL, NULL, NULL, '', NULL),
(487, 8, 1, '2009-05-08', 'ranchos_dos_hermanos_4band_georef_250.tif', NULL, NULL, NULL, NULL, NULL, NULL, NULL, NULL, '', NULL),
(488, 7, 1, '2009-05-08', 'rbw_4band_georef_250.tif', NULL, NULL, NULL, NULL, NULL, NULL, NULL, NULL, ' ', NULL),
(489, 6, 1, '2009-05-08', 'rubber_a_4band_georef_250.tif', NULL, NULL, NULL, NULL, NULL, NULL, NULL, NULL, '', NULL),
(490, 5, 1, '2009-05-08', 'rucker_1_4band_georef_125.tif', NULL, NULL, NULL, NULL, NULL, NULL, NULL, NULL, '', NULL),
(491, 3, 1, '2009-05-08', 'scheu_4band_georef_250.tif', NULL, NULL, NULL, NULL, NULL, NULL, NULL, NULL, '', NULL),
(492, 1, 1, '2009-05-08', 'three_flags_2_4band_georef_250.tif', NULL, NULL, NULL, NULL, NULL, NULL, NULL, NULL, '', NULL),
(493, 2, 1, '2009-05-08', 'three_flags_4band_georef_250.tif', NULL, NULL, NULL, NULL, NULL, NULL, NULL, NULL, '', NULL),
(494, 31, 2, '2009-05-22', 'bishop_wisteryia_4band_cir_georef_250.ecw', NULL, NULL, NULL, NULL, NULL, NULL, NULL, NULL, '', NULL),
(495, 30, 2, '2009-05-22', 'bojax_4band_georef_cir_250.ecw', NULL, NULL, NULL, NULL, NULL, NULL, NULL, NULL, '', NULL),
(496, 26, 2, '2009-05-22', 'ecco_25e_cir_georef_250.ecw', NULL, NULL, NULL, NULL, NULL, NULL, NULL, NULL, '', NULL),
(497, 27, 2, '2009-05-22', 'ecco13e_cir_georef_250.ecw', NULL, NULL, NULL, NULL, NULL, NULL, NULL, NULL, '', NULL),
(498, 25, 2, '2009-05-22', 'ivc_dogwood_67_4band_georef_250_cir.ecw', NULL, NULL, NULL, NULL, NULL, NULL, NULL, NULL, '', NULL),
(499, 24, 2, '2009-05-22', 'kalin_trif_9_cir_georef_250.ecw', NULL, NULL, NULL, NULL, NULL, NULL, NULL, NULL, '', NULL),
(500, 23, 2, '2009-05-22', 'malva_29_10band_georef_250_cir.ecw', NULL, NULL, NULL, NULL, NULL, NULL, NULL, NULL, '', NULL),
(501, 22, 2, '2009-05-22', 'n4_4band_georef_250_cir.ecw', NULL, NULL, NULL, NULL, NULL, NULL, NULL, NULL, '', NULL),
(502, 20, 2, '2009-05-22', 'o-8_4band_georef_250_cir.ecw', NULL, NULL, NULL, NULL, NULL, NULL, NULL, NULL, '', NULL),
(503, 19, 2, '2009-05-22', 'ohmar_26_4band_georef_250_cir.ecw', NULL, NULL, NULL, NULL, NULL, NULL, NULL, NULL, '', NULL),
(504, 18, 2, '2009-05-22', 'osterkamp_10band_georef_250_cir.ecw', NULL, NULL, NULL, NULL, NULL, NULL, NULL, NULL, '', NULL),
(505, 15, 2, '2009-05-22', 'parafw_4band_georef_250_cir.ecw', NULL, NULL, NULL, NULL, NULL, NULL, NULL, NULL, '', NULL),
(506, 6, 2, '2009-05-22', 'rubber_a_4band_georef_250_cir.ecw', NULL, NULL, NULL, NULL, NULL, NULL, NULL, NULL, '', NULL),
(507, 5, 2, '2009-05-22', 'rucker_1_10band_georef_125_cir.ecw', NULL, NULL, NULL, NULL, NULL, NULL, NULL, NULL, '', NULL),
(508, 2, 2, '2009-05-22', 'three_flags_10band_georef_250_cir.ecw', NULL, NULL, NULL, NULL, NULL, NULL, NULL, NULL, '', NULL),
(509, 1, 2, '2009-05-22', 'threeflags2_10band_georef_250_cir.ecw', NULL, NULL, NULL, NULL, NULL, NULL, NULL, NULL, '', NULL),
(510, 31, 3, '2009-05-22', 'bishop_wisteryia_ndvi_georef_250.ecw', NULL, NULL, NULL, NULL, NULL, NULL, NULL, NULL, '', NULL),
(511, 30, 3, '2009-05-22', 'bojax_ndvi_georef_250.ecw', NULL, NULL, NULL, NULL, NULL, NULL, NULL, NULL, '', NULL),
(512, 27, 3, '2009-05-22', 'ecco_13e_ndvi_georef_250.ecw', NULL, NULL, NULL, NULL, NULL, NULL, NULL, NULL, '', NULL),
(513, 26, 3, '2009-05-22', 'ecco_25e_ndvi_georef_250.ecw', NULL, NULL, NULL, NULL, NULL, NULL, NULL, NULL, '', NULL),
(514, 25, 3, '2009-05-22', 'ivc_dogwood_67_ndvi_georef_250.ecw', NULL, NULL, NULL, NULL, NULL, NULL, NULL, NULL, '', NULL),
(515, 24, 3, '2009-05-22', 'kalin_trif_9_ndvi_georef_250.ecw', NULL, NULL, NULL, NULL, NULL, NULL, NULL, NULL, '', NULL),
(516, 23, 3, '2009-05-22', 'malva_29_10band_georef_250_ndvi.ecw', NULL, NULL, NULL, NULL, NULL, NULL, NULL, NULL, '', NULL),
(517, 22, 3, '2009-05-22', 'n4_ndvi_georef_250.ecw', NULL, NULL, NULL, NULL, NULL, NULL, NULL, NULL, '', NULL),
(518, 20, 3, '2009-05-22', 'o8_ndvi_georef_250.ecw', NULL, NULL, NULL, NULL, NULL, NULL, NULL, NULL, '', NULL),
(519, 19, 3, '2009-05-22', 'ohmar_26_ndvi_georef_250.ecw', NULL, NULL, NULL, NULL, NULL, NULL, NULL, NULL, '', NULL),
(520, 18, 3, '2009-05-22', 'osterkamp_10band_georef_250_ndvi.ecw', NULL, NULL, NULL, NULL, NULL, NULL, NULL, NULL, '', NULL),
(521, 15, 3, '2009-05-22', 'parafw_ndvi_georef_250.ecw', NULL, NULL, NULL, NULL, NULL, NULL, NULL, NULL, '', NULL),
(522, 6, 3, '2009-05-22', 'rubber_a_ndvi_georef_250.ecw', NULL, NULL, NULL, NULL, NULL, NULL, NULL, NULL, '', NULL),
(523, 5, 3, '2009-05-22', 'rucker_1_10band_georef_125_ndvi.ecw', NULL, NULL, NULL, NULL, NULL, NULL, NULL, NULL, '', NULL),
(524, 2, 3, '2009-05-22', 'three_flags_10band_georef_250_ndvi.ecw', NULL, NULL, NULL, NULL, NULL, NULL, NULL, NULL, '', NULL),
(525, 1, 3, '2009-05-22', 'threeflags2_10band_georef_250_ndvi.ecw', NULL, NULL, NULL, NULL, NULL, NULL, NULL, NULL, '', NULL),
(526, 31, 5, '2009-05-22', 'bishop_wisteryia_ndviHD_georef_250.ecw', NULL, NULL, NULL, NULL, NULL, NULL, NULL, NULL, '', NULL),
(527, 30, 5, '2009-05-22', 'bojax_ndvihd_georef_250.ecw', NULL, NULL, NULL, NULL, NULL, NULL, NULL, NULL, '', NULL),
(528, 27, 5, '2009-05-22', 'ecco_13e_ndviHD_georef_250.ecw', NULL, NULL, NULL, NULL, NULL, NULL, NULL, NULL, '', NULL),
(529, 26, 5, '2009-05-22', 'ecco_25e_ndviHD_georef_250.ecw', NULL, NULL, NULL, NULL, NULL, NULL, NULL, NULL, '', NULL),
(530, 25, 5, '2009-05-22', 'ivc_dogwood_67_ndvihd_georef_250.ecw', NULL, NULL, NULL, NULL, NULL, NULL, NULL, NULL, '', NULL),
(531, 24, 5, '2009-05-22', 'kalin_trif_9_ndviHD_georef_250.ecw', NULL, NULL, NULL, NULL, NULL, NULL, NULL, NULL, '', NULL),
(532, 23, 5, '2009-05-22', 'malva_29_10band_georef_250_ndvihd.ecw', NULL, NULL, NULL, NULL, NULL, NULL, NULL, NULL, '', NULL),
(533, 22, 5, '2009-05-22', 'n4_ndvihd_georef_250.ecw', NULL, NULL, NULL, NULL, NULL, NULL, NULL, NULL, '', NULL),
(534, 20, 5, '2009-05-22', 'o-8_ndvihd_georef_250.ecw', NULL, NULL, NULL, NULL, NULL, NULL, NULL, NULL, '', NULL),
(535, 19, 5, '2009-05-22', 'ohmar_26_ndvihd_georef_250.ecw', NULL, NULL, NULL, NULL, NULL, NULL, NULL, NULL, '', NULL),
(536, 18, 5, '2009-05-22', 'osterkamp_10band_georef_250_ndvihd.ecw', NULL, NULL, NULL, NULL, NULL, NULL, NULL, NULL, '', NULL),
(537, 15, 5, '2009-05-22', 'parafw_ndvihd_georef_250.ecw', NULL, NULL, NULL, NULL, NULL, NULL, NULL, NULL, '', NULL),
(538, 6, 5, '2009-05-22', 'rubber_a_ndvihd_georef_250.ecw', NULL, NULL, NULL, NULL, NULL, NULL, NULL, NULL, '', NULL),
(539, 5, 5, '2009-05-22', 'rucker_1_10band_georef_125_ndvihd.ecw', NULL, NULL, NULL, NULL, NULL, NULL, NULL, NULL, '', NULL),
(540, 2, 5, '2009-05-22', 'three_flags_10band_georef_250_ndvihd.ecw', NULL, NULL, NULL, NULL, NULL, NULL, NULL, NULL, '', NULL),
(541, 1, 5, '2009-05-22', 'threeflags2_10band_georef_250_ndvihd.ecw', NULL, NULL, NULL, NULL, NULL, NULL, NULL, NULL, '', NULL),
(542, 31, 1, '2009-05-22', 'bishop_wisteryia_4band_georef_rgb_250.ecw', NULL, NULL, NULL, NULL, NULL, NULL, NULL, NULL, '', NULL),
(543, 30, 1, '2009-05-22', 'bojax_4band_georef_rgb_250.ecw', NULL, NULL, NULL, NULL, NULL, NULL, NULL, NULL, '', NULL),
(544, 27, 1, '2009-05-22', 'ecco_13e_4band_georef_rgb_250.ecw', NULL, NULL, NULL, NULL, NULL, NULL, NULL, NULL, '', NULL),
(545, 26, 1, '2009-05-22', 'ecco_25e_4band_georef_rgb_250.ecw', NULL, NULL, NULL, NULL, NULL, NULL, NULL, NULL, '', NULL),
(546, 25, 1, '2009-05-22', 'ivc_dogwood_67_4band_georef_250_rgb.ecw', NULL, NULL, NULL, NULL, NULL, NULL, NULL, NULL, '', NULL),
(547, 24, 1, '2009-05-22', 'kalin_trif_9_4band_georef_rgb_250.ecw', NULL, NULL, NULL, NULL, NULL, NULL, NULL, NULL, '', NULL),
(548, 23, 1, '2009-05-22', 'malva_29_10band_georef_250_rgb.ecw', NULL, NULL, NULL, NULL, NULL, NULL, NULL, NULL, '', NULL),
(549, 22, 1, '2009-05-22', 'n4_4band_georef_250_rgb.ecw', NULL, NULL, NULL, NULL, NULL, NULL, NULL, NULL, '', NULL),
(550, 20, 1, '2009-05-22', 'o-8_4band_georef_250_rgb.ecw', NULL, NULL, NULL, NULL, NULL, NULL, NULL, NULL, '', NULL),
(551, 19, 1, '2009-05-22', 'ohmar_26_4band_georef_250_rgb.ecw', NULL, NULL, NULL, NULL, NULL, NULL, NULL, NULL, '', NULL),
(552, 18, 1, '2009-05-22', 'osterkamp_10band_georef_250_rgb.ecw', NULL, NULL, NULL, NULL, NULL, NULL, NULL, NULL, '', NULL),
(553, 15, 1, '2009-05-22', 'parafw_4band_georef_250_rgb.ecwparafw', NULL, NULL, NULL, NULL, NULL, NULL, NULL, NULL, '', NULL),
(554, 6, 1, '2009-05-22', 'rubber_a_4band_georef_250_rgb.ecw', NULL, NULL, NULL, NULL, NULL, NULL, NULL, NULL, '', NULL),
(555, 5, 1, '2009-05-22', 'rucker_1_10band_georef_125_rgb.ecw', NULL, NULL, NULL, NULL, NULL, NULL, NULL, NULL, '', NULL),
(556, 2, 1, '2009-05-22', 'three_flags_10band_georef_250_rgb.ecw', NULL, NULL, NULL, NULL, NULL, NULL, NULL, NULL, '', NULL),
(557, 1, 1, '2009-05-22', 'threeflags2_10band_georef_250_rgb.ecw', NULL, NULL, NULL, NULL, NULL, NULL, NULL, NULL, '', NULL),
(558, 31, 1, '2009-05-22', 'bishop_4band_georef_250.tif', NULL, NULL, NULL, NULL, NULL, NULL, NULL, NULL, '', NULL),
(559, 30, 1, '2009-05-22', 'bojax_4band_georef_250.tif', NULL, NULL, NULL, NULL, NULL, NULL, NULL, NULL, '', NULL),
(560, 27, 1, '2009-05-22', 'ecco_13e_4band_georef_250.tif', NULL, NULL, NULL, NULL, NULL, NULL, NULL, NULL, '', NULL),
(561, 26, 1, '2009-05-22', 'ecco_25e_4band_georef_250.tif', NULL, NULL, NULL, NULL, NULL, NULL, NULL, NULL, '', NULL),
(562, 24, 1, '2009-05-22', 'kalin_trif_9_4band_georef_250_ck.tif', NULL, NULL, NULL, NULL, NULL, NULL, NULL, NULL, '', NULL),
(563, 40, 2, '2009-06-12', 'al_kalin_bn1_bn2_12band_georef_250_cropped_cir.ecw', NULL, NULL, NULL, NULL, NULL, NULL, NULL, NULL, ' ', NULL),
(564, 36, 2, '2009-06-12', 'al_kalin_fuller_12band_georef_250_cropped_cir.ecw', NULL, NULL, NULL, NULL, NULL, NULL, NULL, NULL, '', NULL),
(565, 27, 2, '2009-06-12', 'ecco13e_12band_georef_250_cropped_cir.ecw', NULL, NULL, NULL, NULL, NULL, NULL, NULL, NULL, '', NULL),
(566, 24, 2, '2009-06-12', 'kalintrif9_12band_georef_250_cropped_cir.ecw', NULL, NULL, NULL, NULL, NULL, NULL, NULL, NULL, '', NULL),
(567, 23, 2, '2009-06-12', 'malva29_12band_georef_250_cropped_cir.ecw', NULL, NULL, NULL, NULL, NULL, NULL, NULL, NULL, '', NULL),
(568, 22, 2, '2009-06-12', 'n4_12band_georef_250_cropped_cir.ecw', NULL, NULL, NULL, NULL, NULL, NULL, NULL, NULL, '', NULL),
(569, 19, 2, '2009-06-12', 'ohmar26_12band_georef_250_cropped_cir.ecw', NULL, NULL, NULL, NULL, NULL, NULL, NULL, NULL, '', NULL),
(570, 15, 2, '2009-06-12', 'parafw_12band_georef_250_cropped_cir.ecw', NULL, NULL, NULL, NULL, NULL, NULL, NULL, NULL, '', NULL),
(571, 33, 2, '2009-06-12', 'smilex58_smilex59_12band_georef_250_cropped_cir.ecw', NULL, NULL, NULL, NULL, NULL, NULL, NULL, NULL, '', NULL),
(572, 34, 2, '2009-06-12', 'smilex_65_12band_georef_250_cropped_cir.ecw', NULL, NULL, NULL, NULL, NULL, NULL, NULL, NULL, '', NULL),
(573, 35, 2, '2009-06-12', 'spruce166_12band_georef_250_cropped_cir.ecw', NULL, NULL, NULL, NULL, NULL, NULL, NULL, NULL, '', NULL),
(574, 40, 3, '2009-06-12', 'al_kalin_bn1_bn2_12band_georef_250_cropped_ndvi.ecw', NULL, NULL, NULL, NULL, NULL, NULL, NULL, NULL, ' ', NULL),
(575, 36, 3, '2009-06-12', 'al_kalin_fuller_12band_georef_250_cropped_ndvi.ecw', NULL, NULL, NULL, NULL, NULL, NULL, NULL, NULL, '', NULL),
(576, 27, 3, '2009-06-12', 'ecco13e_12band_georef_250_cropped_ndvi.ecw', NULL, NULL, NULL, NULL, NULL, NULL, NULL, NULL, '', NULL),
(577, 24, 3, '2009-06-12', 'kalintrif9_12band_georef_250_cropped_ndvi.ecw', NULL, NULL, NULL, NULL, NULL, NULL, NULL, NULL, '', NULL),
(578, 23, 3, '2009-06-12', 'malva29_12band_georef_250_cropped_ndvi.ecw', NULL, NULL, NULL, NULL, NULL, NULL, NULL, NULL, '', NULL),
(579, 22, 3, '2009-06-12', 'n4_12band_georef_250_cropped_ndvi.ecw', NULL, NULL, NULL, NULL, NULL, NULL, NULL, NULL, '', NULL),
(580, 19, 3, '2009-06-12', 'ohmar26_12band_georef_250_cropped_ndvi.ecw', NULL, NULL, NULL, NULL, NULL, NULL, NULL, NULL, '', NULL),
(581, 15, 3, '2009-06-12', 'parafw_12band_georef_250_cropped_ndvi.ecw', NULL, NULL, NULL, NULL, NULL, NULL, NULL, NULL, '', NULL),
(582, 33, 3, '2009-06-12', 'smilex58_smilex59_12band_georef_250_cropped_ndvi.ecw', NULL, NULL, NULL, NULL, NULL, NULL, NULL, NULL, '', NULL),
(583, 34, 3, '2009-06-12', 'smilex_65_12band_georef_250_cropped_ndvi.ecw', NULL, NULL, NULL, NULL, NULL, NULL, NULL, NULL, '', NULL),
(584, 35, 3, '2009-06-12', 'spruce166_12band_georef_250_cropped_ndvi.ecw', NULL, NULL, NULL, NULL, NULL, NULL, NULL, NULL, '', NULL),
(585, 40, 5, '2009-06-12', 'al_kalin_bn1_bn2_12band_georef_250_cropped_ndvihd.ecw', NULL, NULL, NULL, NULL, NULL, NULL, NULL, NULL, ' ', NULL),
(586, 36, 5, '2009-06-12', 'al_kalin_fuller_12band_georef_250_cropped_ndvihd.ecw', NULL, NULL, NULL, NULL, NULL, NULL, NULL, NULL, '', NULL),
(587, 27, 5, '2009-06-12', 'ecco13e_12band_georef_250_cropped_ndvihd.ecw', NULL, NULL, NULL, NULL, NULL, NULL, NULL, NULL, '', NULL),
(588, 23, 5, '2009-06-12', 'malva29_12band_georef_250_cropped_ndvihd.ecw', NULL, NULL, NULL, NULL, NULL, NULL, NULL, NULL, '', NULL),
(589, 22, 5, '2009-06-12', 'n4_12band_georef_250_cropped_ndvihd.ecw', NULL, NULL, NULL, NULL, NULL, NULL, NULL, NULL, '', NULL),
(590, 19, 5, '2009-06-12', 'ohmar26_12band_georef_250_cropped_ndvihd.ecw', NULL, NULL, NULL, NULL, NULL, NULL, NULL, NULL, '', NULL),
(591, 15, 5, '2009-06-12', 'parafw_12band_georef_250_cropped_ndvihd.ecw', NULL, NULL, NULL, NULL, NULL, NULL, NULL, NULL, '', NULL),
(592, 33, 5, '2009-06-12', 'smilex58_smilex59_12band_georef_250_cropped_ndvihd.ecw', NULL, NULL, NULL, NULL, NULL, NULL, NULL, NULL, '', NULL),
(593, 34, 5, '2009-06-12', 'smilex_65_12band_georef_250_cropped_ndvihd.ecw', NULL, NULL, NULL, NULL, NULL, NULL, NULL, NULL, '', NULL),
(594, 35, 5, '2009-06-12', 'spruce166_12band_georef_250_cropped_ndvihd.ecw', NULL, NULL, NULL, NULL, NULL, NULL, NULL, NULL, '', NULL),
(595, 40, 1, '2009-06-12', 'al_kalin_bn1_bn2_12band_georef_250_cropped_rgb.ecw', NULL, NULL, NULL, NULL, NULL, NULL, NULL, NULL, ' ', NULL),
(596, 36, 1, '2009-06-12', 'al_kalin_fuller_12band_georef_250_cropped_rgb.ecw', NULL, NULL, NULL, NULL, NULL, NULL, NULL, NULL, '', NULL),
(597, 27, 1, '2009-06-12', 'ecco13e_12band_georef_250_cropped_rgb.ecw', NULL, NULL, NULL, NULL, NULL, NULL, NULL, NULL, '', NULL),
(598, 24, 5, '2009-06-12', 'kalintrif9_12band_georef_250_cropped_ndvihd.ecw', NULL, NULL, NULL, NULL, NULL, NULL, NULL, NULL, ' ', NULL),
(599, 24, 1, '2009-06-12', 'kalintrif9_12band_georef_250_cropped_rgb.ecw', NULL, NULL, NULL, NULL, NULL, NULL, NULL, NULL, '', NULL),
(600, 23, 1, '2009-06-12', 'malva29_12band_georef_250_cropped_rgb.ecw', NULL, NULL, NULL, NULL, NULL, NULL, NULL, NULL, '', NULL),
(601, 22, 1, '2009-06-12', 'n4_12band_georef_250_cropped_rgb.ecw', NULL, NULL, NULL, NULL, NULL, NULL, NULL, NULL, '', NULL),
(602, 19, 1, '2009-06-12', 'ohmar26_12band_georef_250_cropped_rgb.ecw', NULL, NULL, NULL, NULL, NULL, NULL, NULL, NULL, '', NULL),
(603, 15, 1, '2009-06-12', 'parafw_12band_georef_250_cropped_rgb.ecw', NULL, NULL, NULL, NULL, NULL, NULL, NULL, NULL, '', NULL),
(604, 33, 1, '2009-06-12', 'smilex58_smilex59_12band_georef_250_cropped_rgb.ecw', NULL, NULL, NULL, NULL, NULL, NULL, NULL, NULL, '', NULL),
(605, 34, 1, '2009-06-12', 'smilex_65_12band_georef_250_cropped_rgb.ecw', NULL, NULL, NULL, NULL, NULL, NULL, NULL, NULL, '', NULL),
(606, 35, 1, '2009-06-12', 'spruce166_12band_georef_250_cropped_rgb.ecw', NULL, NULL, NULL, NULL, NULL, NULL, NULL, NULL, '', NULL),
(607, 37, 2, '2009-06-12', 'branden2_12band_georef_125_cropped_cir', NULL, NULL, NULL, NULL, NULL, NULL, NULL, NULL, ' ', NULL),
(608, 5, 2, '2009-06-12', 'rucker1_12band_georef_125_cropped_cir.ecw', NULL, NULL, NULL, NULL, NULL, NULL, NULL, NULL, ' ', NULL),
(609, 1, 2, '2009-06-12', 'threeflags2_12band_georef_250_cropped_cir.ecw', NULL, NULL, NULL, NULL, NULL, NULL, NULL, NULL, ' ', NULL),
(610, 2, 2, '2009-06-12', 'threeflags_12band_georef_250_cropped_cir.ecw', NULL, NULL, NULL, NULL, NULL, NULL, NULL, NULL, ' ', NULL),
(611, 37, 3, '2009-06-12', 'branden2_12band_georef_125_cropped_ndvi.ecw', NULL, NULL, NULL, NULL, NULL, NULL, NULL, NULL, ' ', NULL),
(612, 5, 3, '2009-06-12', 'rucker1_12band_georef_125_cropped_ndvi.ecw', NULL, NULL, NULL, NULL, NULL, NULL, NULL, NULL, ' ', NULL),
(613, 1, 3, '2009-06-12', 'threeflags2_12band_georef_250_cropped_ndvi.ecw', NULL, NULL, NULL, NULL, NULL, NULL, NULL, NULL, ' ', NULL),
(614, 2, 3, '2009-06-12', 'threeflags_12band_georef_250_cropped_ndvi.ecw', NULL, NULL, NULL, NULL, NULL, NULL, NULL, NULL, ' ', NULL),
(615, 37, 5, '2009-06-12', 'branden2_12band_georef_125_cropped_ndvihd.ecw', NULL, NULL, NULL, NULL, NULL, NULL, NULL, NULL, ' ', NULL),
(616, 5, 5, '2009-06-12', 'rucker1_12band_georef_125_cropped_ndvihd.ecw', NULL, NULL, NULL, NULL, NULL, NULL, NULL, NULL, ' ', NULL),
(617, 1, 5, '2009-06-12', 'threeflags2_12band_georef_250_cropped_ndvihd.ecw', NULL, NULL, NULL, NULL, NULL, NULL, NULL, NULL, ' ', NULL),
(618, 2, 5, '2009-06-12', 'threeflags_12band_georef_250_cropped_ndvihd.ecw', NULL, NULL, NULL, NULL, NULL, NULL, NULL, NULL, ' ', NULL),
(619, 37, 1, '2009-06-12', 'branden2_12band_georef_125_cropped_rgb.ecw', NULL, NULL, NULL, NULL, NULL, NULL, NULL, NULL, ' ', NULL),
(620, 5, 1, '2009-06-12', 'rucker1_12band_georef_125_cropped_rgb.ecw', NULL, NULL, NULL, NULL, NULL, NULL, NULL, NULL, ' ', NULL),
(621, 1, 1, '2009-06-12', 'threeflags2_12band_georef_250_cropped_rgb.ecw', NULL, NULL, NULL, NULL, NULL, NULL, NULL, NULL, ' ', NULL),
(622, 2, 1, '2009-06-12', 'threeflags_12band_georef_250_cropped_rgb.ecw', NULL, NULL, NULL, NULL, NULL, NULL, NULL, NULL, ' ', NULL),
(628, 30, 2, '2009-06-12', 'bojax_12band_georef_cropped_cir.ecw', NULL, NULL, NULL, NULL, NULL, NULL, NULL, NULL, ' ', NULL),
(629, 28, 2, '2009-06-12', 'churchran_12band_georef_250_cropped_cir.ecw', NULL, NULL, NULL, NULL, NULL, NULL, NULL, NULL, ' ', NULL),
(630, 26, 2, '2009-06-12', 'ecco25e_12band_georef_250_cropped_cir.ecw', NULL, NULL, NULL, NULL, NULL, NULL, NULL, NULL, ' ', NULL),
(631, 38, 2, '2009-06-12', 'indsprings_12band_georef_125_cropped_cir.ecw', NULL, NULL, NULL, NULL, NULL, NULL, NULL, NULL, ' ', NULL),
(632, 20, 2, '2009-06-12', 'o8_12_band_georef_250_cropped_cir.ecw', NULL, NULL, NULL, NULL, NULL, NULL, NULL, NULL, ' ', NULL),
(633, 9, 2, '2009-06-12', 'quatro_del_mar_georef_cropped_125_cir.ecw', NULL, NULL, NULL, NULL, NULL, NULL, NULL, NULL, ' ', NULL),
(634, 8, 2, '2009-06-12', 'ranchosdh_12_band_georef_250_01_cropped_cir.ecw', NULL, NULL, NULL, NULL, NULL, NULL, NULL, NULL, ' ', NULL),
(635, 7, 2, '2009-06-12', 'rbw_12band_georef_250_cropped_cir.ecw', NULL, NULL, NULL, NULL, NULL, NULL, NULL, NULL, ' ', NULL),
(636, 3, 2, '2009-06-12', 'sheu_12_band_georef_250_01_cropped_cir.ecw', NULL, NULL, NULL, NULL, NULL, NULL, NULL, NULL, ' ', NULL),
(637, 30, 3, '2009-06-12', 'bojax_12band_georef_cropped_ndvi.ecw', NULL, NULL, NULL, NULL, NULL, NULL, NULL, NULL, ' ', NULL),
(638, 28, 3, '2009-06-12', 'churchran_12band_georef_250_cropped_ndvi.ecw', NULL, NULL, NULL, NULL, NULL, NULL, NULL, NULL, ' ', NULL),
(639, 26, 3, '2009-06-12', 'ecco25e_12band_georef_250_cropped_ndvi.ecw', NULL, NULL, NULL, NULL, NULL, NULL, NULL, NULL, ' ', NULL),
(640, 38, 3, '2009-06-12', 'indsprings_12band_georef_125_cropped_ndvi.ecw', NULL, NULL, NULL, NULL, NULL, NULL, NULL, NULL, ' ', NULL),
(641, 20, 3, '2009-06-12', 'o8_12_band_georef_250_cropped_ndvi.ecw', NULL, NULL, NULL, NULL, NULL, NULL, NULL, NULL, ' ', NULL),
(642, 9, 3, '2009-06-12', 'quatro_del_mar_georef_125_cropped_ndvi.ecw', NULL, NULL, NULL, NULL, NULL, NULL, NULL, NULL, ' ', NULL),
(643, 8, 3, '2009-06-12', 'ranchosdh_12_band_georef_250_cropped_ndvi.ecw', NULL, NULL, NULL, NULL, NULL, NULL, NULL, NULL, ' ', NULL),
(644, 7, 3, '2009-06-12', 'rbw_12band_georef_250_cropped_ndvi.ecw', NULL, NULL, NULL, NULL, NULL, NULL, NULL, NULL, ' ', NULL),
(645, 3, 3, '2009-06-12', 'sheu_12_band_georef_250_01_cropped_ndvi.ecw', NULL, NULL, NULL, NULL, NULL, NULL, NULL, NULL, ' ', NULL),
(646, 30, 5, '2009-06-12', 'bojax_12band_georef_cropped_ndvihd.ecw', NULL, NULL, NULL, NULL, NULL, NULL, NULL, NULL, ' ', NULL),
(647, 28, 5, '2009-06-12', 'churchran_12band_georef_250_cropped_ndvihd.ecw', NULL, NULL, NULL, NULL, NULL, NULL, NULL, NULL, ' ', NULL),
(648, 26, 5, '2009-06-12', 'ecco25e_12band_georef_250_cropped_ndvihd.ecw', NULL, NULL, NULL, NULL, NULL, NULL, NULL, NULL, ' ', NULL),
(649, 38, 5, '2009-06-12', 'indsprings_12band_georef_125_cropped_ndvihd.ecw', NULL, NULL, NULL, NULL, NULL, NULL, NULL, NULL, ' ', NULL),
(650, 20, 5, '2009-06-12', 'o8_12_band_georef_250_cropped_ndvihd.ecw', NULL, NULL, NULL, NULL, NULL, NULL, NULL, NULL, ' ', NULL),
(651, 8, 5, '2009-06-12', 'ranchosdh_12_band_georef_250_cropped_ndvihd.ecw', NULL, NULL, NULL, NULL, NULL, NULL, NULL, NULL, ' ', NULL),
(652, 7, 5, '2009-06-12', 'rbw_12band_georef_250_cropped_ndvihd.ecw', NULL, NULL, NULL, NULL, NULL, NULL, NULL, NULL, ' ', NULL),
(653, 3, 5, '2009-06-12', 'sheu_12_band_georef_250_01_cropped_ndvihd.ecw', NULL, NULL, NULL, NULL, NULL, NULL, NULL, NULL, ' ', NULL),
(654, 30, 1, '2009-06-12', 'bojax_12band_georef_cropped_rgb.ecw', NULL, NULL, NULL, NULL, NULL, NULL, NULL, NULL, ' ', NULL),
(655, 28, 1, '2009-06-12', 'churchran_12band_georef_250_cropped_rgb.ecw', NULL, NULL, NULL, NULL, NULL, NULL, NULL, NULL, ' ', NULL),
(656, 26, 1, '2009-06-12', 'ecco25e_12band_georef_250_cropped_rgb.ecw', NULL, NULL, NULL, NULL, NULL, NULL, NULL, NULL, ' ', NULL),
(657, 38, 1, '2009-06-12', 'indsprings_12band_georef_125_cropped_rgb.ecw', NULL, NULL, NULL, NULL, NULL, NULL, NULL, NULL, ' ', NULL),
(658, 20, 1, '2009-06-12', 'o8_12_band_georef_250_cropped_rgb.ecw', NULL, NULL, NULL, NULL, NULL, NULL, NULL, NULL, ' ', NULL),
(659, 9, 1, '2009-06-12', 'quatro_del_mar_georef_125_cropped_rgb.ecw', NULL, NULL, NULL, NULL, NULL, NULL, NULL, NULL, ' ', NULL),
(660, 8, 1, '2009-06-12', 'ranchosdh_12_band_georef_250_cropped_rgb.ecw', NULL, NULL, NULL, NULL, NULL, NULL, NULL, NULL, ' ', NULL),
(661, 7, 1, '2009-06-12', 'rbw_12band_georef_250_cropped_rgb.ecw', NULL, NULL, NULL, NULL, NULL, NULL, NULL, NULL, ' ', NULL),
(662, 3, 1, '2009-06-12', 'sheu_12_band_georef_250_cropped_rgb.ecw', NULL, NULL, NULL, NULL, NULL, NULL, NULL, NULL, ' ', NULL),
(663, 9, 5, '2009-06-12', 'quatro_del_mar_georef_125_cropped_ndvihd.ecw', NULL, NULL, NULL, NULL, NULL, NULL, NULL, NULL, ' ', NULL),
(664, 29, 1, '2009-06-12', 'branden1_12band_georef_01_cropped_rgb.ecw', NULL, NULL, NULL, NULL, NULL, NULL, NULL, NULL, ' ', NULL),
(665, 29, 5, '2009-06-12', 'branden1_12band_georef_01_croppedndvihd.ecw', NULL, NULL, NULL, NULL, NULL, NULL, NULL, NULL, ' ', NULL),
(666, 29, 3, '2009-06-12', 'branden1_12band_georef_01_cropped_ndvi.ecw', NULL, NULL, NULL, NULL, NULL, NULL, NULL, NULL, ' ', NULL),
(667, 29, 2, '2009-06-12', 'branden1_12band_georef_01_cropped_cir.ecw', NULL, NULL, NULL, NULL, NULL, NULL, NULL, NULL, ' ', NULL),
(668, 29, 2, '2009-05-22', 'branden1_10band_georef_125_cir.ecw', NULL, NULL, NULL, NULL, NULL, NULL, NULL, NULL, ' ', NULL),
(669, 37, 2, '2009-05-22', 'branden2_10band_georef_125_cir.ecw', NULL, NULL, NULL, NULL, NULL, NULL, NULL, NULL, ' ', NULL),
(670, 28, 2, '2009-05-22', 'church_ranch_10band_georef_250_cir.ecw', NULL, NULL, NULL, NULL, NULL, NULL, NULL, NULL, ' ', NULL),
(671, 9, 2, '2009-05-22', 'quatrodm_10band_georef_250_cir.ecw', NULL, NULL, NULL, NULL, NULL, NULL, NULL, NULL, ' ', NULL),
(672, 8, 2, '2009-05-22', 'ranchosdh_10band_georef_250_cir.ecw', NULL, NULL, NULL, NULL, NULL, NULL, NULL, NULL, ' ', NULL),
(673, 7, 2, '2009-05-22', 'rbw_10band_georef_250_cir.ecw', NULL, NULL, NULL, NULL, NULL, NULL, NULL, NULL, ' ', NULL),
(674, 3, 2, '2009-05-22', 'scheu_10band_georef_250_cir.ecw', NULL, NULL, NULL, NULL, NULL, NULL, NULL, NULL, ' ', NULL),
(675, 29, 3, '2009-05-22', 'branden1_10band_georef_125_ndvi.ecw', NULL, NULL, NULL, NULL, NULL, NULL, NULL, NULL, ' ', NULL),
(676, 37, 3, '2009-05-22', 'branden2_10band_georef_125_ndvi.ecw', NULL, NULL, NULL, NULL, NULL, NULL, NULL, NULL, ' ', NULL),
(677, 28, 3, '2009-05-22', 'church_ranch_10band_georef_250_ndvi.ecw', NULL, NULL, NULL, NULL, NULL, NULL, NULL, NULL, ' ', NULL),
(678, 9, 3, '2009-05-22', 'quatrodm_10band_georef_250_ndvi.ecw', NULL, NULL, NULL, NULL, NULL, NULL, NULL, NULL, ' ', NULL),
(679, 8, 3, '2009-05-22', 'ranchosdh_10band_georef_250_ndvi.ecw', NULL, NULL, NULL, NULL, NULL, NULL, NULL, NULL, ' ', NULL),
(680, 7, 3, '2009-05-22', 'rbw_10band_georef_250_ndvi.ecw', NULL, NULL, NULL, NULL, NULL, NULL, NULL, NULL, ' ', NULL),
(681, 3, 3, '2009-05-22', 'scheu_10band_georef_250_ndvi.ecw', NULL, NULL, NULL, NULL, NULL, NULL, NULL, NULL, ' ', NULL),
(682, 29, 5, '2009-05-22', 'branden1_10band_georef_125ndvihd.ecw', NULL, NULL, NULL, NULL, NULL, NULL, NULL, NULL, ' ', NULL),
(683, 37, 5, '2009-05-22', 'branden2_10band_georef_125_ndvihd.ecw', NULL, NULL, NULL, NULL, NULL, NULL, NULL, NULL, ' ', NULL),
(684, 28, 5, '2009-05-22', 'church_ranch_10band_georef_250_ndvihd.ecw', NULL, NULL, NULL, NULL, NULL, NULL, NULL, NULL, ' ', NULL),
(685, 9, 5, '2009-05-22', 'quatrodm_10band_georef_250_ndvihd.ecw', NULL, NULL, NULL, NULL, NULL, NULL, NULL, NULL, ' ', NULL),
(686, 8, 5, '2009-05-22', 'ranchosdh_10band_georef_250_ndvihd.ecw', NULL, NULL, NULL, NULL, NULL, NULL, NULL, NULL, ' ', NULL),
(687, 7, 5, '2009-05-22', 'rbw_10band_georef_250_ndvihd.ecw', NULL, NULL, NULL, NULL, NULL, NULL, NULL, NULL, ' ', NULL),
(688, 3, 5, '2009-05-22', 'scheu_10band_georef_250_ndvihd.ecw', NULL, NULL, NULL, NULL, NULL, NULL, NULL, NULL, ' ', NULL),
(689, 29, 1, '2009-05-22', 'branden1_10band_georef_125_rgb.ecw', NULL, NULL, NULL, NULL, NULL, NULL, NULL, NULL, ' ', NULL),
(690, 37, 1, '2009-05-22', 'branden2_10band_georef_125_rgb.ecw', NULL, NULL, NULL, NULL, NULL, NULL, NULL, NULL, ' ', NULL),
(691, 28, 1, '2009-05-22', 'church_ranch_10band_georef_250_rgb.ecw', NULL, NULL, NULL, NULL, NULL, NULL, NULL, NULL, ' ', NULL),
(692, 9, 1, '2009-05-22', 'quatrodm_10band_georef_250_rgb.ecw', NULL, NULL, NULL, NULL, NULL, NULL, NULL, NULL, ' ', NULL),
(693, 8, 1, '2009-05-22', 'ranchosdh_10band_georef_250_rgb.ecw', NULL, NULL, NULL, NULL, NULL, NULL, NULL, NULL, ' ', NULL),
(694, 7, 1, '2009-05-22', 'rbw_10band_georef_250_rgb.ecw', NULL, NULL, NULL, NULL, NULL, NULL, NULL, NULL, ' ', NULL),
(695, 3, 1, '2009-05-22', 'scheu_10band_georef_250_rgb.ecw', NULL, NULL, NULL, NULL, NULL, NULL, NULL, NULL, ' ', NULL),
(696, 14, 2, '2009-06-12', 'pfisterhr_12band_georef_250_cropped_01_cir.ecw', NULL, NULL, NULL, NULL, NULL, NULL, NULL, NULL, ' ', NULL),
(697, 14, 3, '2009-06-12', 'pfisterhr_12band_georef_250_cropped_01_ndvi.ecw', NULL, NULL, NULL, NULL, NULL, NULL, NULL, NULL, ' ', NULL),
(698, 14, 5, '2009-06-12', 'pfisterhr_12band_georef_250_cropped_01_ndvihd.ecw', NULL, NULL, NULL, NULL, NULL, NULL, NULL, NULL, ' ', NULL),
(699, 14, 1, '2009-06-12', 'pfisterhr_12band_georef_250_cropped_01_rgb.ecw', NULL, NULL, NULL, NULL, NULL, NULL, NULL, NULL, ' ', NULL),
(707, 43, 1, '2009-06-12', '01_Indian_Springs_Golf.ecw', NULL, NULL, NULL, NULL, NULL, NULL, NULL, NULL, ' ', NULL),
(708, 43, 1, '2009-06-30', 'KK_indsprings_12band_georef_125_cropped_rgb.ecw', NULL, NULL, NULL, NULL, NULL, NULL, NULL, NULL, ' ', NULL),
(709, 42, 2, '2009-06-12', 'rancholaquintag_12band_georef_125_cropped_cir.ecw', NULL, NULL, NULL, NULL, NULL, NULL, NULL, NULL, ' ', NULL),
(710, 41, 2, '2009-06-12', 'heriflag_12band_georef_125_01_cropped_cir.ecw', NULL, NULL, NULL, NULL, NULL, NULL, NULL, NULL, ' ', NULL),
(711, 41, 3, '2009-06-12', 'heriflag_12band_georef_125_01_cropped_ndvi.ecw', NULL, NULL, NULL, NULL, NULL, NULL, NULL, NULL, ' ', NULL),
(712, 42, 3, '2009-06-12', 'rancholaquintag_12band_georef_125_cropped_ndvi.ecw', NULL, NULL, NULL, NULL, NULL, NULL, NULL, NULL, ' ', NULL),
(713, 41, 5, '2009-06-12', 'heriflag_12band_georef_125_01_cropped_ndvihd.ecw', NULL, NULL, NULL, NULL, NULL, NULL, NULL, NULL, ' ', NULL),
(714, 42, 5, '2009-06-12', 'rancholaquintag_12band_georef_125_cropped_ndvihd.ecw', NULL, NULL, NULL, NULL, NULL, NULL, NULL, NULL, ' ', NULL),
(715, 41, 1, '2009-06-12', 'heriflag_12band_georef_125_01_cropped_rgb.ecw', NULL, NULL, NULL, NULL, NULL, NULL, NULL, NULL, ' ', NULL),
(716, 42, 1, '2009-06-12', 'rancholaquintag_12band_georef_125_cropped_rgb.ecw', NULL, NULL, NULL, NULL, NULL, NULL, NULL, NULL, ' ', NULL),
(717, 43, 1, '2009-06-12', '02_rancholaquintag_test.ecw', NULL, NULL, NULL, NULL, NULL, NULL, NULL, NULL, ' ', NULL),
(718, 43, 1, '2009-06-12', 'heriflag_12band_georef_125_01_cropped_rgb.ecw', NULL, NULL, NULL, NULL, NULL, NULL, NULL, NULL, ' ', NULL),
(722, 19, 2, '2009-07-11', 'ohmar26_250_cir.ecw', NULL, NULL, NULL, NULL, NULL, NULL, NULL, NULL, ' ', NULL),
(723, 19, 3, '2009-07-11', 'ohmar26_250_ndvi.ecw', NULL, NULL, NULL, NULL, NULL, NULL, NULL, NULL, ' ', NULL),
(724, 19, 5, '2009-07-11', 'ohmar26_250_ndvihd.ecw', NULL, NULL, NULL, NULL, NULL, NULL, NULL, NULL, ' ', NULL),
(725, 19, 1, '2009-07-11', 'ohmar26_250_rgb.ecw', NULL, NULL, NULL, NULL, NULL, NULL, NULL, NULL, ' ', NULL),
(726, 31, 2, '2009-07-11', 'bishopw_250_cir.ecw', NULL, NULL, NULL, NULL, NULL, NULL, NULL, NULL, ' ', NULL);
INSERT INTO `image` (`id`, `property_id`, `imagetypes_id`, `capture_date`, `webserver_layer`, `croptype_id`, `flight_time`, `resolution`, `aircraft_id`, `camera_id`, `image_processing_version`, `published_date`, `server_id`, `description`, `locked`) VALUES
(727, 31, 3, '2009-07-11', 'bishopw_250_ndvi.ecw', NULL, NULL, NULL, NULL, NULL, NULL, NULL, NULL, ' ', NULL),
(728, 31, 5, '2009-07-11', 'bishopw_250_ndvihd.ecw', NULL, NULL, NULL, NULL, NULL, NULL, NULL, NULL, ' ', NULL),
(729, 31, 1, '2009-07-11', 'bishopw_250_rgb.ecw', NULL, NULL, NULL, NULL, NULL, NULL, NULL, NULL, ' ', NULL),
(730, 30, 2, '2009-07-11', 'bojax_indv_12band_rgb-cir-ndvihd-ndvi_georef250_cropped_cir.ecw', NULL, NULL, NULL, NULL, NULL, NULL, NULL, NULL, ' ', NULL),
(731, 30, 3, '2009-07-11', 'bojax_indv_12band_rgb-cir-ndvihd-ndvi_georef250_cropped_ndvi.ecw', NULL, NULL, NULL, NULL, NULL, NULL, NULL, NULL, ' ', NULL),
(732, 30, 5, '2009-07-11', 'bojax_indv_12band_rgb-cir-ndvihd-ndvi_georef250_cropped_ndvihd.ecw', NULL, NULL, NULL, NULL, NULL, NULL, NULL, NULL, ' ', NULL),
(733, 30, 1, '2009-07-11', 'bojax_indv_12band_rgb-cir-ndvihd-ndvi_georef250_cropped_rgb.ecw', NULL, NULL, NULL, NULL, NULL, NULL, NULL, NULL, ' ', NULL),
(734, 28, 2, '2009-07-11', 'churchran_indv_12band_rgb-cir-ndvihd-ndvi_georef250_cropped_cir.ecw', NULL, NULL, NULL, NULL, NULL, NULL, NULL, NULL, ' ', NULL),
(735, 28, 3, '2009-07-11', 'churchran_indv_12band_rgb-cir-ndvihd-ndvi_georef250_cropped_ndvi.ecw', NULL, NULL, NULL, NULL, NULL, NULL, NULL, NULL, ' ', NULL),
(736, 28, 5, '2009-07-11', 'churchran_indv_12band_rgb-cir-ndvihd-ndvi_georef250_cropped_ndvihd.ecw', NULL, NULL, NULL, NULL, NULL, NULL, NULL, NULL, ' ', NULL),
(737, 28, 1, '2009-07-11', 'churchran_indv_12band_rgb-cir-ndvihd-ndvi_georef250_cropped_rgb.ecw', NULL, NULL, NULL, NULL, NULL, NULL, NULL, NULL, ' ', NULL),
(738, 24, 2, '2009-07-11', 'kalintrif9_indv_12band_rgb-cir-ndvihd-ndvi_georef250_cropped_cir.ecw', NULL, NULL, NULL, NULL, NULL, NULL, NULL, NULL, ' ', NULL),
(739, 24, 3, '2009-07-11', 'kalintrif9_indv_12band_rgb-cir-ndvihd-ndvi_georef250_cropped_ndvi.ecw', NULL, NULL, NULL, NULL, NULL, NULL, NULL, NULL, ' ', NULL),
(740, 24, 5, '2009-07-11', 'kalintrif9_indv_12band_rgb-cir-ndvihd-ndvi_georef250_cropped_ndvihd.ecw', NULL, NULL, NULL, NULL, NULL, NULL, NULL, NULL, ' ', NULL),
(741, 24, 1, '2009-07-11', 'kalintrif9_indv_12band_rgb-cir-ndvihd-ndvi_georef250_cropped_rgb.ecw', NULL, NULL, NULL, NULL, NULL, NULL, NULL, NULL, ' ', NULL),
(742, 23, 2, '2009-07-11', 'malva29_indv_12band_rgb-cir-ndvihd-ndvi_georef250_cropped_cir.ecw', NULL, NULL, NULL, NULL, NULL, NULL, NULL, NULL, ' ', NULL),
(743, 23, 3, '2009-07-11', 'malva29_indv_12band_rgb-cir-ndvihd-ndvi_georef250_cropped_ndvi.ecw', NULL, NULL, NULL, NULL, NULL, NULL, NULL, NULL, ' ', NULL),
(744, 23, 5, '2009-07-11', 'malva29_indv_12band_rgb-cir-ndvihd-ndvi_georef250_cropped_ndvihd.ecw', NULL, NULL, NULL, NULL, NULL, NULL, NULL, NULL, ' ', NULL),
(745, 23, 1, '2009-07-11', 'malva29_indv_12band_rgb-cir-ndvihd-ndvi_georef250_cropped_rgb.ecw', NULL, NULL, NULL, NULL, NULL, NULL, NULL, NULL, ' ', NULL),
(746, 22, 2, '2009-07-11', 'n-4_indv_12band_rgb-cir-ndvihd-ndvi_georef250_cropped_cir.ecw', NULL, NULL, NULL, NULL, NULL, NULL, NULL, NULL, ' ', NULL),
(747, 22, 3, '2009-07-11', 'n-4_indv_12band_rgb-cir-ndvihd-ndvi_georef250_cropped_ndvi.ecw', NULL, NULL, NULL, NULL, NULL, NULL, NULL, NULL, ' ', NULL),
(748, 22, 5, '2009-07-11', 'n-4_indv_12band_rgb-cir-ndvihd-ndvi_georef250_cropped_ndvihd.ecw', NULL, NULL, NULL, NULL, NULL, NULL, NULL, NULL, ' ', NULL),
(749, 22, 1, '2009-07-11', 'n-4_indv_12band_rgb-cir-ndvihd-ndvi_georef250_cropped_rgb.ecw', NULL, NULL, NULL, NULL, NULL, NULL, NULL, NULL, ' ', NULL),
(750, 20, 2, '2009-07-11', 'o8_indv_12band_rgb-cir-ndvihd-ndvi_georef250_cropped_cir.ecw', NULL, NULL, NULL, NULL, NULL, NULL, NULL, NULL, ' ', NULL),
(751, 20, 3, '2009-07-11', 'o8_indv_12band_rgb-cir-ndvihd-ndvi_georef250_cropped_ndvi.ecw', NULL, NULL, NULL, NULL, NULL, NULL, NULL, NULL, ' ', NULL),
(752, 20, 5, '2009-07-11', 'o8_indv_12band_rgb-cir-ndvihd-ndvi_georef250_cropped_ndvihd.ecw', NULL, NULL, NULL, NULL, NULL, NULL, NULL, NULL, ' ', NULL),
(753, 20, 1, '2009-07-11', 'o8_indv_12band_rgb-cir-ndvihd-ndvi_georef250_cropped_rgb.ecw', NULL, NULL, NULL, NULL, NULL, NULL, NULL, NULL, ' ', NULL),
(754, 29, 2, '2009-07-11', 'branden1_125_cir.ecw', NULL, NULL, NULL, NULL, NULL, NULL, NULL, NULL, ' ', NULL),
(755, 29, 3, '2009-07-11', 'branden1_125_ndvi.ecw', NULL, NULL, NULL, NULL, NULL, NULL, NULL, NULL, ' ', NULL),
(756, 29, 5, '2009-07-11', 'branden1_125_ndvihd.ecw', NULL, NULL, NULL, NULL, NULL, NULL, NULL, NULL, ' ', NULL),
(757, 29, 1, '2009-07-11', 'branden1_125_rgb.ecw', NULL, NULL, NULL, NULL, NULL, NULL, NULL, NULL, ' ', NULL),
(758, 44, 2, '2009-07-11', 'moss20_250_cir.ecw', NULL, NULL, NULL, NULL, NULL, NULL, NULL, NULL, ' ', NULL),
(759, 44, 3, '2009-07-11', 'moss20_250_ndvi.ecw', NULL, NULL, NULL, NULL, NULL, NULL, NULL, NULL, ' ', NULL),
(760, 44, 5, '2009-07-11', 'moss20_250_ndvihd.ecw', NULL, NULL, NULL, NULL, NULL, NULL, NULL, NULL, ' ', NULL),
(761, 44, 1, '2009-07-11', 'moss20_250_rgb.ecw', NULL, NULL, NULL, NULL, NULL, NULL, NULL, NULL, ' ', NULL),
(762, 37, 2, '2009-07-11', 'branden2_125_cir.ecw', NULL, NULL, NULL, NULL, NULL, NULL, NULL, NULL, ' ', NULL),
(763, 37, 3, '2009-07-11', 'branden2_125_ndvi.ecw', NULL, NULL, NULL, NULL, NULL, NULL, NULL, NULL, ' ', NULL),
(764, 37, 5, '2009-07-11', 'branden2_125_ndvihd.ecw', NULL, NULL, NULL, NULL, NULL, NULL, NULL, NULL, ' ', NULL),
(765, 37, 1, '2009-07-11', 'branden2_125_rgb.ecw', NULL, NULL, NULL, NULL, NULL, NULL, NULL, NULL, ' ', NULL),
(766, 46, 2, '2009-07-11', 'beachline1_250_cir.ecw', NULL, NULL, NULL, NULL, NULL, NULL, NULL, NULL, ' ', NULL),
(767, 46, 3, '2009-07-11', 'beachline1_250_ndvi.ecw', NULL, NULL, NULL, NULL, NULL, NULL, NULL, NULL, ' ', NULL),
(768, 46, 5, '2009-07-11', 'beachline1_250_ndvihd.ecw', NULL, NULL, NULL, NULL, NULL, NULL, NULL, NULL, ' ', NULL),
(769, 46, 1, '2009-07-11', 'beachline1_250_rgb.ecw', NULL, NULL, NULL, NULL, NULL, NULL, NULL, NULL, ' ', NULL),
(770, 45, 2, '2009-07-11', 'beachline2_250_cir.ecw', NULL, NULL, NULL, NULL, NULL, NULL, NULL, NULL, ' ', NULL),
(771, 45, 3, '2009-07-11', 'beachline2_250_ndvi.ecw', NULL, NULL, NULL, NULL, NULL, NULL, NULL, NULL, ' ', NULL),
(772, 45, 5, '2009-07-11', 'beachline2_250_ndvihd.ecw', NULL, NULL, NULL, NULL, NULL, NULL, NULL, NULL, ' ', NULL),
(773, 45, 1, '2009-07-11', 'beachline2_250_rgb.ecw', NULL, NULL, NULL, NULL, NULL, NULL, NULL, NULL, ' ', NULL),
(774, 40, 2, '2009-07-11', 'alkalinbnx_250_cir.ecw', NULL, NULL, NULL, NULL, NULL, NULL, NULL, NULL, ' ', NULL),
(775, 47, 2, '2009-07-11', 'claverie_250_cir.ecw', NULL, NULL, NULL, NULL, NULL, NULL, NULL, NULL, ' ', NULL),
(776, 41, 2, '2009-07-11', 'heritagegolf_125_cir.ecw', NULL, NULL, NULL, NULL, NULL, NULL, NULL, NULL, ' ', NULL),
(777, 48, 2, '2009-07-11', 'i34_250_cir.ecw', NULL, NULL, NULL, NULL, NULL, NULL, NULL, NULL, ' ', NULL),
(778, 38, 2, '2009-07-11', 'indiansprings_125_cir.ecw', NULL, NULL, NULL, NULL, NULL, NULL, NULL, NULL, ' ', NULL),
(779, 52, 2, '2009-07-11', 'j12_250_cir.ecw', NULL, NULL, NULL, NULL, NULL, NULL, NULL, NULL, ' ', NULL),
(780, 50, 2, '2009-07-11', 'myrtle14_250_cir.ecw', NULL, NULL, NULL, NULL, NULL, NULL, NULL, NULL, ' ', NULL),
(781, 51, 2, '2009-07-11', 'nettle5_250_cir.ecw', NULL, NULL, NULL, NULL, NULL, NULL, NULL, NULL, ' ', NULL),
(782, 53, 2, '2009-07-11', 'osage89_250_cir.ecw', NULL, NULL, NULL, NULL, NULL, NULL, NULL, NULL, ' ', NULL),
(783, 18, 2, '2009-07-11', 'osterkamp_250_cir.ecw', NULL, NULL, NULL, NULL, NULL, NULL, NULL, NULL, ' ', NULL),
(784, 15, 2, '2009-07-11', 'parafw_250_cir.ecw', NULL, NULL, NULL, NULL, NULL, NULL, NULL, NULL, ' ', NULL),
(785, 14, 2, '2009-07-11', 'pfisterhreast_250_cir.ecw', NULL, NULL, NULL, NULL, NULL, NULL, NULL, NULL, ' ', NULL),
(786, 9, 2, '2009-07-11', 'quatrodm_250_cir.ecw', NULL, NULL, NULL, NULL, NULL, NULL, NULL, NULL, ' ', NULL),
(787, 8, 2, '2009-07-11', 'ranchosdh_250_cir.ecw', NULL, NULL, NULL, NULL, NULL, NULL, NULL, NULL, ' ', NULL),
(788, 7, 2, '2009-07-11', 'rbw_250_cir.ecw', NULL, NULL, NULL, NULL, NULL, NULL, NULL, NULL, ' ', NULL),
(789, 5, 2, '2009-07-11', 'rucker1_125_cir.ecw', NULL, NULL, NULL, NULL, NULL, NULL, NULL, NULL, ' ', NULL),
(790, 3, 2, '2009-07-11', 'scheu_250_cir.ecw', NULL, NULL, NULL, NULL, NULL, NULL, NULL, NULL, ' ', NULL),
(791, 1, 2, '2009-07-11', 'threeflag2_250_cir.ecw', NULL, NULL, NULL, NULL, NULL, NULL, NULL, NULL, ' ', NULL),
(792, 2, 2, '2009-07-11', 'threeflags_250_cir.ecw', NULL, NULL, NULL, NULL, NULL, NULL, NULL, NULL, ' ', NULL),
(793, 40, 3, '2009-07-11', 'alkalinbnx_250_ndvi.ecw', NULL, NULL, NULL, NULL, NULL, NULL, NULL, NULL, ' ', NULL),
(794, 47, 3, '2009-07-11', 'claverie_250_ndvi.ecw', NULL, NULL, NULL, NULL, NULL, NULL, NULL, NULL, ' ', NULL),
(795, 41, 3, '2009-07-11', 'heritagegolf_125_ndvi.ecw', NULL, NULL, NULL, NULL, NULL, NULL, NULL, NULL, ' ', NULL),
(796, 48, 3, '2009-07-11', 'i34_250_ndvi.ecw', NULL, NULL, NULL, NULL, NULL, NULL, NULL, NULL, ' ', NULL),
(797, 38, 3, '2009-07-11', 'indiansprings_125_ndvi.ecw', NULL, NULL, NULL, NULL, NULL, NULL, NULL, NULL, ' ', NULL),
(798, 52, 3, '2009-07-11', 'j12_250_ndvi.ecw', NULL, NULL, NULL, NULL, NULL, NULL, NULL, NULL, ' ', NULL),
(799, 50, 3, '2009-07-11', 'myrtle14_250_ndvi.ecw', NULL, NULL, NULL, NULL, NULL, NULL, NULL, NULL, ' ', NULL),
(800, 51, 3, '2009-07-11', 'nettle5_250_ndvi.ecw', NULL, NULL, NULL, NULL, NULL, NULL, NULL, NULL, ' ', NULL),
(801, 53, 3, '2009-07-11', 'osage89_250_ndvi.ecw', NULL, NULL, NULL, NULL, NULL, NULL, NULL, NULL, ' ', NULL),
(802, 18, 3, '2009-07-11', 'osterkamp_250_ndvi.ecw', NULL, NULL, NULL, NULL, NULL, NULL, NULL, NULL, ' ', NULL),
(803, 15, 3, '2009-07-11', 'parafw_250_ndvi.ecw', NULL, NULL, NULL, NULL, NULL, NULL, NULL, NULL, ' ', NULL),
(804, 14, 3, '2009-07-11', 'pfisterhreast_250_ndvi.ecw', NULL, NULL, NULL, NULL, NULL, NULL, NULL, NULL, ' ', NULL),
(805, 9, 3, '2009-07-11', 'quatrodm_250_ndvi.ecw', NULL, NULL, NULL, NULL, NULL, NULL, NULL, NULL, ' ', NULL),
(806, 8, 3, '2009-07-11', 'ranchosdh_250_ndvi.ecw', NULL, NULL, NULL, NULL, NULL, NULL, NULL, NULL, ' ', NULL),
(807, 7, 3, '2009-07-11', 'rbw_250_ndvi.ecw', NULL, NULL, NULL, NULL, NULL, NULL, NULL, NULL, ' ', NULL),
(808, 5, 3, '2009-07-11', 'rucker1_125_ndvi.ecw', NULL, NULL, NULL, NULL, NULL, NULL, NULL, NULL, ' ', NULL),
(809, 3, 3, '2009-07-11', 'scheu_250_ndvi.ecw', NULL, NULL, NULL, NULL, NULL, NULL, NULL, NULL, ' ', NULL),
(810, 1, 3, '2009-07-11', 'threeflag2_250_ndvi.ecw', NULL, NULL, NULL, NULL, NULL, NULL, NULL, NULL, ' ', NULL),
(811, 2, 3, '2009-07-11', 'threeflags_250_ndvi.ecw', NULL, NULL, NULL, NULL, NULL, NULL, NULL, NULL, ' ', NULL),
(812, 40, 5, '2009-07-11', 'alkalinbnx_250_ndvihd.ecw', NULL, NULL, NULL, NULL, NULL, NULL, NULL, NULL, ' ', NULL),
(813, 47, 5, '2009-07-11', 'claverie_250_ndvihd.ecw', NULL, NULL, NULL, NULL, NULL, NULL, NULL, NULL, ' ', NULL),
(814, 41, 5, '2009-07-11', 'heritagegolf_125_ndvihd.ecw', NULL, NULL, NULL, NULL, NULL, NULL, NULL, NULL, ' ', NULL),
(815, 48, 5, '2009-07-11', 'i34_250_ndvihd.ecw', NULL, NULL, NULL, NULL, NULL, NULL, NULL, NULL, ' ', NULL),
(816, 38, 5, '2009-07-11', 'indiansprings_125_ndvihd.ecw', NULL, NULL, NULL, NULL, NULL, NULL, NULL, NULL, ' ', NULL),
(817, 52, 5, '2009-07-11', 'j12_250_ndvihd.ecw', NULL, NULL, NULL, NULL, NULL, NULL, NULL, NULL, ' ', NULL),
(818, 50, 5, '2009-07-11', 'myrtle14_250_ndvihd.ecw', NULL, NULL, NULL, NULL, NULL, NULL, NULL, NULL, ' ', NULL),
(819, 51, 5, '2009-07-11', 'nettle5_250_ndvihd.ecw', NULL, NULL, NULL, NULL, NULL, NULL, NULL, NULL, ' ', NULL),
(820, 53, 5, '2009-07-11', 'osage89_250_ndvihd.ecw', NULL, NULL, NULL, NULL, NULL, NULL, NULL, NULL, ' ', NULL),
(821, 18, 5, '2009-07-11', 'osterkamp_250_ndvihd.ecw', NULL, NULL, NULL, NULL, NULL, NULL, NULL, NULL, ' ', NULL),
(822, 15, 5, '2009-07-11', 'parafw_250_ndvihd.ecw', NULL, NULL, NULL, NULL, NULL, NULL, NULL, NULL, ' ', NULL),
(823, 14, 5, '2009-07-11', 'pfisterhreast_250_ndvihd.ecw', NULL, NULL, NULL, NULL, NULL, NULL, NULL, NULL, ' ', NULL),
(824, 9, 5, '2009-07-11', 'quatrodm_250_ndvihd.ecw', NULL, NULL, NULL, NULL, NULL, NULL, NULL, NULL, ' ', NULL),
(825, 8, 5, '2009-07-11', 'ranchosdh_250_ndvihd.ecw', NULL, NULL, NULL, NULL, NULL, NULL, NULL, NULL, ' ', NULL),
(826, 7, 5, '2009-07-11', 'rbw_250_ndvihd.ecw', NULL, NULL, NULL, NULL, NULL, NULL, NULL, NULL, ' ', NULL),
(827, 5, 5, '2009-07-11', 'rucker1_125_ndvihd.ecw', NULL, NULL, NULL, NULL, NULL, NULL, NULL, NULL, ' ', NULL),
(828, 3, 5, '2009-07-11', 'scheu_250_ndvihd.ecw', NULL, NULL, NULL, NULL, NULL, NULL, NULL, NULL, ' ', NULL),
(829, 1, 5, '2009-07-11', 'threeflag2_250_ndvihd.ecw', NULL, NULL, NULL, NULL, NULL, NULL, NULL, NULL, ' ', NULL),
(830, 2, 5, '2009-07-11', 'threeflags_250_ndvihd.ecw', NULL, NULL, NULL, NULL, NULL, NULL, NULL, NULL, ' ', NULL),
(831, 40, 1, '2009-07-11', 'alkalinbnx_250_rgb.ecw', NULL, NULL, NULL, NULL, NULL, NULL, NULL, NULL, ' ', NULL),
(832, 47, 1, '2009-07-11', 'claverie_250_rgb.ecw', NULL, NULL, NULL, NULL, NULL, NULL, NULL, NULL, ' ', NULL),
(833, 41, 1, '2009-07-11', 'heritagegolf_125_rgb.ecw', NULL, NULL, NULL, NULL, NULL, NULL, NULL, NULL, ' ', NULL),
(834, 48, 1, '2009-07-11', 'i34_250_rgb.ecw', NULL, NULL, NULL, NULL, NULL, NULL, NULL, NULL, ' ', NULL),
(835, 38, 1, '2009-07-11', 'indiansprings_125_rgb.ecw', NULL, NULL, NULL, NULL, NULL, NULL, NULL, NULL, ' ', NULL),
(836, 52, 1, '2009-07-11', 'j12_250_rgb.ecw', NULL, NULL, NULL, NULL, NULL, NULL, NULL, NULL, ' ', NULL),
(837, 50, 1, '2009-07-11', 'myrtle14_250_rgb.ecw', NULL, NULL, NULL, NULL, NULL, NULL, NULL, NULL, ' ', NULL),
(838, 51, 1, '2009-07-11', 'nettle5_250_rgb.ecw', NULL, NULL, NULL, NULL, NULL, NULL, NULL, NULL, ' ', NULL),
(839, 53, 1, '2009-07-11', 'osage89_250_rgb.ecw', NULL, NULL, NULL, NULL, NULL, NULL, NULL, NULL, ' ', NULL),
(840, 18, 1, '2009-07-11', 'osterkamp_250_RGB.ecw', NULL, NULL, NULL, NULL, NULL, NULL, NULL, NULL, ' ', NULL),
(841, 15, 1, '2009-07-11', 'parafw_250_rgb.ecw', NULL, NULL, NULL, NULL, NULL, NULL, NULL, NULL, ' ', NULL),
(842, 14, 1, '2009-07-11', 'pfisterhreast_250_rgb.ecw', NULL, NULL, NULL, NULL, NULL, NULL, NULL, NULL, ' ', NULL),
(843, 9, 1, '2009-07-11', 'quatrodm_250_rgb.ecw', NULL, NULL, NULL, NULL, NULL, NULL, NULL, NULL, ' ', NULL),
(844, 8, 1, '2009-07-11', 'ranchosdh_250_rgb.ecw', NULL, NULL, NULL, NULL, NULL, NULL, NULL, NULL, ' ', NULL),
(845, 7, 1, '2009-07-11', 'rbw_250_rgb.ecw', NULL, NULL, NULL, NULL, NULL, NULL, NULL, NULL, ' ', NULL),
(846, 5, 1, '2009-07-11', 'rucker1_125_rgb.ecw', NULL, NULL, NULL, NULL, NULL, NULL, NULL, NULL, ' ', NULL),
(847, 3, 1, '2009-07-11', 'scheu_250_rgb.ecw', NULL, NULL, NULL, NULL, NULL, NULL, NULL, NULL, ' ', NULL),
(848, 1, 1, '2009-07-11', 'threeflag2_250_rgb.ecw', NULL, NULL, NULL, NULL, NULL, NULL, NULL, NULL, ' ', NULL),
(849, 2, 1, '2009-07-11', 'threeflags_250_rgb.ecw', NULL, NULL, NULL, NULL, NULL, NULL, NULL, NULL, ' ', NULL),
(850, 49, 1, '2009-07-11', 'thefigtree_250_rgb.ecw', NULL, NULL, NULL, NULL, NULL, NULL, NULL, NULL, ' ', NULL),
(851, 49, 2, '2009-07-11', 'thefigtree_250_cir.ecw', NULL, NULL, NULL, NULL, NULL, NULL, NULL, NULL, ' ', NULL),
(852, 49, 3, '2009-07-11', 'thefigtree_250_ndvi.ecw', NULL, NULL, NULL, NULL, NULL, NULL, NULL, NULL, ' ', NULL),
(853, 49, 5, '2009-07-11', 'thefigtree_250_ndvihd.ecw', NULL, NULL, NULL, NULL, NULL, NULL, NULL, NULL, ' ', NULL),
(854, 54, 1, '2009-07-11', 'vail221_250_rgb.ecw', NULL, NULL, NULL, NULL, NULL, NULL, NULL, NULL, ' ', NULL),
(855, 54, 2, '2009-07-11', 'vail221_250_cir.ecw', NULL, NULL, NULL, NULL, NULL, NULL, NULL, NULL, ' ', NULL),
(856, 54, 3, '2009-07-11', 'vail221_250_ndvi.ecw', NULL, NULL, NULL, NULL, NULL, NULL, NULL, NULL, ' ', NULL),
(857, 54, 5, '2009-07-11', 'vail221_250_ndvihd.ecw', NULL, NULL, NULL, NULL, NULL, NULL, NULL, NULL, ' ', NULL),
(858, 55, 2, '2009-07-31', 'pecanorc_125_cir.ecw', NULL, NULL, NULL, NULL, NULL, NULL, NULL, NULL, ' ', NULL),
(859, 55, 3, '2009-07-31', 'pecanorc_125_ndvi.ecw', NULL, NULL, NULL, NULL, NULL, NULL, NULL, NULL, ' ', NULL),
(860, 55, 5, '2009-07-31', 'pecanorc_125_ndvihd.ecw', NULL, NULL, NULL, NULL, NULL, NULL, NULL, NULL, ' ', NULL),
(861, 55, 1, '2009-07-31', 'pecanorc_125_rgb.ecw', NULL, NULL, NULL, NULL, NULL, NULL, NULL, NULL, ' ', NULL),
(862, 40, 1, '2009-01-01', 'alkalin-bn1-bn2_250_rgb.jp2', NULL, NULL, NULL, NULL, NULL, NULL, NULL, NULL, ' ', NULL),
(863, 40, 2, '2009-01-01', 'alkalin-bn1-bn2_250_cir.jp2', NULL, NULL, NULL, NULL, NULL, NULL, NULL, NULL, ' ', NULL),
(864, 46, 1, '2009-09-12', 'beachhighnw02_250_rgb.jp2', NULL, NULL, NULL, NULL, NULL, NULL, NULL, NULL, ' ', NULL),
(865, 46, 2, '2009-09-12', 'beachhighnw02_250_cir.jp2', NULL, NULL, NULL, NULL, NULL, NULL, NULL, NULL, ' ', NULL),
(866, 46, 3, '2009-09-12', 'beachhighnw02_250_ndvi.jp2', NULL, NULL, NULL, NULL, NULL, NULL, NULL, NULL, ' ', NULL),
(867, 46, 5, '2009-09-12', 'beachhighnw02_250_ndvihd.jp2', NULL, NULL, NULL, NULL, NULL, NULL, NULL, NULL, ' ', NULL),
(868, 45, 2, '2009-09-12', 'beachhighse02_250_cir.jp2', NULL, NULL, NULL, NULL, NULL, NULL, NULL, NULL, ' ', NULL),
(869, 57, 2, '2009-09-12', '20090912_casagrande_250_cir.jp2', NULL, NULL, NULL, NULL, NULL, NULL, NULL, NULL, ' ', NULL),
(870, 56, 2, '2009-10-02', 'sharps103-104_250_cir.jp2', NULL, NULL, NULL, NULL, NULL, NULL, NULL, NULL, ' ', NULL),
(871, 49, 2, '2009-09-12', 'thefigtree02_250_cir.jp2', NULL, NULL, NULL, NULL, NULL, NULL, NULL, NULL, ' ', NULL),
(872, 45, 3, '2009-09-12', 'beachhighse02_250_ndvi.jp2', NULL, NULL, NULL, NULL, NULL, NULL, NULL, NULL, ' ', NULL),
(873, 57, 3, '2009-09-12', '20090912_casagrande_250_ndvi.jp2', NULL, NULL, NULL, NULL, NULL, NULL, NULL, NULL, ' ', NULL),
(874, 56, 3, '2009-10-02', 'sharps103-104_250_ndvi.jp2', NULL, NULL, NULL, NULL, NULL, NULL, NULL, NULL, ' ', NULL),
(875, 49, 3, '2009-09-12', 'thefigtree02_250_ndvi.jp2', NULL, NULL, NULL, NULL, NULL, NULL, NULL, NULL, ' ', NULL),
(876, 45, 5, '2009-09-12', 'beachhighse02_250_ndvihd.jp2', NULL, NULL, NULL, NULL, NULL, NULL, NULL, NULL, ' ', NULL),
(877, 57, 5, '2009-09-12', '20090912_casagrande_250_ndvihd.jp2', NULL, NULL, NULL, NULL, NULL, NULL, NULL, NULL, ' ', NULL),
(878, 56, 5, '2009-10-02', 'sharps103-104_250_ndvihd.jp2', NULL, NULL, NULL, NULL, NULL, NULL, NULL, NULL, ' ', NULL),
(879, 49, 5, '2009-09-12', 'thefigtree02_250_ndvihd.jp2', NULL, NULL, NULL, NULL, NULL, NULL, NULL, NULL, ' ', NULL),
(880, 45, 1, '2009-09-12', 'beachhighse02_250_rgb.jp2', NULL, NULL, NULL, NULL, NULL, NULL, NULL, NULL, ' ', NULL),
(881, 57, 1, '2009-09-12', '20090912_casagrande_250_rgb.jp2', NULL, NULL, NULL, NULL, NULL, NULL, NULL, NULL, ' ', NULL),
(882, 56, 1, '2009-10-02', 'sharps103-104_250_rgb.jp2', NULL, NULL, NULL, NULL, NULL, NULL, NULL, NULL, ' ', NULL),
(884, 49, 1, '2009-09-12', 'thefigtree02_250_rgb.jp2', NULL, NULL, NULL, NULL, NULL, NULL, NULL, NULL, ' ', NULL),
(885, 56, 1, '2009-01-01', 'sharps_test_rgb_11ncropped.jp2', NULL, NULL, NULL, NULL, NULL, NULL, NULL, NULL, ' ', NULL),
(886, 20, 1, '2009-01-01', 'o-8_250_rgb.jp2', NULL, NULL, NULL, NULL, NULL, NULL, NULL, NULL, ' ', NULL),
(887, 20, 1, '2009-01-02', 'o-8_rgb_250b.jp2', NULL, NULL, NULL, NULL, NULL, NULL, NULL, NULL, ' ', NULL),
(888, 22, 1, '2009-10-02', 'n4--01_250_rgb.jp2', NULL, NULL, NULL, NULL, NULL, NULL, NULL, NULL, ' ', NULL),
(889, 22, 2, '2009-10-02', 'n4--01_250_cir.jp2', NULL, NULL, NULL, NULL, NULL, NULL, NULL, NULL, ' ', NULL),
(890, 22, 3, '2009-10-02', 'n4--01_250_ndvi.jp2', NULL, NULL, NULL, NULL, NULL, NULL, NULL, NULL, ' ', NULL),
(891, 22, 5, '2009-10-02', 'n4--01_250_ndvihd.jp2', NULL, NULL, NULL, NULL, NULL, NULL, NULL, NULL, ' ', NULL),
(892, 58, 2, '2009-10-02', 'g3_250_cir.jp2', NULL, NULL, NULL, NULL, NULL, NULL, NULL, NULL, ' ', NULL),
(893, 58, 3, '2009-10-02', 'g3_250_ndvi.jp2', NULL, NULL, NULL, NULL, NULL, NULL, NULL, NULL, ' ', NULL),
(894, 58, 5, '2009-10-02', 'g3_250_ndvihd.jp2', NULL, NULL, NULL, NULL, NULL, NULL, NULL, NULL, ' ', NULL),
(895, 58, 1, '2009-10-02', 'g3_250_rgb.jp2', NULL, NULL, NULL, NULL, NULL, NULL, NULL, NULL, ' ', NULL),
(896, 57, 2, '2009-10-02', 'casagrande_250_cir.jp2', NULL, NULL, NULL, NULL, NULL, NULL, NULL, NULL, ' ', NULL),
(897, 57, 3, '2009-10-02', 'casagrande_250_ndvi.jp2', NULL, NULL, NULL, NULL, NULL, NULL, NULL, NULL, ' ', NULL),
(898, 57, 5, '2009-10-02', 'casagrande_250_ndvihd.jp2', NULL, NULL, NULL, NULL, NULL, NULL, NULL, NULL, ' ', NULL),
(899, 57, 1, '2009-10-02', 'casagrande_250_rgb.jp2', NULL, NULL, NULL, NULL, NULL, NULL, NULL, NULL, ' ', NULL),
(901, 20, 2, '2009-10-02', 'o-8_250_cir.jp2', NULL, NULL, NULL, NULL, NULL, NULL, NULL, NULL, ' ', NULL),
(902, 20, 3, '2009-10-02', 'o-8_250_ndvi.jp2', NULL, NULL, NULL, NULL, NULL, NULL, NULL, NULL, ' ', NULL),
(903, 20, 5, '2009-10-02', 'o-8_250_ndvihd.jp2', NULL, NULL, NULL, NULL, NULL, NULL, NULL, NULL, ' ', NULL),
(904, 20, 1, '2009-10-02', 'o-8_250_rgb.jp2', NULL, NULL, NULL, NULL, NULL, NULL, NULL, NULL, ' ', NULL),
(905, 60, 2, '2009-10-02', 'osagecit_250_cir.jp2', NULL, NULL, NULL, NULL, NULL, NULL, NULL, NULL, ' ', NULL),
(906, 60, 3, '2009-10-02', 'osagecit_250_ndvi.jp2', NULL, NULL, NULL, NULL, NULL, NULL, NULL, NULL, ' ', NULL),
(907, 60, 5, '2009-10-02', 'osagecit_250_ndvihd.jp2', NULL, NULL, NULL, NULL, NULL, NULL, NULL, NULL, ' ', NULL),
(908, 60, 1, '2009-10-02', 'osagecit_250_rgb.jp2', NULL, NULL, NULL, NULL, NULL, NULL, NULL, NULL, ' ', NULL),
(909, 9, 1, '2009-10-02', 'quatrodm_250_rgb.jp2', NULL, NULL, NULL, NULL, NULL, NULL, NULL, NULL, ' ', NULL),
(910, 9, 5, '2009-10-02', 'quatrodm_250_ndvihd.jp2', NULL, NULL, NULL, NULL, NULL, NULL, NULL, NULL, ' ', NULL),
(911, 9, 3, '2009-10-02', 'quatrodm_250_ndvi.jp2', NULL, NULL, NULL, NULL, NULL, NULL, NULL, NULL, ' ', NULL),
(912, 9, 2, '2009-10-02', 'quatrodm_250_cir.jp2', NULL, NULL, NULL, NULL, NULL, NULL, NULL, NULL, ' ', NULL),
(913, 8, 2, '2009-10-02', 'ranchosdh_250_cir.jp2', NULL, NULL, NULL, NULL, NULL, NULL, NULL, NULL, ' ', NULL),
(914, 8, 3, '2009-10-02', 'ranchosdh_250_ndvi.jp2', NULL, NULL, NULL, NULL, NULL, NULL, NULL, NULL, ' ', NULL),
(915, 8, 5, '2009-10-02', 'ranchosdh_250_ndvihd.jp2', NULL, NULL, NULL, NULL, NULL, NULL, NULL, NULL, ' ', NULL),
(916, 8, 1, '2009-10-02', 'ranchosdh_250_rgb.jp2', NULL, NULL, NULL, NULL, NULL, NULL, NULL, NULL, ' ', NULL),
(917, 3, 2, '2009-10-02', 'scheu_250_cir.jp2', NULL, NULL, NULL, NULL, NULL, NULL, NULL, NULL, ' ', NULL),
(918, 3, 3, '2009-10-02', 'scheu_250_ndvi.jp2', NULL, NULL, NULL, NULL, NULL, NULL, NULL, NULL, ' ', NULL),
(919, 3, 5, '2009-10-02', 'scheu_250_ndvihd.jp2', NULL, NULL, NULL, NULL, NULL, NULL, NULL, NULL, ' ', NULL),
(920, 3, 1, '2009-10-02', 'scheu_250_rgb.jp2', NULL, NULL, NULL, NULL, NULL, NULL, NULL, NULL, ' ', NULL),
(921, 56, 2, '2009-10-02', 'sharps103-104_250_cir.jp2', NULL, NULL, NULL, NULL, NULL, NULL, NULL, NULL, ' ', NULL),
(922, 56, 3, '2009-10-02', 'sharps103-104_250_ndvi.jp2', NULL, NULL, NULL, NULL, NULL, NULL, NULL, NULL, ' ', NULL),
(923, 56, 5, '2009-10-02', 'sharps103-104_250_ndvihd.jp2', NULL, NULL, NULL, NULL, NULL, NULL, NULL, NULL, ' ', NULL),
(924, 56, 1, '2009-10-02', 'sharps103-104_250_rgb.jp2', NULL, NULL, NULL, NULL, NULL, NULL, NULL, NULL, ' ', NULL),
(925, 61, 2, '2009-10-02', 'desertdel_250_cir.jp2', NULL, NULL, NULL, NULL, NULL, NULL, NULL, NULL, ' ', NULL),
(926, 61, 3, '2009-10-02', 'desertdel_250_ndvi.jp2', NULL, NULL, NULL, NULL, NULL, NULL, NULL, NULL, ' ', NULL),
(927, 61, 5, '2009-10-02', 'desertdel_250_ndvihd.jp2', NULL, NULL, NULL, NULL, NULL, NULL, NULL, NULL, ' ', NULL),
(928, 61, 1, '2009-10-02', 'desertdel_250_rgb.jp2', NULL, NULL, NULL, NULL, NULL, NULL, NULL, NULL, ' ', NULL),
(929, 62, 1, '2009-10-02', 'iid-marshrec_250_rgb.jp2', NULL, NULL, NULL, NULL, NULL, NULL, NULL, NULL, ' ', NULL),
(930, 62, 2, '2009-10-02', 'iid-marshrec_250_cir.jp2', NULL, NULL, NULL, NULL, NULL, NULL, NULL, NULL, ' ', NULL),
(931, 62, 3, '2009-10-02', 'iid-marshrec_250_ndvi.jp2', NULL, NULL, NULL, NULL, NULL, NULL, NULL, NULL, ' ', NULL),
(932, 62, 5, '2009-10-02', 'iid-marshrec_250_ndvihd.jp2', NULL, NULL, NULL, NULL, NULL, NULL, NULL, NULL, ' ', NULL),
(933, 63, 1, '2009-10-02', 'cvwd-recharge_125_rgb.jp2', NULL, NULL, NULL, NULL, NULL, NULL, NULL, NULL, ' ', NULL),
(934, 63, 2, '2009-10-02', 'cvwd-recharge_125_cir.jp2', NULL, NULL, NULL, NULL, NULL, NULL, NULL, NULL, ' ', NULL),
(935, 63, 3, '2009-10-02', 'cvwd-recharge_125_ndvi.jp2', NULL, NULL, NULL, NULL, NULL, NULL, NULL, NULL, ' ', NULL),
(936, 63, 5, '2009-10-02', 'cvwd-recharge_125_ndvihd.jp2', NULL, NULL, NULL, NULL, NULL, NULL, NULL, NULL, ' ', NULL),
(937, 64, 2, '2009-10-02', 'mardesgolf_125_cir.jp2', NULL, NULL, NULL, NULL, NULL, NULL, NULL, NULL, ' ', NULL),
(938, 65, 2, '2009-10-02', 'marshagolf_125_cir.jp2', NULL, NULL, NULL, NULL, NULL, NULL, NULL, NULL, ' ', NULL),
(939, 64, 3, '2009-10-02', 'mardesgolf_125_ndvi.jp2', NULL, NULL, NULL, NULL, NULL, NULL, NULL, NULL, ' ', NULL),
(940, 65, 3, '2009-10-02', 'marshagolf_125_ndvi.jp2', NULL, NULL, NULL, NULL, NULL, NULL, NULL, NULL, ' ', NULL),
(941, 64, 5, '2009-10-02', 'mardesgolf_125_ndvihd.jp2', NULL, NULL, NULL, NULL, NULL, NULL, NULL, NULL, ' ', NULL),
(942, 65, 5, '2009-10-02', 'marshagolf_125_ndvihd.jp2', NULL, NULL, NULL, NULL, NULL, NULL, NULL, NULL, ' ', NULL),
(943, 64, 1, '2009-10-02', 'mardesgolf_125_rgb.jp2', NULL, NULL, NULL, NULL, NULL, NULL, NULL, NULL, ' ', NULL),
(944, 65, 1, '2009-10-02', 'marshagolf_125_rgb.jp2', NULL, NULL, NULL, NULL, NULL, NULL, NULL, NULL, ' ', NULL),
(945, 38, 2, '2009-09-12', 'indianheritage_125_cir.jp2', NULL, NULL, NULL, NULL, NULL, NULL, NULL, NULL, ' ', NULL),
(946, 38, 3, '2009-09-12', 'indianheritage_125_ndvi.jp2', NULL, NULL, NULL, NULL, NULL, NULL, NULL, NULL, ' ', NULL),
(947, 38, 5, '2009-09-12', 'indianheritage_125_ndvihd.jp2', NULL, NULL, NULL, NULL, NULL, NULL, NULL, NULL, ' ', NULL),
(948, 38, 1, '2009-09-12', 'indianheritage_125_rgb.jp2', NULL, NULL, NULL, NULL, NULL, NULL, NULL, NULL, ' ', NULL),
(949, 66, 2, '2009-09-12', 'laquinta_125_cir.jp2', NULL, NULL, NULL, NULL, NULL, NULL, NULL, NULL, ' ', NULL),
(950, 66, 3, '2009-09-12', 'laquinta_125_ndvi.jp2', NULL, NULL, NULL, NULL, NULL, NULL, NULL, NULL, ' ', NULL),
(951, 66, 5, '2009-09-12', 'laquinta_125_ndvihd.jp2', NULL, NULL, NULL, NULL, NULL, NULL, NULL, NULL, ' ', NULL),
(952, 66, 1, '2009-09-12', 'laquinta_125_rgb.jp2', NULL, NULL, NULL, NULL, NULL, NULL, NULL, NULL, ' ', NULL),
(953, 67, 2, '2009-10-02', 'laquintadunes_125_cir.jp2', NULL, NULL, NULL, NULL, NULL, NULL, NULL, NULL, ' ', NULL),
(954, 67, 3, '2009-10-02', 'laquintadunes_125_ndvi.jp2', NULL, NULL, NULL, NULL, NULL, NULL, NULL, NULL, ' ', NULL),
(955, 67, 5, '2009-10-02', 'laquintadunes_125_ndvihd.jp2', NULL, NULL, NULL, NULL, NULL, NULL, NULL, NULL, ' ', NULL),
(956, 67, 1, '2009-10-02', 'laquintadunes_125_rgb.jp2', NULL, NULL, NULL, NULL, NULL, NULL, NULL, NULL, ' ', NULL),
(957, 68, 2, '2009-10-02', 'laquintamountain_125_cir.jp2', NULL, NULL, NULL, NULL, NULL, NULL, NULL, NULL, ' ', NULL),
(958, 68, 3, '2009-10-02', 'laquintamountain_125_ndvi.jp2', NULL, NULL, NULL, NULL, NULL, NULL, NULL, NULL, ' ', NULL),
(959, 68, 5, '2009-10-02', 'laquintamountain_125_ndvihd.jp2', NULL, NULL, NULL, NULL, NULL, NULL, NULL, NULL, ' ', NULL),
(960, 68, 1, '2009-10-02', 'laquintamountain_125_rgb.jp2', NULL, NULL, NULL, NULL, NULL, NULL, NULL, NULL, ' ', NULL),
(961, 66, 2, '2009-10-02', 'laquintacountryclub_125_cir.jp2', NULL, NULL, NULL, NULL, NULL, NULL, NULL, NULL, ' ', NULL),
(962, 66, 3, '2009-10-02', 'laquintacountryclub_125_ndvi.jp2', NULL, NULL, NULL, NULL, NULL, NULL, NULL, NULL, ' ', NULL),
(963, 66, 5, '2009-10-02', 'laquintacountryclub_125_ndvihd.jp2', NULL, NULL, NULL, NULL, NULL, NULL, NULL, NULL, ' ', NULL),
(964, 66, 1, '2009-10-02', 'laquintacountryclub_125_rgb.jp2', NULL, NULL, NULL, NULL, NULL, NULL, NULL, NULL, ' ', NULL),
(965, 41, 2, '2009-10-02', 'heritpalms_125_cir.jp2', NULL, NULL, NULL, NULL, NULL, NULL, NULL, NULL, ' ', NULL),
(966, 38, 2, '2009-10-02', 'indsprings_125_cir.jp2', NULL, NULL, NULL, NULL, NULL, NULL, NULL, NULL, ' ', NULL),
(967, 69, 2, '2009-10-02', 'marrangolf_125_cir.jp2', NULL, NULL, NULL, NULL, NULL, NULL, NULL, NULL, ' ', NULL),
(968, 41, 3, '2009-10-02', 'heritpalms_125_ndvi.jp2', NULL, NULL, NULL, NULL, NULL, NULL, NULL, NULL, ' ', NULL),
(969, 38, 3, '2009-10-02', 'indsprings_125_ndvi.jp2', NULL, NULL, NULL, NULL, NULL, NULL, NULL, NULL, ' ', NULL),
(970, 69, 3, '2009-10-02', 'marrangolf_125_ndvi.jp2', NULL, NULL, NULL, NULL, NULL, NULL, NULL, NULL, ' ', NULL),
(971, 69, 5, '2009-10-02', 'marrangolf_125_ndvihd.jp2', NULL, NULL, NULL, NULL, NULL, NULL, NULL, NULL, ' ', NULL),
(972, 38, 5, '2009-10-02', 'indsprings_125_ndvihd.jp2', NULL, NULL, NULL, NULL, NULL, NULL, NULL, NULL, ' ', NULL),
(973, 41, 5, '2009-10-02', 'heritpalms_125_ndvihd.jp2', NULL, NULL, NULL, NULL, NULL, NULL, NULL, NULL, ' ', NULL),
(974, 41, 1, '2009-10-02', 'heritpalms_125_rgb.jp2', NULL, NULL, NULL, NULL, NULL, NULL, NULL, NULL, ' ', NULL),
(975, 38, 1, '2009-10-02', 'indsprings_125_rgb.jp2', NULL, NULL, NULL, NULL, NULL, NULL, NULL, NULL, ' ', NULL),
(976, 69, 1, '2009-10-02', 'marrangolf_125_rgb.jp2', NULL, NULL, NULL, NULL, NULL, NULL, NULL, NULL, ' ', NULL),
(977, 70, 2, '2009-10-02', 'dospalmmit_250_cir.jp2', NULL, NULL, NULL, NULL, NULL, NULL, NULL, NULL, ' ', NULL),
(978, 70, 3, '2009-10-02', 'dospalmmit_250_ndvi.jp2', NULL, NULL, NULL, NULL, NULL, NULL, NULL, NULL, ' ', NULL),
(979, 70, 5, '2009-10-02', 'dospalmmit_250_ndvihd.jp2', NULL, NULL, NULL, NULL, NULL, NULL, NULL, NULL, ' ', NULL),
(980, 70, 1, '2009-10-02', 'dospalmmit_250_rgb.jp2', NULL, NULL, NULL, NULL, NULL, NULL, NULL, NULL, ' ', NULL),
(981, 61, 2, '2009-10-17', '20091017_desertdel_250_cir.jp2', NULL, NULL, NULL, NULL, NULL, NULL, NULL, NULL, ' ', NULL),
(982, 61, 3, '2009-10-17', '20091017_desertdel_250_ndvi.jp2', NULL, NULL, NULL, NULL, NULL, NULL, NULL, NULL, ' ', NULL),
(983, 61, 5, '2009-10-17', '20091017_desertdel_250_ndvihd.jp2', NULL, NULL, NULL, NULL, NULL, NULL, NULL, NULL, ' ', NULL),
(984, 61, 1, '2009-10-17', '20091017_desertdel_250_rgb.jp2', NULL, NULL, NULL, NULL, NULL, NULL, NULL, NULL, ' ', NULL),
(985, 71, 2, '2009-10-17', '20091017_bensent467a_250_cir.jp2', NULL, NULL, NULL, NULL, NULL, NULL, NULL, NULL, ' ', NULL),
(986, 71, 3, '2009-10-17', '20091017_bensent467a_250_ndvi.jp2', NULL, NULL, NULL, NULL, NULL, NULL, NULL, NULL, ' ', NULL),
(987, 71, 5, '2009-10-17', '20091017_bensent467a_250_ndvihd.jp2', NULL, NULL, NULL, NULL, NULL, NULL, NULL, NULL, ' ', NULL),
(988, 71, 1, '2009-10-17', '20091017_bensent467a_250_rgb.jp2', NULL, NULL, NULL, NULL, NULL, NULL, NULL, NULL, ' ', NULL),
(989, 56, 2, '2009-10-17', '20091017_sharps103-104_250_cir.jp2', NULL, NULL, NULL, NULL, NULL, NULL, NULL, NULL, ' ', NULL),
(990, 56, 3, '2009-10-17', '20091017_sharps103-104_250_ndvi.jp2', NULL, NULL, NULL, NULL, NULL, NULL, NULL, NULL, ' ', NULL),
(991, 56, 5, '2009-10-17', '20091017_sharps103-104_250_ndvihd.jp2', NULL, NULL, NULL, NULL, NULL, NULL, NULL, NULL, ' ', NULL),
(992, 56, 1, '2009-10-17', '20091017_sharps103-104_250_rgb.jp2', NULL, NULL, NULL, NULL, NULL, NULL, NULL, NULL, ' ', NULL),
(993, 22, 2, '2009-10-17', '20091017_n4_250_cir.jp2', NULL, NULL, NULL, NULL, NULL, NULL, NULL, NULL, ' ', NULL),
(994, 22, 3, '2009-10-17', '20091017_n4_250_ndvi.jp2', NULL, NULL, NULL, NULL, NULL, NULL, NULL, NULL, ' ', NULL),
(995, 22, 5, '2009-10-17', '20091017_n4_250_ndvihd.jp2', NULL, NULL, NULL, NULL, NULL, NULL, NULL, NULL, ' ', NULL),
(996, 22, 1, '2009-10-17', '20091017_n4_250_rgb.jp2', NULL, NULL, NULL, NULL, NULL, NULL, NULL, NULL, ' ', NULL),
(997, 58, 2, '2009-10-17', '20091017_g3_250_cir.jp2', NULL, NULL, NULL, NULL, NULL, NULL, NULL, NULL, ' ', NULL),
(998, 58, 3, '2009-10-17', '20091017_g3_250_ndvi.jp2', NULL, NULL, NULL, NULL, NULL, NULL, NULL, NULL, ' ', NULL),
(999, 58, 5, '2009-10-17', '20091017_g3_250_ndvihd.jp2', NULL, NULL, NULL, NULL, NULL, NULL, NULL, NULL, ' ', NULL),
(1000, 58, 1, '2009-10-17', '20091017_g3_250_rgb.jp2', NULL, NULL, NULL, NULL, NULL, NULL, NULL, NULL, ' ', NULL),
(1001, 62, 2, '2009-10-17', '20091017_iidmarchrec_250_cir.jp2', NULL, NULL, NULL, NULL, NULL, NULL, NULL, NULL, ' ', NULL),
(1002, 62, 3, '2009-10-17', '20091017_iidmarchrec_250_ndvi.jp2', NULL, NULL, NULL, NULL, NULL, NULL, NULL, NULL, ' ', NULL),
(1003, 62, 5, '2009-10-17', '20091017_iidmarchrec_250_ndvihd.jp2', NULL, NULL, NULL, NULL, NULL, NULL, NULL, NULL, ' ', NULL),
(1004, 62, 1, '2009-10-17', '20091017_iidmarchrec_250_rgb.jp2', NULL, NULL, NULL, NULL, NULL, NULL, NULL, NULL, ' ', NULL),
(1005, 8, 2, '2009-10-17', '20091017_ranchosdh_250_cir_crop.jp2', NULL, NULL, NULL, NULL, NULL, NULL, NULL, NULL, '  ', NULL),
(1007, 8, 3, '2009-10-17', '20091017_ranchosdh_250_ndvi_crop.jp2', NULL, NULL, NULL, NULL, NULL, NULL, NULL, NULL, ' ', NULL),
(1008, 8, 5, '2009-10-17', '20091017_ranchosdh_250_ndvihd_crop.jp2', NULL, NULL, NULL, NULL, NULL, NULL, NULL, NULL, ' ', NULL),
(1009, 8, 1, '2009-10-17', '20091017_ranchosdh_250_rgb_crop.jp2', NULL, NULL, NULL, NULL, NULL, NULL, NULL, NULL, ' ', NULL),
(1010, 20, 2, '2009-10-17', '20091017_o8_250_cir.jp2', NULL, NULL, NULL, NULL, NULL, NULL, NULL, NULL, ' ', NULL),
(1011, 20, 3, '2009-10-17', '20091017_o8_250_ndvi.jp2', NULL, NULL, NULL, NULL, NULL, NULL, NULL, NULL, ' ', NULL),
(1012, 20, 5, '2009-10-17', '20091017_o8_250_ndvihd.jp2', NULL, NULL, NULL, NULL, NULL, NULL, NULL, NULL, ' ', NULL),
(1013, 20, 1, '2009-10-17', '20091017_o8_250_rgb.jp2', NULL, NULL, NULL, NULL, NULL, NULL, NULL, NULL, ' ', NULL),
(1014, 3, 2, '2009-10-17', '20091017_scheu_250_cir.jp2', NULL, NULL, NULL, NULL, NULL, NULL, NULL, NULL, ' ', NULL),
(1015, 3, 3, '2009-10-17', '20091017_scheu_250_ndvi.jp2', NULL, NULL, NULL, NULL, NULL, NULL, NULL, NULL, ' ', NULL),
(1016, 3, 5, '2009-10-17', '20091017_scheu_250_ndvihd.jp2', NULL, NULL, NULL, NULL, NULL, NULL, NULL, NULL, ' ', NULL),
(1017, 3, 1, '2009-10-17', '20091017_scheu_250_rgb.jp2', NULL, NULL, NULL, NULL, NULL, NULL, NULL, NULL, ' ', NULL),
(1018, 9, 2, '2009-10-17', '20091017_quatrodm_250_cir.jp2', NULL, NULL, NULL, NULL, NULL, NULL, NULL, NULL, ' ', NULL),
(1019, 9, 3, '2009-10-17', '20091017_quatrodm_250_ndvi.jp2', NULL, NULL, NULL, NULL, NULL, NULL, NULL, NULL, ' ', NULL),
(1020, 9, 5, '2009-10-17', '20091017_quatrodm_250_ndvihd.jp2', NULL, NULL, NULL, NULL, NULL, NULL, NULL, NULL, ' ', NULL),
(1021, 9, 1, '2009-10-17', '20091017_quatrodm_250_rgb.jp2', NULL, NULL, NULL, NULL, NULL, NULL, NULL, NULL, ' ', NULL),
(1022, 72, 2, '2009-10-17', '20091017_Ohmar9_250_cir.jp2', NULL, NULL, NULL, NULL, NULL, NULL, NULL, NULL, ' ', NULL),
(1023, 72, 3, '2009-10-17', '20091017_Ohmar9_250_ndvi.jp2', NULL, NULL, NULL, NULL, NULL, NULL, NULL, NULL, ' ', NULL),
(1024, 72, 5, '2009-10-17', '20091017_Ohmar9_250_ndvihd.jp2', NULL, NULL, NULL, NULL, NULL, NULL, NULL, NULL, ' ', NULL),
(1025, 72, 1, '2009-10-17', '20091017_Ohmar9_250_rgb.jp2', NULL, NULL, NULL, NULL, NULL, NULL, NULL, NULL, ' ', NULL),
(1026, 38, 2, '2009-10-17', 'indsprings1017_125_cir.jp2', NULL, NULL, NULL, NULL, NULL, NULL, NULL, NULL, ' ', NULL),
(1027, 38, 3, '2009-10-17', 'indsprings1017_125_ndvi.jp2', NULL, NULL, NULL, NULL, NULL, NULL, NULL, NULL, ' ', NULL),
(1028, 38, 5, '2009-10-17', 'indsprings1017_125_ndvihd.jp2', NULL, NULL, NULL, NULL, NULL, NULL, NULL, NULL, ' ', NULL),
(1029, 38, 1, '2009-10-17', 'indsprings1017_125_rgb.jp2', NULL, NULL, NULL, NULL, NULL, NULL, NULL, NULL, ' ', NULL),
(1031, 57, 2, '2009-10-17', '20091017_casagrande_250_cir.jp2', NULL, NULL, NULL, NULL, NULL, NULL, NULL, NULL, ' ', NULL),
(1032, 57, 3, '2009-10-17', '20091017_casagrande_250_ndvi.jp2', NULL, NULL, NULL, NULL, NULL, NULL, NULL, NULL, ' ', NULL),
(1033, 57, 5, '2009-10-17', '20091017_casagrande_250_ndvihd.jp2', NULL, NULL, NULL, NULL, NULL, NULL, NULL, NULL, ' ', NULL),
(1034, 57, 1, '2009-10-17', '20091017_casagrande_250_rgb.jp2', NULL, NULL, NULL, NULL, NULL, NULL, NULL, NULL, ' ', NULL),
(1035, 41, 2, '2009-10-17', '20091017_heritagepalms_125_cir.jp2', NULL, NULL, NULL, NULL, NULL, NULL, NULL, NULL, ' ', NULL),
(1036, 41, 3, '2009-10-17', '20091017_heritagepalms_125_ndvi.jp2', NULL, NULL, NULL, NULL, NULL, NULL, NULL, NULL, ' ', NULL),
(1037, 41, 5, '2009-10-17', '20091017_heritagepalms_125_ndvihd.jp2', NULL, NULL, NULL, NULL, NULL, NULL, NULL, NULL, ' ', NULL),
(1038, 41, 1, '2009-10-17', '20091017_heritagepalms_125_rgb.jp2', NULL, NULL, NULL, NULL, NULL, NULL, NULL, NULL, ' ', NULL),
(1039, 63, 2, '2009-10-17', '20091017_cvwdrechargeck_125_cir.jp2', NULL, NULL, NULL, NULL, NULL, NULL, NULL, NULL, ' ', NULL),
(1040, 63, 3, '2009-10-17', '20091017_cvwdrechargeck_125_ndvi.jp2', NULL, NULL, NULL, NULL, NULL, NULL, NULL, NULL, ' ', NULL),
(1041, 63, 5, '2009-10-17', '20091017_cvwdrechargeck_125_ndvihd.jp2', NULL, NULL, NULL, NULL, NULL, NULL, NULL, NULL, ' ', NULL),
(1042, 63, 1, '2009-10-17', '20091017_cvwdrechargeck_125_rgb.jp2', NULL, NULL, NULL, NULL, NULL, NULL, NULL, NULL, ' ', NULL),
(1043, 64, 2, '2009-10-17', '20091017_mardesgolf_125_cir.jp2', NULL, NULL, NULL, NULL, NULL, NULL, NULL, NULL, ' ', NULL),
(1044, 64, 3, '2009-10-17', '20091017_mardesgolf_125_ndvi.jp2', NULL, NULL, NULL, NULL, NULL, NULL, NULL, NULL, ' ', NULL),
(1045, 64, 5, '2009-10-17', '20091017_mardesgolf_125_ndvihd.jp2', NULL, NULL, NULL, NULL, NULL, NULL, NULL, NULL, ' ', NULL),
(1046, 64, 1, '2009-10-17', '20091017_mardesgolf_125_rgb.jp2', NULL, NULL, NULL, NULL, NULL, NULL, NULL, NULL, ' ', NULL),
(1047, 69, 2, '2009-10-17', '20091017_marrangolf_125_cir.jp2', NULL, NULL, NULL, NULL, NULL, NULL, NULL, NULL, ' ', NULL),
(1048, 69, 3, '2009-10-17', '20091017_marrangolf_125_ndvi.jp2', NULL, NULL, NULL, NULL, NULL, NULL, NULL, NULL, ' ', NULL),
(1049, 69, 5, '2009-10-17', '20091017_marrangolf_125_ndvihd.jp2', NULL, NULL, NULL, NULL, NULL, NULL, NULL, NULL, ' ', NULL),
(1050, 69, 1, '2009-10-17', '20091017_marrangolf_125_rgb.jp2', NULL, NULL, NULL, NULL, NULL, NULL, NULL, NULL, ' ', NULL),
(1051, 67, 2, '2009-10-17', '20091017_laquintadunes_125_cir.jp2', NULL, NULL, NULL, NULL, NULL, NULL, NULL, NULL, ' ', NULL),
(1052, 67, 3, '2009-10-17', '20091017_laquintadunes_125_ndvi.jp2', NULL, NULL, NULL, NULL, NULL, NULL, NULL, NULL, ' ', NULL),
(1053, 66, 5, '2009-10-17', '20091017_laquintadunes_125_ndvihd.jp2', NULL, NULL, NULL, NULL, NULL, NULL, NULL, NULL, ' ', NULL),
(1054, 67, 1, '2009-10-17', '20091017_laquintadunes_125_rgb.jp2', NULL, NULL, NULL, NULL, NULL, NULL, NULL, NULL, ' ', NULL),
(1055, 66, 2, '2009-10-17', '20091017_laquintacc_125_cir.jp2', NULL, NULL, NULL, NULL, NULL, NULL, NULL, NULL, ' ', NULL),
(1056, 66, 3, '2009-10-17', '20091017_laquintacc_125_ndvi.jp2', NULL, NULL, NULL, NULL, NULL, NULL, NULL, NULL, ' ', NULL),
(1057, 66, 5, '2009-10-17', '20091017_laquintacc_125_ndvihd.jp2', NULL, NULL, NULL, NULL, NULL, NULL, NULL, NULL, ' ', NULL),
(1058, 66, 1, '2009-10-17', '20091017_laquintacc_125_rgb.jp2', NULL, NULL, NULL, NULL, NULL, NULL, NULL, NULL, ' ', NULL),
(1059, 8, 1, '2009-01-02', 'test1_out.jp2', NULL, NULL, NULL, NULL, NULL, NULL, NULL, NULL, ' ', NULL),
(1060, 56, 1, '2009-02-01', '20091031_sharps_rgb_test.jp2', NULL, NULL, NULL, NULL, NULL, NULL, NULL, NULL, ' ', NULL),
(1061, 57, 2, '2009-10-31', '20091031_arp35-5,35-6_250_cir.jp2', NULL, NULL, NULL, NULL, NULL, NULL, NULL, NULL, ' ', NULL),
(1062, 57, 3, '2009-10-31', '20091031_arp35-5,35-6_250_ndvi.jp2', NULL, NULL, NULL, NULL, NULL, NULL, NULL, NULL, ' ', NULL),
(1063, 57, 5, '2009-10-31', '20091031_arp35-5,35-6_250_ndvi.jp2', NULL, NULL, NULL, NULL, NULL, NULL, NULL, NULL, ' ', NULL),
(1064, 57, 1, '2009-10-31', '20091031_arp35-5,35-6_250_rgb.jp2', NULL, NULL, NULL, NULL, NULL, NULL, NULL, NULL, ' ', NULL),
(1065, 71, 2, '2009-10-31', '20091031_Bensen467A-2ndTry_Guest_250_cir.jp2', NULL, NULL, NULL, NULL, NULL, NULL, NULL, NULL, ' ', NULL),
(1066, 71, 3, '2009-10-31', '20091031_Bensen467A-2ndTry_Guest_250_ndvi.jp2', NULL, NULL, NULL, NULL, NULL, NULL, NULL, NULL, ' ', NULL),
(1067, 71, 5, '2009-10-31', '20091031_Bensen467A-2ndTry_Guest_250_ndvihd.jp2', NULL, NULL, NULL, NULL, NULL, NULL, NULL, NULL, ' ', NULL),
(1068, 71, 1, '2009-10-31', '20091031_Bensen467A-2ndTry_Guest_250_rgb.jp2', NULL, NULL, NULL, NULL, NULL, NULL, NULL, NULL, ' ', NULL),
(1069, 73, 2, '2009-10-31', '20091031_DosPalmMit-demo_CVWD_125_cir.jp2', NULL, NULL, NULL, NULL, NULL, NULL, NULL, NULL, ' ', NULL),
(1070, 73, 3, '2009-10-31', '20091031_DosPalmMit-demo_CVWD_125_ndvi.jp2', NULL, NULL, NULL, NULL, NULL, NULL, NULL, NULL, ' ', NULL),
(1071, 73, 5, '2009-10-31', '20091031_DosPalmMit-demo_CVWD_125_ndvihd.jp2', NULL, NULL, NULL, NULL, NULL, NULL, NULL, NULL, ' ', NULL),
(1072, 73, 1, '2009-10-31', '20091031_DosPalmMit-demo_CVWD_125_rgb.jp2', NULL, NULL, NULL, NULL, NULL, NULL, NULL, NULL, ' ', NULL),
(1073, 62, 2, '2009-10-31', '20091031_MarshLandRec_IID_250_cir.jp2', NULL, NULL, NULL, NULL, NULL, NULL, NULL, NULL, ' ', NULL),
(1074, 62, 3, '2009-10-31', '20091031_MarshLandRec_IID_250_ndvi.jp2', NULL, NULL, NULL, NULL, NULL, NULL, NULL, NULL, ' ', NULL),
(1075, 62, 5, '2009-10-31', '20091031_MarshLandRec_IID_250_ndvihd.jp2', NULL, NULL, NULL, NULL, NULL, NULL, NULL, NULL, ' ', NULL),
(1076, 62, 1, '2009-10-31', '20091031_MarshLandRec_IID_250_rgb.jp2', NULL, NULL, NULL, NULL, NULL, NULL, NULL, NULL, ' ', NULL),
(1077, 60, 2, '2009-10-31', '20091031_OsageCit_Guest_250_cir.jp2', NULL, NULL, NULL, NULL, NULL, NULL, NULL, NULL, ' ', NULL),
(1078, 60, 3, '2009-10-31', '20091031_OsageCit_Guest_250_ndvi.jp2', NULL, NULL, NULL, NULL, NULL, NULL, NULL, NULL, ' ', NULL),
(1079, 60, 5, '2009-10-31', '20091031_OsageCit_Guest_250_ndvihd.jp2', NULL, NULL, NULL, NULL, NULL, NULL, NULL, NULL, ' ', NULL),
(1080, 60, 1, '2009-10-31', '20091031_OsageCit_Guest_250_rgb.jp2', NULL, NULL, NULL, NULL, NULL, NULL, NULL, NULL, ' ', NULL),
(1081, 56, 2, '2009-10-31', '20091031_Sharps103-104_Guest_250_cir.jp2', NULL, NULL, NULL, NULL, NULL, NULL, NULL, NULL, ' ', NULL),
(1082, 56, 3, '2009-10-31', '20091031_Sharps103-104_Guest_250_ndvi.jp2', NULL, NULL, NULL, NULL, NULL, NULL, NULL, NULL, ' ', NULL),
(1083, 56, 5, '2009-10-31', '20091031_Sharps103-104_Guest_250_ndvihd.jp2', NULL, NULL, NULL, NULL, NULL, NULL, NULL, NULL, ' ', NULL),
(1084, 56, 1, '2009-10-31', '20091031_Sharps103-104_Guest_250_rgb.jp2', NULL, NULL, NULL, NULL, NULL, NULL, NULL, NULL, ' ', NULL),
(1086, 60, 2, '2009-10-17', '20091017_osagecit_guest_250_cir.jp2', NULL, NULL, NULL, NULL, NULL, NULL, NULL, NULL, ' ', NULL),
(1087, 60, 3, '2009-10-17', '20091017_osagecit_guest_250_ndvi.jp2', NULL, NULL, NULL, NULL, NULL, NULL, NULL, NULL, ' ', NULL),
(1088, 60, 5, '2009-10-17', '20091017_osagecit_guest_250_ndvihd.jp2', NULL, NULL, NULL, NULL, NULL, NULL, NULL, NULL, ' ', NULL),
(1089, 60, 1, '2009-10-17', '20091017_osagecit_guest_250_rgb.jp2', NULL, NULL, NULL, NULL, NULL, NULL, NULL, NULL, ' ', NULL),
(1090, 74, 2, '2009-10-31', '20091031_dospalmamit_cvwd_63_cir.jp2', NULL, NULL, NULL, NULL, NULL, NULL, NULL, NULL, ' ', NULL),
(1091, 74, 3, '2009-10-31', '20091031_dospalmamit_cvwd_63_ndvi.jp2', NULL, NULL, NULL, NULL, NULL, NULL, NULL, NULL, ' ', NULL),
(1092, 74, 5, '2009-10-31', '20091031_dospalmamit_cvwd_63_ndvihd.jp2', NULL, NULL, NULL, NULL, NULL, NULL, NULL, NULL, ' ', NULL),
(1093, 74, 1, '2009-10-31', '20091031_dospalmamit_cvwd_63_rgb.jp2', NULL, NULL, NULL, NULL, NULL, NULL, NULL, NULL, ' ', NULL),
(1094, 75, 2, '2009-11-01', 'branden2_demo_125_cir.ecw', NULL, NULL, NULL, NULL, NULL, NULL, NULL, NULL, ' ', NULL),
(1095, 75, 3, '2009-11-01', 'branden2_demo_125_ndvi.ecw', NULL, NULL, NULL, NULL, NULL, NULL, NULL, NULL, ' ', NULL),
(1096, 75, 5, '2009-11-01', 'branden2_demo_125_ndvihd.ecw', NULL, NULL, NULL, NULL, NULL, NULL, NULL, NULL, ' ', NULL),
(1097, 75, 1, '2009-11-01', 'branden2_demo_125_rgb.ecw', NULL, NULL, NULL, NULL, NULL, NULL, NULL, NULL, ' ', NULL),
(1098, 41, 2, '2009-10-31', '20091031_heritagepalms_heritagepalms_125_cir.jp2', NULL, NULL, NULL, NULL, NULL, NULL, NULL, NULL, ' ', NULL),
(1099, 41, 3, '2009-10-31', '20091031_heritagepalms_heritagepalms_125_ndvi.jp2', NULL, NULL, NULL, NULL, NULL, NULL, NULL, NULL, ' ', NULL),
(1100, 41, 5, '2009-10-31', '20091031_heritagepalms_heritagepalms_125_ndvihd.jp2', NULL, NULL, NULL, NULL, NULL, NULL, NULL, NULL, ' ', NULL),
(1101, 41, 1, '2009-10-31', '20091031_heritagepalms_heritagepalms_125_rgb.jp2', NULL, NULL, NULL, NULL, NULL, NULL, NULL, NULL, ' ', NULL),
(1102, 38, 2, '2009-10-31', '20091031_indiansprings_indiansprings_125_cir.jp2', NULL, NULL, NULL, NULL, NULL, NULL, NULL, NULL, ' ', NULL),
(1103, 38, 3, '2009-10-31', '20091031_indiansprings_indiansprings_125_ndvi.jp2', NULL, NULL, NULL, NULL, NULL, NULL, NULL, NULL, ' ', NULL),
(1104, 38, 5, '2009-10-31', '20091031_indiansprings_indiansprings_125_ndvihd.jp2', NULL, NULL, NULL, NULL, NULL, NULL, NULL, NULL, ' ', NULL),
(1105, 38, 1, '2009-10-31', '20091031_indiansprings_indiansprings_125_rgb.jp2', NULL, NULL, NULL, NULL, NULL, NULL, NULL, NULL, ' ', NULL),
(1106, 64, 2, '2009-10-31', '20091031_marriotdesert_marriot_125_cir.jp2', NULL, NULL, NULL, NULL, NULL, NULL, NULL, NULL, ' ', NULL),
(1107, 64, 3, '2009-10-31', '20091031_marriotdesert_marriot_125_ndvi.jp2', NULL, NULL, NULL, NULL, NULL, NULL, NULL, NULL, ' ', NULL),
(1108, 64, 5, '2009-10-31', '20091031_marriotdesert_marriot_125_ndvihd.jp2', NULL, NULL, NULL, NULL, NULL, NULL, NULL, NULL, ' ', NULL),
(1109, 64, 1, '2009-10-31', '20091031_marriotdesert_marriot_125_rgb.jp2', NULL, NULL, NULL, NULL, NULL, NULL, NULL, NULL, ' ', NULL),
(1110, 69, 2, '2009-10-31', '20091031_marriotrancho_marriot_125_cir.jp2', NULL, NULL, NULL, NULL, NULL, NULL, NULL, NULL, ' ', NULL),
(1111, 65, 2, '2009-10-31', '20091031_marriotshadow_marriot_125_cir.jp2', NULL, NULL, NULL, NULL, NULL, NULL, NULL, NULL, ' ', NULL),
(1112, 69, 3, '2009-10-31', '20091031_marriotrancho_marriot_125_ndvi.jp2', NULL, NULL, NULL, NULL, NULL, NULL, NULL, NULL, ' ', NULL),
(1113, 65, 3, '2009-10-31', '20091031_marriotshadow_marriot_125_ndvi.jp2', NULL, NULL, NULL, NULL, NULL, NULL, NULL, NULL, ' ', NULL),
(1114, 69, 5, '2009-10-31', '20091031_marriotrancho_marriot_125_ndvihd.jp2', NULL, NULL, NULL, NULL, NULL, NULL, NULL, NULL, ' ', NULL),
(1115, 65, 5, '2009-10-31', '20091031_marriotshadow_marriot_125_ndvihd.jp2', NULL, NULL, NULL, NULL, NULL, NULL, NULL, NULL, ' ', NULL),
(1116, 69, 1, '2009-10-31', '20091031_marriotrancho_marriot_125_rgb.jp2', NULL, NULL, NULL, NULL, NULL, NULL, NULL, NULL, ' ', NULL),
(1117, 65, 1, '2009-10-31', '20091031_marriotshadow_marriot_125_rgb.jp2', NULL, NULL, NULL, NULL, NULL, NULL, NULL, NULL, ' ', NULL),
(1118, 68, 2, '2009-10-17', 'laquintamountain_125_cir.jp2', NULL, NULL, NULL, NULL, NULL, NULL, NULL, NULL, ' ', NULL),
(1119, 68, 3, '2009-10-17', 'laquintamountain_125_ndvi.jp2', NULL, NULL, NULL, NULL, NULL, NULL, NULL, NULL, ' ', NULL),
(1120, 68, 5, '2009-10-17', 'laquintamountain_125_ndvihd.jp2', NULL, NULL, NULL, NULL, NULL, NULL, NULL, NULL, ' ', NULL),
(1121, 68, 1, '2009-10-17', 'laquintamountain_125_rgb.jp2', NULL, NULL, NULL, NULL, NULL, NULL, NULL, NULL, ' ', NULL),
(1122, 65, 2, '2009-10-17', '20091017_marriotshadow_marriot_125_cir.jp2', NULL, NULL, NULL, NULL, NULL, NULL, NULL, NULL, ' ', NULL),
(1123, 65, 3, '2009-10-17', '20091017_marriotshadow_marriot_125_ndvi.jp2', NULL, NULL, NULL, NULL, NULL, NULL, NULL, NULL, ' ', NULL),
(1124, 65, 5, '2009-10-17', '20091017_marriotshadow_marriot_125_ndvihd.jp2', NULL, NULL, NULL, NULL, NULL, NULL, NULL, NULL, ' ', NULL),
(1125, 65, 1, '2009-10-17', '20091017_marriotshadow_marriot_125_rgb.jp2', NULL, NULL, NULL, NULL, NULL, NULL, NULL, NULL, ' ', NULL),
(1126, 41, 2, '2009-09-12', '2009912_heritagepalms_heritagepalms_125_cir.jp2', NULL, NULL, NULL, NULL, NULL, NULL, NULL, NULL, ' ', NULL),
(1127, 41, 3, '2009-09-12', '2009912_heritagepalms_heritagepalms_125_ndvi.jp2', NULL, NULL, NULL, NULL, NULL, NULL, NULL, NULL, ' ', NULL),
(1128, 41, 5, '2009-09-12', '2009912_heritagepalms_heritagepalms_125_ndvihd.jp2', NULL, NULL, NULL, NULL, NULL, NULL, NULL, NULL, ' ', NULL),
(1129, 41, 1, '2009-09-12', '2009912_heritagepalms_heritagepalms_125_rgb.jp2', NULL, NULL, NULL, NULL, NULL, NULL, NULL, NULL, ' ', NULL),
(1130, 76, 2, '2009-11-21', '20091121_alkalinr1_akalin_125_cir.jp2', NULL, NULL, NULL, NULL, NULL, NULL, NULL, NULL, ' ', NULL),
(1131, 76, 3, '2009-11-21', '20091121_alkalinr1_akalin_125_ndvi.jp2', NULL, NULL, NULL, NULL, NULL, NULL, NULL, NULL, ' ', NULL),
(1132, 76, 5, '2009-11-21', '20091121_alkalinr1_akalin_125_ndvihd.jp2', NULL, NULL, NULL, NULL, NULL, NULL, NULL, NULL, ' ', NULL),
(1133, 76, 1, '2009-11-21', '20091121_alkalinr1_akalin_125_rgb.jp2', NULL, NULL, NULL, NULL, NULL, NULL, NULL, NULL, ' ', NULL),
(1134, 77, 2, '2009-11-21', '20091121_bensentam222_aronq_125_cir.jp2', NULL, NULL, NULL, NULL, NULL, NULL, NULL, NULL, ' ', NULL),
(1135, 77, 3, '2009-11-21', '20091121_bensentam222_aronq_125_ndvi.jp2', NULL, NULL, NULL, NULL, NULL, NULL, NULL, NULL, ' ', NULL),
(1136, 77, 5, '2009-11-21', '20091121_bensentam222_aronq_125_ndvihd.jp2', NULL, NULL, NULL, NULL, NULL, NULL, NULL, NULL, ' ', NULL),
(1137, 77, 1, '2009-11-21', '20091121_bensentam222_aronq_125_rgb.jp2', NULL, NULL, NULL, NULL, NULL, NULL, NULL, NULL, ' ', NULL),
(1138, 62, 2, '2009-11-21', '20091121_marshlandrec_iid_250_cir.jp2', NULL, NULL, NULL, NULL, NULL, NULL, NULL, NULL, ' ', NULL),
(1139, 62, 3, '2009-11-21', '20091121_marshlandrec_iid_250_ndvi.jp2', NULL, NULL, NULL, NULL, NULL, NULL, NULL, NULL, ' ', NULL),
(1140, 62, 5, '2009-11-21', '20091121_marshlandrec_iid_250_ndvihd.jp2', NULL, NULL, NULL, NULL, NULL, NULL, NULL, NULL, ' ', NULL),
(1141, 62, 1, '2009-11-21', '20091121_marshlandrec_iid_250_rgb.jp2', NULL, NULL, NULL, NULL, NULL, NULL, NULL, NULL, ' ', NULL),
(1142, 5, 2, '2009-11-21', '20091121_rucker1_guest_125_cir.jp2', NULL, NULL, NULL, NULL, NULL, NULL, NULL, NULL, ' ', NULL),
(1143, 5, 3, '2009-11-21', '20091121_rucker1_guest_125_ndvi.jp2', NULL, NULL, NULL, NULL, NULL, NULL, NULL, NULL, ' ', NULL),
(1144, 5, 5, '2009-11-21', '20091121_rucker1_guest_125_ndvihd.jp2', NULL, NULL, NULL, NULL, NULL, NULL, NULL, NULL, ' ', NULL),
(1145, 5, 1, '2009-11-21', '20091121_rucker1_guest_125_rgb.jp2', NULL, NULL, NULL, NULL, NULL, NULL, NULL, NULL, ' ', NULL),
(1146, 37, 1, '2009-11-21', '20091121_brandenberg2_guest_125_rgb.jp2', NULL, NULL, NULL, NULL, NULL, NULL, NULL, NULL, ' ', NULL),
(1147, 37, 5, '2009-11-21', '20091121_brandenberg2_guest_125_ndvihd.jp2', NULL, NULL, NULL, NULL, NULL, NULL, NULL, NULL, ' ', NULL),
(1148, 37, 3, '2009-11-21', '20091121_brandenberg2_guest_125_ndvi.jp2', NULL, NULL, NULL, NULL, NULL, NULL, NULL, NULL, ' ', NULL);
INSERT INTO `image` (`id`, `property_id`, `imagetypes_id`, `capture_date`, `webserver_layer`, `croptype_id`, `flight_time`, `resolution`, `aircraft_id`, `camera_id`, `image_processing_version`, `published_date`, `server_id`, `description`, `locked`) VALUES
(1149, 37, 2, '2009-11-21', '20091121_brandenberg2_guest_125_cir.jp2', NULL, NULL, NULL, NULL, NULL, NULL, NULL, NULL, ' ', NULL),
(1150, 70, 2, '2009-11-21', '20091121_dospalmmit-10in-demo_cvwd_250_cir.jp2', NULL, NULL, NULL, NULL, NULL, NULL, NULL, NULL, ' ', NULL),
(1151, 70, 1, '2009-11-21', '20091121_dospalmmit-10in-demo_cvwd_250_rgb.jp2', NULL, NULL, NULL, NULL, NULL, NULL, NULL, NULL, ' ', NULL),
(1152, 70, 5, '2009-11-21', '20091121_dospalmmit-10in-demo_cvwd_250_ndvihd.jp2', NULL, NULL, NULL, NULL, NULL, NULL, NULL, NULL, ' ', NULL),
(1153, 70, 2, '2009-11-21', '20091121_dospalmmit-10in-demo_cvwd_250_cir.jp2', NULL, NULL, NULL, NULL, NULL, NULL, NULL, NULL, ' ', NULL),
(1154, 78, 5, '2009-11-21', '20091121_audubonsitetri_akalin_125_ndvihd.jp2', NULL, NULL, NULL, NULL, NULL, NULL, NULL, NULL, ' ', NULL),
(1155, 78, 3, '2009-11-21', '20091121_audubonsitetri_akalin_125_ndvi.jp2', NULL, NULL, NULL, NULL, NULL, NULL, NULL, NULL, ' ', NULL),
(1156, 78, 1, '2009-11-21', '20091121_audubonsitetri_akalin_125_rgb.jp2', NULL, NULL, NULL, NULL, NULL, NULL, NULL, NULL, ' ', NULL),
(1157, 78, 2, '2009-11-21', '20091121_audubonsitetri_akalin_125_cir.jp2', NULL, NULL, NULL, NULL, NULL, NULL, NULL, NULL, ' ', NULL),
(1158, 79, 2, '2009-11-21', '20091121_osterkampred94_guest_250_cir.jp2', NULL, NULL, NULL, NULL, NULL, NULL, NULL, NULL, ' ', NULL),
(1159, 79, 3, '2009-11-21', '20091121_osterkampred94_guest_250_ndvi.jp2', NULL, NULL, NULL, NULL, NULL, NULL, NULL, NULL, ' ', NULL),
(1160, 79, 5, '2009-11-21', '20091121_osterkampred94_guest_250_ndvihd.jp2', NULL, NULL, NULL, NULL, NULL, NULL, NULL, NULL, ' ', NULL),
(1161, 79, 1, '2009-11-21', '20091121_osterkampred94_guest_250_rgb.jp2', NULL, NULL, NULL, NULL, NULL, NULL, NULL, NULL, ' ', NULL),
(1162, 76, 6, '2009-12-04', '20091204_kalinr1_akalin_250_change.jp2', NULL, NULL, NULL, NULL, NULL, NULL, NULL, NULL, ' ', NULL),
(1163, 76, 2, '2009-12-04', '20091204_kalinr1_akalin_250_cir.jp2', NULL, NULL, NULL, NULL, NULL, NULL, NULL, NULL, ' ', NULL),
(1164, 76, 7, '2009-12-04', '20091204_kalinr1_akalin_250_color.jp2', NULL, NULL, NULL, NULL, NULL, NULL, NULL, NULL, ' ', NULL),
(1165, 76, 3, '2009-12-04', '20091204_kalinr1_akalin_250_ndvi.jp2', NULL, NULL, NULL, NULL, NULL, NULL, NULL, NULL, ' ', NULL),
(1166, 76, 5, '2009-12-04', '20091204_kalinr1_akalin_250_ndvihd.jp2', NULL, NULL, NULL, NULL, NULL, NULL, NULL, NULL, ' ', NULL),
(1167, 76, 1, '2009-12-04', '20091204_kalinr1_akalin_250_rgb.jp2', NULL, NULL, NULL, NULL, NULL, NULL, NULL, NULL, ' ', NULL),
(1168, 80, 2, '2009-12-04', '20091204_roselle7_guest_250_cir.jp2', NULL, NULL, NULL, NULL, NULL, NULL, NULL, NULL, ' ', NULL),
(1169, 80, 7, '2009-12-04', '20091204_roselle7_guest_250_color.jp2', NULL, NULL, NULL, NULL, NULL, NULL, NULL, NULL, ' ', NULL),
(1170, 80, 3, '2009-12-04', '20091204_roselle7_guest_250_ndvi.jp2', NULL, NULL, NULL, NULL, NULL, NULL, NULL, NULL, ' ', NULL),
(1171, 80, 5, '2009-12-04', '20091204_roselle7_guest_250_ndvihd.jp2', NULL, NULL, NULL, NULL, NULL, NULL, NULL, NULL, ' ', NULL),
(1172, 80, 1, '2009-12-04', '20091204_roselle7_guest_250_rgb.jp2', NULL, NULL, NULL, NULL, NULL, NULL, NULL, NULL, ' ', NULL),
(1187, 77, 6, '2009-12-04', '20091204_benTam222-02_aronq_250_change.jp2', NULL, NULL, NULL, NULL, NULL, NULL, NULL, NULL, ' ', NULL),
(1188, 77, 2, '2009-12-04', '20091204_benTam222-02_aronq_250_cir.jp2', NULL, NULL, NULL, NULL, NULL, NULL, NULL, NULL, ' ', NULL),
(1189, 77, 7, '2009-12-04', '20091204_benTam222-02_aronq_250_color.jp2', NULL, NULL, NULL, NULL, NULL, NULL, NULL, NULL, ' ', NULL),
(1190, 77, 8, '2009-12-04', '20091204_benTam222-02_aronq_250_fpar.jp2', NULL, NULL, NULL, NULL, NULL, NULL, NULL, NULL, ' ', NULL),
(1191, 77, 3, '2009-12-04', '20091204_benTam222-02_aronq_250_ndvi.jp2', NULL, NULL, NULL, NULL, NULL, NULL, NULL, NULL, ' ', NULL),
(1192, 77, 5, '2009-12-04', '20091204_benTam222-02_aronq_250_ndvihd.jp2', NULL, NULL, NULL, NULL, NULL, NULL, NULL, NULL, ' ', NULL),
(1193, 77, 1, '2009-12-04', '20091204_benTam222-02_aronq_250_rgb.jp2', NULL, NULL, NULL, NULL, NULL, NULL, NULL, NULL, ' ', NULL),
(1194, 71, 5, '2009-12-04', '20091204_bentri475-476-02_guest_250_ndvihd.jp2', NULL, NULL, NULL, NULL, NULL, NULL, NULL, NULL, ' ', NULL),
(1195, 71, 3, '2009-12-04', '20091204_bentri475-476-02_guest_250_ndvi.jp2', NULL, NULL, NULL, NULL, NULL, NULL, NULL, NULL, ' ', NULL),
(1196, 71, 7, '2009-12-04', '20091204_bentri475-476-02_guest_250_color.jp2', NULL, NULL, NULL, NULL, NULL, NULL, NULL, NULL, ' ', NULL),
(1197, 71, 8, '2009-12-04', '20091204_bentri475-476-02_guest_250_fpar.jp2', NULL, NULL, NULL, NULL, NULL, NULL, NULL, NULL, ' ', NULL),
(1198, 71, 6, '2009-12-04', '20091204_bentri475-476-02_guest_250_change.jp2', NULL, NULL, NULL, NULL, NULL, NULL, NULL, NULL, ' ', NULL),
(1199, 71, 2, '2009-12-04', '20091204_bentri475-476-02_guest_250_cir.jp2', NULL, NULL, NULL, NULL, NULL, NULL, NULL, NULL, ' ', NULL),
(1200, 71, 1, '2009-12-04', '20091204_bentri475-476-02_guest_250_rgb.jp2', NULL, NULL, NULL, NULL, NULL, NULL, NULL, NULL, ' ', NULL),
(1201, 38, 2, '2009-12-04', '20091204_ind-her-golf_indiansprings_125_cir.jp2', NULL, NULL, NULL, NULL, NULL, NULL, NULL, NULL, ' ', NULL),
(1202, 38, 3, '2009-12-04', '20091204_ind-her-golf_indiansprings_125_ndvi.jp2', NULL, NULL, NULL, NULL, NULL, NULL, NULL, NULL, ' ', NULL),
(1203, 38, 5, '2009-12-04', '20091204_ind-her-golf_indiansprings_125_ndvihd.jp2', NULL, NULL, NULL, NULL, NULL, NULL, NULL, NULL, ' ', NULL),
(1204, 38, 1, '2009-12-04', '20091204_ind-her-golf_indiansprings_125_rgb.jp2', NULL, NULL, NULL, NULL, NULL, NULL, NULL, NULL, ' ', NULL),
(1205, 64, 2, '2009-12-04', '20091204_marriotdesert_marriot_125_cir.jp2', NULL, NULL, NULL, NULL, NULL, NULL, NULL, NULL, ' ', NULL),
(1206, 64, 3, '2009-12-04', '20091204_marriotdesert_marriot_125_ndvi.jp2', NULL, NULL, NULL, NULL, NULL, NULL, NULL, NULL, ' ', NULL),
(1207, 64, 5, '2009-12-04', '20091204_marriotdesert_marriot_125_ndvihd.jp2', NULL, NULL, NULL, NULL, NULL, NULL, NULL, NULL, ' ', NULL),
(1208, 64, 1, '2009-12-04', '20091204_marriotdesert_marriot_125_rgb.jp2', NULL, NULL, NULL, NULL, NULL, NULL, NULL, NULL, ' ', NULL),
(1209, 69, 2, '2009-12-04', '20091204_marriotrancho_marriot_125_cir.jp2', NULL, NULL, NULL, NULL, NULL, NULL, NULL, NULL, ' ', NULL),
(1210, 69, 3, '2009-12-04', '20091204_marriotrancho_marriot_125_ndvi.jp2', NULL, NULL, NULL, NULL, NULL, NULL, NULL, NULL, ' ', NULL),
(1211, 69, 5, '2009-12-04', '20091204_marriotrancho_marriot_125_ndvihd.jp2', NULL, NULL, NULL, NULL, NULL, NULL, NULL, NULL, ' ', NULL),
(1212, 69, 1, '2009-12-04', '20091204_marriotrancho_marriot_125_rgb.jp2', NULL, NULL, NULL, NULL, NULL, NULL, NULL, NULL, ' ', NULL),
(1213, 65, 2, '2009-12-04', '20091204_marriotshadow_marriot_125_cir.jp2', NULL, NULL, NULL, NULL, NULL, NULL, NULL, NULL, ' ', NULL),
(1214, 64, 3, '2009-12-04', '20091204_marriotshadow_marriot_125_ndvi.jp2', NULL, NULL, NULL, NULL, NULL, NULL, NULL, NULL, ' ', NULL),
(1215, 65, 5, '2009-12-04', '20091204_marriotshadow_marriot_125_ndvihd.jp2', NULL, NULL, NULL, NULL, NULL, NULL, NULL, NULL, ' ', NULL),
(1216, 65, 1, '2009-12-04', '20091204_marriotshadow_marriot_125_rgb.jp2', NULL, NULL, NULL, NULL, NULL, NULL, NULL, NULL, ' ', NULL),
(1217, 56, 2, '2009-12-04', '20091204_sharps103-104_guest_250_cir.jp2', NULL, NULL, NULL, NULL, NULL, NULL, NULL, NULL, ' ', NULL),
(1218, 56, 3, '2009-12-04', '20091204_sharps103-104_guest_250_ndvi.jp2', NULL, NULL, NULL, NULL, NULL, NULL, NULL, NULL, ' ', NULL),
(1219, 56, 5, '2009-12-04', '20091204_sharps103-104_guest_250_ndvihd.jp2', NULL, NULL, NULL, NULL, NULL, NULL, NULL, NULL, ' ', NULL),
(1220, 56, 1, '2009-12-04', '20091204_sharps103-104_guest_250_rgb.jp2', NULL, NULL, NULL, NULL, NULL, NULL, NULL, NULL, ' ', NULL),
(1221, 76, 6, '2009-12-18', '20091218_kalinr1_akalin_250_change.jp2', NULL, NULL, NULL, NULL, NULL, NULL, NULL, NULL, ' ', NULL),
(1222, 76, 2, '2009-12-18', '20091218_kalinr1_akalin_250_cir.jp2', NULL, NULL, NULL, NULL, NULL, NULL, NULL, NULL, ' ', NULL),
(1223, 76, 7, '2009-12-18', '20091218_kalinr1_akalin_250_color.jp2', NULL, NULL, NULL, NULL, NULL, NULL, NULL, NULL, ' ', NULL),
(1224, 76, 8, '2009-12-18', '20091218_kalinr1_akalin_250_fpar.jp2', NULL, NULL, NULL, NULL, NULL, NULL, NULL, NULL, ' ', NULL),
(1225, 76, 3, '2009-12-18', '20091218_kalinr1_akalin_250_ndvi.jp2', NULL, NULL, NULL, NULL, NULL, NULL, NULL, NULL, ' ', NULL),
(1226, 76, 5, '2009-12-18', '20091218_kalinr1_akalin_250_ndvihd.jp2', NULL, NULL, NULL, NULL, NULL, NULL, NULL, NULL, ' ', NULL),
(1227, 76, 1, '2009-12-18', '20091218_kalinr1_akalin_250_rgb.jp2', NULL, NULL, NULL, NULL, NULL, NULL, NULL, NULL, ' ', NULL),
(1228, 81, 2, '2009-12-18', '20091218_redwood90e_osterkamp_250_cir.jp2', NULL, NULL, NULL, NULL, NULL, NULL, NULL, NULL, ' ', NULL),
(1229, 81, 7, '2009-12-18', '20091218_redwood90e_osterkamp_250_color.jp2', NULL, NULL, NULL, NULL, NULL, NULL, NULL, NULL, ' ', NULL),
(1230, 81, 3, '2009-12-18', '20091218_redwood90e_osterkamp_250_ndvi.jp2', NULL, NULL, NULL, NULL, NULL, NULL, NULL, NULL, ' ', NULL),
(1231, 81, 5, '2009-12-18', '20091218_redwood90e_osterkamp_250_ndvihd.jp2', NULL, NULL, NULL, NULL, NULL, NULL, NULL, NULL, ' ', NULL),
(1232, 81, 1, '2009-12-18', '20091218_redwood90e_osterkamp_250_rgb.jp2', NULL, NULL, NULL, NULL, NULL, NULL, NULL, NULL, ' ', NULL),
(1233, 80, 6, '2009-12-18', '20091218_roselle7_guest_250_change.jp2', NULL, NULL, NULL, NULL, NULL, NULL, NULL, NULL, ' ', NULL),
(1234, 80, 2, '2009-12-18', '20091218_roselle7_guest_250_cir.jp2', NULL, NULL, NULL, NULL, NULL, NULL, NULL, NULL, ' ', NULL),
(1235, 80, 7, '2009-12-18', '20091218_roselle7_guest_250_color.jp2', NULL, NULL, NULL, NULL, NULL, NULL, NULL, NULL, ' ', NULL),
(1236, 80, 8, '2009-12-18', '20091218_roselle7_guest_250_fpar.jp2', NULL, NULL, NULL, NULL, NULL, NULL, NULL, NULL, ' ', NULL),
(1237, 80, 3, '2009-12-18', '20091218_roselle7_guest_250_ndvi.jp2', NULL, NULL, NULL, NULL, NULL, NULL, NULL, NULL, ' ', NULL),
(1238, 80, 5, '2009-12-18', '20091218_roselle7_guest_250_ndvihd.jp2', NULL, NULL, NULL, NULL, NULL, NULL, NULL, NULL, ' ', NULL),
(1239, 80, 1, '2009-12-18', '20091218_roselle7_guest_250_rgb.jp2', NULL, NULL, NULL, NULL, NULL, NULL, NULL, NULL, ' ', NULL),
(1240, 77, 6, '2009-12-18', '20091218_bensentam222_aronq_250_change.jp2', NULL, NULL, NULL, NULL, NULL, NULL, NULL, NULL, ' ', NULL),
(1241, 77, 2, '2009-12-18', '20091218_bensentam222_aronq_250_cir.jp2', NULL, NULL, NULL, NULL, NULL, NULL, NULL, NULL, ' ', NULL),
(1242, 77, 7, '2009-12-18', '20091218_bensentam222_aronq_250_color.jp2', NULL, NULL, NULL, NULL, NULL, NULL, NULL, NULL, ' ', NULL),
(1243, 77, 8, '2009-12-18', '20091218_bensentam222_aronq_250_fpar.jp2', NULL, NULL, NULL, NULL, NULL, NULL, NULL, NULL, ' ', NULL),
(1244, 77, 3, '2009-12-18', '20091218_bensentam222_aronq_250_ndvi.jp2', NULL, NULL, NULL, NULL, NULL, NULL, NULL, NULL, ' ', NULL),
(1245, 77, 5, '2009-12-18', '20091218_bensentam222_aronq_250_ndvihd.jp2', NULL, NULL, NULL, NULL, NULL, NULL, NULL, NULL, ' ', NULL),
(1246, 77, 1, '2009-12-18', '20091218_bensentam222_aronq_250_rgb.jp2', NULL, NULL, NULL, NULL, NULL, NULL, NULL, NULL, ' ', NULL),
(1247, 71, 6, '2009-12-18', '20091218_bentri-475-476_guest_250_change.jp2', NULL, NULL, NULL, NULL, NULL, NULL, NULL, NULL, ' ', NULL),
(1248, 71, 2, '2009-12-18', '20091218_bentri-475-476_guest_250_cir.jp2', NULL, NULL, NULL, NULL, NULL, NULL, NULL, NULL, ' ', NULL),
(1249, 71, 7, '2009-12-18', '20091218_bentri-475-476_guest_250_color.jp2', NULL, NULL, NULL, NULL, NULL, NULL, NULL, NULL, ' ', NULL),
(1250, 71, 8, '2009-12-18', '20091218_bentri-475-476_guest_250_fpar.jp2', NULL, NULL, NULL, NULL, NULL, NULL, NULL, NULL, ' ', NULL),
(1251, 71, 3, '2009-12-18', '20091218_bentri-475-476_guest_250_ndvi.jp2', NULL, NULL, NULL, NULL, NULL, NULL, NULL, NULL, ' ', NULL),
(1252, 71, 5, '2009-12-18', '20091218_bentri-475-476_guest_250_ndvihd.jp2', NULL, NULL, NULL, NULL, NULL, NULL, NULL, NULL, ' ', NULL),
(1253, 71, 1, '2009-12-18', '20091218_bentri-475-476_guest_250_rgb.jp2', NULL, NULL, NULL, NULL, NULL, NULL, NULL, NULL, ' ', NULL),
(1254, 37, 6, '2010-01-16', '20100116_000037_1250_0002_change_fixed.jp2', NULL, NULL, NULL, NULL, NULL, NULL, NULL, NULL, ' ', NULL),
(1255, 37, 2, '2010-01-16', '20100116_000037_1250_0002_cir_fixed.jp2', NULL, NULL, NULL, NULL, NULL, NULL, NULL, NULL, ' ', NULL),
(1256, 37, 8, '2010-01-16', '20100116_000037_1250_0002_fpar_fixed.jp2', NULL, NULL, NULL, NULL, NULL, NULL, NULL, NULL, ' ', NULL),
(1257, 37, 3, '2010-01-16', '20100116_000037_1250_0002_ndvi_fixed.jp2', NULL, NULL, NULL, NULL, NULL, NULL, NULL, NULL, ' ', NULL),
(1258, 37, 5, '2010-01-16', '20100116_000037_1250_0002_ndvihd_fixed.jp2', NULL, NULL, NULL, NULL, NULL, NULL, NULL, NULL, ' ', NULL),
(1259, 37, 1, '2010-01-16', '20100116_000037_1250_0002_rgb_fixed.jp2', NULL, NULL, NULL, NULL, NULL, NULL, NULL, NULL, ' ', NULL),
(1260, 62, 6, '2010-01-16', '20100116_000062_2500_0011_change.jp2', NULL, NULL, NULL, NULL, NULL, NULL, NULL, NULL, ' ', NULL),
(1262, 62, 2, '2010-01-16', '20100116_000062_2500_0011_cir.jp2', NULL, NULL, NULL, NULL, NULL, NULL, NULL, NULL, ' ', NULL),
(1263, 62, 3, '2010-01-16', '20100116_000062_2500_0011_ndvi.jp2', NULL, NULL, NULL, NULL, NULL, NULL, NULL, NULL, ' ', NULL),
(1264, 62, 5, '2010-01-16', '20100116_000062_2500_0011_ndvihd.jp2', NULL, NULL, NULL, NULL, NULL, NULL, NULL, NULL, ' ', NULL),
(1265, 62, 1, '2010-01-16', '20100116_000062_2500_0011_rgb.jp2', NULL, NULL, NULL, NULL, NULL, NULL, NULL, NULL, ' ', NULL),
(1266, 76, 6, '2010-01-16', '20100116_000076_2500_0017_Change.jp2', NULL, NULL, NULL, NULL, NULL, NULL, NULL, NULL, ' ', NULL),
(1267, 76, 2, '2010-01-16', '20100116_000076_2500_0017_Cir.jp2', NULL, NULL, NULL, NULL, NULL, NULL, NULL, NULL, ' ', NULL),
(1268, 76, 7, '2010-01-16', '20100116_000076_2500_0017_Color.jp2', NULL, NULL, NULL, NULL, NULL, NULL, NULL, NULL, ' ', NULL),
(1269, 76, 8, '2010-01-16', '20100116_000076_2500_0017_Fpar.jp2', NULL, NULL, NULL, NULL, NULL, NULL, NULL, NULL, ' ', NULL),
(1270, 76, 3, '2010-01-16', '20100116_000076_2500_0017_Ndvi.jp2', NULL, NULL, NULL, NULL, NULL, NULL, NULL, NULL, ' ', NULL),
(1271, 76, 5, '2010-01-16', '20100116_000076_2500_0017_Ndvihd.jp2', NULL, NULL, NULL, NULL, NULL, NULL, NULL, NULL, ' ', NULL),
(1272, 76, 1, '2010-01-16', '20100116_000076_2500_0017_RGB.jp2', NULL, NULL, NULL, NULL, NULL, NULL, NULL, NULL, ' ', NULL),
(1273, 82, 2, '2010-01-16', '20100116_000082_2500_0002_cir.jp2', NULL, NULL, NULL, NULL, NULL, NULL, NULL, NULL, ' ', NULL),
(1274, 82, 8, '2010-01-16', '20100116_000082_2500_0002_fpar.jp2', NULL, NULL, NULL, NULL, NULL, NULL, NULL, NULL, ' ', NULL),
(1275, 82, 3, '2010-01-16', '20100116_000082_2500_0002_ndvi.jp2', NULL, NULL, NULL, NULL, NULL, NULL, NULL, NULL, ' ', NULL),
(1276, 82, 5, '2010-01-16', '20100116_000082_2500_0002_ndvihd.jp2', NULL, NULL, NULL, NULL, NULL, NULL, NULL, NULL, ' ', NULL),
(1277, 82, 1, '2010-01-16', '20100116_000082_2500_0002_rgb.jp2', NULL, NULL, NULL, NULL, NULL, NULL, NULL, NULL, ' ', NULL),
(1278, 81, 6, '2010-01-16', '20100116_000081_2500_0016_change.jp2', NULL, NULL, NULL, NULL, NULL, NULL, NULL, NULL, ' ', NULL),
(1279, 81, 2, '2010-01-16', '20100116_000081_2500_0016_cir.jp2', NULL, NULL, NULL, NULL, NULL, NULL, NULL, NULL, ' ', NULL),
(1280, 81, 7, '2010-01-16', '20100116_000081_2500_0016_color.jp2', NULL, NULL, NULL, NULL, NULL, NULL, NULL, NULL, ' ', NULL),
(1281, 81, 8, '2010-01-16', '20100116_000081_2500_0016_fpar.jp2', NULL, NULL, NULL, NULL, NULL, NULL, NULL, NULL, ' ', NULL),
(1282, 81, 3, '2010-01-16', '20100116_000081_2500_0016_ndvi.jp2', NULL, NULL, NULL, NULL, NULL, NULL, NULL, NULL, ' ', NULL),
(1283, 81, 5, '2010-01-16', '20100116_000081_2500_0016_ndvihd.jp2', NULL, NULL, NULL, NULL, NULL, NULL, NULL, NULL, ' ', NULL),
(1284, 81, 1, '2010-01-16', '20100116_000081_2500_0016_rgb.jp2', NULL, NULL, NULL, NULL, NULL, NULL, NULL, NULL, ' ', NULL),
(1285, 80, 6, '2010-01-16', '20100116_000080_2500_0000_change.jp2', NULL, NULL, NULL, NULL, NULL, NULL, NULL, NULL, ' ', NULL),
(1286, 80, 2, '2010-01-16', '20100116_000080_2500_0000_cir.jp2', NULL, NULL, NULL, NULL, NULL, NULL, NULL, NULL, ' ', NULL),
(1287, 80, 7, '2010-01-16', '20100116_000080_2500_0000_color.jp2', NULL, NULL, NULL, NULL, NULL, NULL, NULL, NULL, ' ', NULL),
(1288, 80, 8, '2010-01-16', '20100116_000080_2500_0000_fpar.jp2', NULL, NULL, NULL, NULL, NULL, NULL, NULL, NULL, ' ', NULL),
(1289, 80, 3, '2010-01-16', '20100116_000080_2500_0000_ndvi.jp2', NULL, NULL, NULL, NULL, NULL, NULL, NULL, NULL, ' ', NULL),
(1290, 80, 5, '2010-01-16', '20100116_000080_2500_0000_ndvihd.jp2', NULL, NULL, NULL, NULL, NULL, NULL, NULL, NULL, ' ', NULL),
(1291, 80, 1, '2010-01-16', '20100116_000080_2500_0000_rgb.jp2', NULL, NULL, NULL, NULL, NULL, NULL, NULL, NULL, ' ', NULL),
(1292, 77, 6, '2010-01-16', '20100116_000077_2500_0015_change.jp2', NULL, NULL, NULL, NULL, NULL, NULL, NULL, NULL, ' ', NULL),
(1293, 77, 2, '2010-01-16', '20100116_000077_2500_0015_cir.jp2', NULL, NULL, NULL, NULL, NULL, NULL, NULL, NULL, ' ', NULL),
(1294, 77, 7, '2010-01-16', '20100116_000077_2500_0015_color.jp2', NULL, NULL, NULL, NULL, NULL, NULL, NULL, NULL, ' ', NULL),
(1295, 77, 8, '2010-01-16', '20100116_000077_2500_0015_fpar.jp2', NULL, NULL, NULL, NULL, NULL, NULL, NULL, NULL, ' ', NULL),
(1296, 77, 3, '2010-01-16', '20100116_000077_2500_0015_ndvi.jp2', NULL, NULL, NULL, NULL, NULL, NULL, NULL, NULL, ' ', NULL),
(1297, 77, 5, '2010-01-16', '20100116_000077_2500_0015_ndvihd.jp2', NULL, NULL, NULL, NULL, NULL, NULL, NULL, NULL, ' ', NULL),
(1298, 77, 1, '2010-01-16', '20100116_000077_2500_0015_rgb.jp2', NULL, NULL, NULL, NULL, NULL, NULL, NULL, NULL, ' ', NULL),
(1299, 71, 6, '2010-01-16', '20100116_000071_2500_0002_change.jp2', NULL, NULL, NULL, NULL, NULL, NULL, NULL, NULL, ' ', NULL),
(1300, 71, 2, '2010-01-16', '20100116_000071_2500_0002_cir.jp2', NULL, NULL, NULL, NULL, NULL, NULL, NULL, NULL, ' ', NULL),
(1301, 71, 3, '2010-01-16', '20100116_000071_2500_0002_ndvi.jp2', NULL, NULL, NULL, NULL, NULL, NULL, NULL, NULL, ' ', NULL),
(1302, 71, 5, '2010-01-16', '20100116_000071_2500_0002_ndvihd.jp2', NULL, NULL, NULL, NULL, NULL, NULL, NULL, NULL, ' ', NULL),
(1303, 71, 1, '2010-01-16', '20100116_000071_2500_0002_rgb.jp2', NULL, NULL, NULL, NULL, NULL, NULL, NULL, NULL, ' ', NULL),
(1304, 5, 6, '2010-01-16', '20100116_000005_1250_0002_change.jp2', NULL, NULL, NULL, NULL, NULL, NULL, NULL, NULL, ' ', NULL),
(1305, 5, 2, '2010-01-16', '20100116_000005_1250_0002_cir.jp2', NULL, NULL, NULL, NULL, NULL, NULL, NULL, NULL, ' ', NULL),
(1306, 5, 7, '2010-01-16', '20100116_000005_1250_0002_color.jp2', NULL, NULL, NULL, NULL, NULL, NULL, NULL, NULL, ' ', NULL),
(1307, 5, 8, '2010-01-16', '20100116_000005_1250_0002_fpar.jp2', NULL, NULL, NULL, NULL, NULL, NULL, NULL, NULL, ' ', NULL),
(1308, 5, 3, '2010-01-16', '20100116_000005_1250_0002_ndvi.jp2', NULL, NULL, NULL, NULL, NULL, NULL, NULL, NULL, ' ', NULL),
(1310, 5, 1, '2010-01-16', '20100116_000005_1250_0002_rgb.jp2', NULL, NULL, NULL, NULL, NULL, NULL, NULL, NULL, ' ', NULL),
(1312, 5, 5, '2010-01-16', '20100116_000005_1250_0020_ndvihd_fixed-02.jp2', NULL, NULL, NULL, NULL, NULL, NULL, NULL, NULL, ' ', NULL);

-- --------------------------------------------------------

--
-- Table structure for table `imagetype`
--

DROP TABLE IF EXISTS `imagetype`;
CREATE TABLE IF NOT EXISTS `imagetype` (
  `id` int(11) NOT NULL AUTO_INCREMENT,
  `name` varchar(25) NOT NULL,
  `extension` varchar(25) NOT NULL,
  PRIMARY KEY (`id`)
) ENGINE=InnoDB  DEFAULT CHARSET=latin1 AUTO_INCREMENT=9 ;

--
-- Dumping data for table `imagetype`
--

INSERT INTO `imagetype` (`id`, `name`, `extension`) VALUES
(1, 'RGB', '_rgb.jp2'),
(2, 'CIR', '_cir.jp2'),
(3, 'NDVI', '_ndvi.jp2'),
(5, 'HD NDVI', '_hdndvi.jp2'),
(6, 'Change Detection', '_cd.jp2'),
(7, 'Color Variation', '_cv.jp2'),
(8, 'Leaf Cover (FPAR)', '_lcfpar.jp2');

-- --------------------------------------------------------

--
-- Table structure for table `property`
--

DROP TABLE IF EXISTS `property`;
CREATE TABLE IF NOT EXISTS `property` (
  `id` int(11) NOT NULL AUTO_INCREMENT,
  `agency_id` int(11) DEFAULT NULL,
  `user_id` int(11) DEFAULT NULL,
  `name` varchar(100) DEFAULT NULL,
  `field_number` varchar(25) DEFAULT NULL,
  `center_lat` double DEFAULT NULL,
  `center_lon` double DEFAULT NULL,
  `center_elev` double DEFAULT NULL,
  `zoom` int(11) DEFAULT NULL,
  `resolution` int(11) DEFAULT NULL,
  `area` double DEFAULT NULL,
  `croptype_id` int(11) DEFAULT NULL,
  `locked` tinyint(1) DEFAULT NULL,
  `created_on` date DEFAULT NULL,
  PRIMARY KEY (`id`),
  UNIQUE KEY `croptype_id` (`croptype_id`),
  KEY `property_agency_id` (`agency_id`),
  KEY `property_user_id` (`user_id`)
) ENGINE=InnoDB  DEFAULT CHARSET=latin1 AUTO_INCREMENT=84 ;

--
-- Dumping data for table `property`
--

INSERT INTO `property` (`id`, `agency_id`, `user_id`, `name`, `field_number`, `center_lat`, `center_lon`, `center_elev`, `zoom`, `resolution`, `area`, `croptype_id`, `locked`, `created_on`) VALUES
(1, NULL, 2, 'Three Flags 2', NULL, 33.15448, -115.84847, NULL, NULL, 10, NULL, NULL, NULL, NULL),
(2, NULL, 2, 'Three Flags', NULL, 33.16928, -115.86525, NULL, NULL, 10, NULL, NULL, NULL, NULL),
(3, NULL, 2, 'Scheu', NULL, 33.13985, -115.34237, NULL, NULL, 10, NULL, NULL, NULL, NULL),
(4, NULL, 12, 'Salton City - 18 inch', NULL, 33.29712, -115.95556, NULL, NULL, 10, NULL, NULL, NULL, NULL),
(5, NULL, 21, 'Rucker', NULL, 33.56223, -116.02212, NULL, NULL, 5, NULL, NULL, NULL, NULL),
(6, NULL, 2, 'Rubber', NULL, 32.8382, -115.45678, NULL, NULL, 10, NULL, NULL, NULL, NULL),
(7, NULL, 2, 'RBW', NULL, 32.9309, -115.44889, NULL, NULL, 10, NULL, NULL, NULL, NULL),
(8, NULL, 2, 'Ranchos Dos Hermanos', NULL, 33.03048, -115.70973, NULL, NULL, 10, NULL, NULL, NULL, NULL),
(9, NULL, 2, 'Cuatro Del Mar', NULL, 33.08583, -115.73964, NULL, NULL, 10, NULL, NULL, NULL, NULL),
(10, NULL, 2, 'Pfister Sprinkler', NULL, 32.88509, -115.35167, NULL, NULL, 10, NULL, NULL, NULL, NULL),
(14, NULL, 2, 'Pfister Home Ranch', NULL, 32.88853, -115.341, NULL, NULL, 10, NULL, NULL, NULL, NULL),
(15, NULL, 2, 'Paramount Flowing Wells', NULL, 33.22733, -115.45404, NULL, NULL, 10, NULL, NULL, NULL, NULL),
(18, NULL, 2, 'Osterkamp', NULL, 32.91288, -115.46193, NULL, NULL, 10, NULL, NULL, NULL, NULL),
(19, NULL, 2, 'Ohmar 26', NULL, 32.96394, -115.42767, NULL, NULL, 10, NULL, NULL, NULL, NULL),
(20, NULL, 2, '0-8', NULL, 33.20184, -115.4717, NULL, NULL, 10, NULL, NULL, NULL, NULL),
(21, NULL, 2, 'Niland', NULL, 33.42335, -115.68059, NULL, NULL, 10, NULL, NULL, NULL, NULL),
(22, NULL, 2, 'N4', NULL, 33.19465, -115.44495, NULL, NULL, 10, NULL, NULL, NULL, NULL),
(23, NULL, 2, 'Malva 2-9', NULL, 33.05736, -115.40934, NULL, NULL, 10, NULL, NULL, NULL, NULL),
(24, NULL, 2, 'Kalin Trif 9', NULL, 33.08043, -115.65282, NULL, NULL, 10, NULL, NULL, NULL, NULL),
(25, NULL, 2, 'IVC Dogwood', NULL, 32.83094, -115.50545, NULL, NULL, 10, NULL, NULL, NULL, NULL),
(26, NULL, 2, 'Ecco 25 E', NULL, 33.12241, -115.8244, NULL, NULL, 10, NULL, NULL, NULL, NULL),
(27, NULL, 2, 'Ecco 13E', NULL, 33.11706, -115.81574, NULL, NULL, 10, NULL, NULL, NULL, NULL),
(28, NULL, 2, 'Church Ranch', NULL, 32.94885, -115.55259, NULL, NULL, 10, NULL, NULL, NULL, NULL),
(29, NULL, 2, 'Brandenberg 1', NULL, 33.60587, -116.10318, NULL, NULL, 5, NULL, NULL, NULL, NULL),
(30, NULL, 2, 'Bojax', NULL, 33.23112, -115.44638, NULL, NULL, 10, NULL, NULL, NULL, NULL),
(31, NULL, 2, 'Bishop Wistyeria', NULL, 32.67547, -115.54667, NULL, NULL, 10, NULL, NULL, NULL, NULL),
(33, NULL, 2, 'Smilex 58 and 59', NULL, 33.00469, -115.54609, NULL, NULL, 10, NULL, NULL, NULL, NULL),
(34, NULL, 2, 'Smilex 65', NULL, 33.01012, -115.54828, NULL, NULL, 10, NULL, NULL, NULL, NULL),
(35, NULL, 2, 'Spruce 166', NULL, 33.01189, -115.53727, NULL, NULL, 10, NULL, NULL, NULL, NULL),
(36, NULL, 2, 'Kalin Fuller', NULL, 33.03547, -115.53961, NULL, NULL, 10, NULL, NULL, NULL, NULL),
(37, NULL, 2, 'Brandenberg 2', NULL, 33.5476, -116.0307, NULL, NULL, 5, NULL, NULL, NULL, NULL),
(38, NULL, 5, 'Indian Springs Golf Course', NULL, 33.717, -116.2687, NULL, NULL, 5, NULL, NULL, NULL, NULL),
(40, NULL, 2, 'Kalin BN1, BN2', NULL, 33.0556, -115.6604, NULL, NULL, 10, NULL, NULL, NULL, NULL),
(41, NULL, 7, 'Heritage Palms Country Club', NULL, 33.7292, -116.26145, NULL, NULL, 5, NULL, NULL, NULL, NULL),
(42, NULL, 8, 'Rancho La Quinta Country Club', NULL, 33.69271, -116.28733, NULL, NULL, 5, NULL, NULL, NULL, NULL),
(43, NULL, 3, 'Test_AKoller', NULL, NULL, NULL, NULL, NULL, NULL, NULL, NULL, NULL, NULL),
(44, NULL, 2, 'Moss 20-24', NULL, 32.9972, -115.4361, NULL, NULL, 10, NULL, NULL, NULL, NULL),
(45, NULL, 2, 'Beachline / Highline 2', NULL, 33.2818, -115.5242, NULL, NULL, 10, NULL, NULL, NULL, NULL),
(46, NULL, 2, 'Beachline / Highline 1', NULL, 33.2999, -115.5363, NULL, NULL, 10, NULL, NULL, NULL, NULL),
(47, NULL, 2, 'Claverie', NULL, 32.713, -115.403, NULL, NULL, 10, NULL, NULL, NULL, NULL),
(48, NULL, 2, 'I-34', NULL, 33.166, -115.532, NULL, NULL, 10, NULL, NULL, NULL, NULL),
(49, NULL, 2, 'The Fig Tree', NULL, 33.314, -115.549, NULL, NULL, 10, NULL, NULL, NULL, NULL),
(50, NULL, 2, 'Myrtle 14-16', NULL, 33.023, -115.397, NULL, NULL, 10, NULL, NULL, NULL, NULL),
(51, NULL, 2, 'Nettle 5', NULL, 33.086, -115.394, NULL, NULL, 10, NULL, NULL, NULL, NULL),
(52, NULL, 2, 'J-12', NULL, 33.169, -115.467, NULL, NULL, 10, NULL, NULL, NULL, NULL),
(53, NULL, 2, 'Osage 8-9', NULL, 32.98, -115.381, NULL, NULL, 10, NULL, NULL, NULL, NULL),
(54, NULL, 2, 'Vail 221-217', NULL, 33.173, -115.575, NULL, NULL, 10, NULL, NULL, NULL, NULL),
(55, NULL, 10, 'Pecan Orchard', NULL, 31.97969, -110.95428, NULL, NULL, 10, NULL, NULL, NULL, NULL),
(56, NULL, 15, 'Sharps 103-104', NULL, 32.75151, -114.00081, NULL, NULL, 10, NULL, NULL, NULL, NULL),
(57, NULL, 2, 'ARP Farms 35-5, 35-6', NULL, 32.59267, -111.49561, NULL, NULL, 10, NULL, NULL, NULL, NULL),
(58, NULL, 2, 'G3', NULL, 33.14764, -115.39582, NULL, NULL, 10, NULL, NULL, NULL, NULL),
(60, NULL, 2, 'Osage Citrus', NULL, 32.97968, -115.31058, NULL, NULL, 10, NULL, NULL, NULL, NULL),
(61, NULL, 2, 'Desert Delight', NULL, 33.14019, -115.3851, NULL, NULL, 10, NULL, NULL, NULL, NULL),
(62, NULL, 11, 'Marsh Land Reclamation', NULL, 33.20912, -115.53262, NULL, NULL, 5, NULL, NULL, NULL, NULL),
(63, NULL, 12, 'Thomas Levy Recharge - 5 inch', NULL, 33.60568, -116.25886, NULL, NULL, 5, NULL, NULL, NULL, NULL),
(64, NULL, 13, 'Marriot Desert Springs Resort', NULL, 33.75256, -116.36536, NULL, NULL, 5, NULL, NULL, NULL, NULL),
(65, NULL, 13, 'Marriot Shadow Ridge', NULL, 33.78055, -116.38365, NULL, NULL, 5, NULL, NULL, NULL, NULL),
(66, NULL, 12, 'La Quinta Country Club - 5 inch', NULL, 33.69029, -116.30106, NULL, NULL, 5, NULL, NULL, NULL, NULL),
(67, NULL, 8, 'La Quinta Dunes', NULL, 33.68208, -116.29722, NULL, NULL, 5, NULL, NULL, NULL, NULL),
(68, NULL, 8, 'LA Quinta Mountain Course', NULL, 33.68632, -116.31341, NULL, NULL, 5, NULL, NULL, NULL, NULL),
(69, NULL, 13, 'Marriot Rancho Las Palmas', NULL, 33.74111, -116.40023, NULL, NULL, 5, NULL, NULL, NULL, NULL),
(70, NULL, 12, 'Dos Palmas Mitigation - 10 inch', NULL, 33.47924, -115.82799, NULL, NULL, 15, NULL, NULL, NULL, NULL),
(71, NULL, 2, 'Benson Tri 475-476', NULL, 33.05733, -115.61758, NULL, NULL, 10, NULL, NULL, NULL, NULL),
(72, NULL, 2, 'Ohmar 9', NULL, 32.96401, -115.35908, NULL, NULL, 10, NULL, NULL, NULL, NULL),
(73, NULL, 12, 'Dos Palmas Mitigation - 5 inch', NULL, 33.49488, -115.82385, NULL, NULL, 10, NULL, NULL, NULL, NULL),
(74, NULL, 12, 'Dos Palmas Mitigation - 2.5 inch', NULL, 33.49488, -115.82385, NULL, NULL, 10, NULL, NULL, NULL, NULL),
(75, NULL, 14, 'Sinclear Demo', NULL, 33.5476, -116.0307, NULL, NULL, 5, NULL, NULL, NULL, NULL),
(76, NULL, 17, 'Kalin R1', NULL, 33.07682, -115.65357, NULL, NULL, 5, NULL, NULL, NULL, NULL),
(77, NULL, 15, 'Bensen Tamarak 222', NULL, 33.07278, -115.583, NULL, NULL, 5, NULL, NULL, NULL, NULL),
(78, NULL, 17, 'Audubon Site TriCounty', NULL, 33.08763, -115.69718, NULL, NULL, 5, NULL, NULL, NULL, NULL),
(79, NULL, 16, 'Osterkamp Red 94', NULL, 32.94574, -115.46677, NULL, NULL, 10, NULL, NULL, NULL, NULL),
(80, NULL, 20, 'Roselle 7', NULL, 32.83103, -115.47234, NULL, NULL, 10, NULL, NULL, NULL, NULL),
(81, NULL, 16, 'Redwood 90 E', NULL, 32.92767, -115.46229, NULL, NULL, 10, NULL, NULL, NULL, NULL),
(82, NULL, 2, 'Mayflower 7', NULL, 33.06447, -115.37514, NULL, NULL, 10, NULL, NULL, NULL, NULL),
(83, NULL, 2, 'Dove Mountain', NULL, 32.45762, -111.08798, NULL, NULL, 5, NULL, NULL, NULL, NULL);

-- --------------------------------------------------------

--
-- Table structure for table `server`
--

DROP TABLE IF EXISTS `server`;
CREATE TABLE IF NOT EXISTS `server` (
  `id` int(11) NOT NULL AUTO_INCREMENT,
  `name` varchar(100) NOT NULL,
  PRIMARY KEY (`id`)
) ENGINE=InnoDB  DEFAULT CHARSET=latin1 AUTO_INCREMENT=2 ;

--
-- Dumping data for table `server`
--

INSERT INTO `server` (`id`, `name`) VALUES
(1, 'M5');

-- --------------------------------------------------------

--
-- Table structure for table `user_profile`
--

DROP TABLE IF EXISTS `user_profile`;
CREATE TABLE IF NOT EXISTS `user_profile` (
  `id` int(11) NOT NULL AUTO_INCREMENT,
  `user_id` int(11) NOT NULL,
  `address` varchar(150) DEFAULT NULL,
  `city` varchar(100) DEFAULT NULL,
  `state` varchar(2) DEFAULT NULL,
  `zipcode` varchar(11) DEFAULT NULL,
  `created_on` date DEFAULT NULL,
  `locked` tinyint(1) DEFAULT NULL,
  `phone` varchar(12) DEFAULT NULL,
  `fax` varchar(12) DEFAULT NULL,
  `is_contact` tinyint(1) DEFAULT NULL,
  `is_agent` tinyint(1) DEFAULT NULL,
  PRIMARY KEY (`id`),
  UNIQUE KEY `user_id` (`user_id`)
) ENGINE=InnoDB DEFAULT CHARSET=latin1 AUTO_INCREMENT=1 ;

--
-- Dumping data for table `user_profile`
--


--
-- Constraints for dumped tables
--

--
-- Constraints for table `agency_user`
--
ALTER TABLE `agency_user`
  ADD CONSTRAINT `user_id_refs_id_3bf40996` FOREIGN KEY (`user_id`) REFERENCES `auth_user` (`id`),
  ADD CONSTRAINT `agency_id_refs_id_4439cf34` FOREIGN KEY (`agency_id`) REFERENCES `agency` (`id`);

--
-- Constraints for table `auth_group_permissions`
--
ALTER TABLE `auth_group_permissions`
  ADD CONSTRAINT `permission_id_refs_id_5886d21f` FOREIGN KEY (`permission_id`) REFERENCES `auth_permission` (`id`),
  ADD CONSTRAINT `group_id_refs_id_3cea63fe` FOREIGN KEY (`group_id`) REFERENCES `auth_group` (`id`);

--
-- Constraints for table `auth_message`
--
ALTER TABLE `auth_message`
  ADD CONSTRAINT `user_id_refs_id_650f49a6` FOREIGN KEY (`user_id`) REFERENCES `auth_user` (`id`);

--
-- Constraints for table `auth_permission`
--
ALTER TABLE `auth_permission`
  ADD CONSTRAINT `content_type_id_refs_id_728de91f` FOREIGN KEY (`content_type_id`) REFERENCES `django_content_type` (`id`);

--
-- Constraints for table `auth_user_groups`
--
ALTER TABLE `auth_user_groups`
  ADD CONSTRAINT `group_id_refs_id_f116770` FOREIGN KEY (`group_id`) REFERENCES `auth_group` (`id`),
  ADD CONSTRAINT `user_id_refs_id_7ceef80f` FOREIGN KEY (`user_id`) REFERENCES `auth_user` (`id`);

--
-- Constraints for table `auth_user_user_permissions`
--
ALTER TABLE `auth_user_user_permissions`
  ADD CONSTRAINT `permission_id_refs_id_67e79cb` FOREIGN KEY (`permission_id`) REFERENCES `auth_permission` (`id`),
  ADD CONSTRAINT `user_id_refs_id_dfbab7d` FOREIGN KEY (`user_id`) REFERENCES `auth_user` (`id`);

--
-- Constraints for table `django_admin_log`
--
ALTER TABLE `django_admin_log`
  ADD CONSTRAINT `content_type_id_refs_id_288599e6` FOREIGN KEY (`content_type_id`) REFERENCES `django_content_type` (`id`),
  ADD CONSTRAINT `user_id_refs_id_c8665aa` FOREIGN KEY (`user_id`) REFERENCES `auth_user` (`id`);

--
-- Constraints for table `image`
--
ALTER TABLE `image`
  ADD CONSTRAINT `aircraft_id_refs_id_30b63891` FOREIGN KEY (`aircraft_id`) REFERENCES `aircraft` (`id`),
  ADD CONSTRAINT `camera_id_refs_id_2b602194` FOREIGN KEY (`camera_id`) REFERENCES `camera` (`id`),
  ADD CONSTRAINT `croptype_id_refs_id_3ff017ff` FOREIGN KEY (`croptype_id`) REFERENCES `croptype` (`id`),
  ADD CONSTRAINT `imagetypes_id_refs_id_f72a1a3` FOREIGN KEY (`imagetypes_id`) REFERENCES `imagetype` (`id`),
  ADD CONSTRAINT `property_id_refs_id_7c2f7fec` FOREIGN KEY (`property_id`) REFERENCES `property` (`id`),
  ADD CONSTRAINT `server_id_refs_id_f127390` FOREIGN KEY (`server_id`) REFERENCES `server` (`id`);

--
-- Constraints for table `property`
--
ALTER TABLE `property`
  ADD CONSTRAINT `agency_id_refs_id_51255515` FOREIGN KEY (`agency_id`) REFERENCES `agency` (`id`),
  ADD CONSTRAINT `croptype_id_refs_id_4e9f4486` FOREIGN KEY (`croptype_id`) REFERENCES `croptype` (`id`),
  ADD CONSTRAINT `user_id_refs_id_7974416b` FOREIGN KEY (`user_id`) REFERENCES `auth_user` (`id`);

--
-- Constraints for table `user_profile`
--
ALTER TABLE `user_profile`
  ADD CONSTRAINT `user_id_refs_id_5f4bba6f` FOREIGN KEY (`user_id`) REFERENCES `auth_user` (`id`);
