
SET SQL_MODE="NO_AUTO_VALUE_ON_ZERO";









INSERT INTO `auth_permission` (`id`, `name`, `content_type_id`, `codename`) VALUES
(1, 'Can add permission', 1, 'add_permission'),
(2, 'Can change permission', 1, 'change_permission'),
(3, 'Can delete permission', 1, 'delete_permission'),
(4, 'Can add group', 2, 'add_group'),
(5, 'Can change group', 2, 'change_group'),
(6, 'Can delete group', 2, 'delete_group'),
(7, 'Can add user', 3, 'add_user'),
(8, 'Can change user', 3, 'change_user'),
(9, 'Can delete user', 3, 'delete_user'),
(10, 'Can add message', 4, 'add_message'),
(11, 'Can change message', 4, 'change_message'),
(12, 'Can delete message', 4, 'delete_message'),
(13, 'Can add content type', 5, 'add_contenttype'),
(14, 'Can change content type', 5, 'change_contenttype'),
(15, 'Can delete content type', 5, 'delete_contenttype'),
(16, 'Can add session', 6, 'add_session'),
(17, 'Can change session', 6, 'change_session'),
(18, 'Can delete session', 6, 'delete_session'),
(19, 'Can add site', 7, 'add_site'),
(20, 'Can change site', 7, 'change_site'),
(21, 'Can delete site', 7, 'delete_site'),
(22, 'Can add image', 8, 'add_image'),
(23, 'Can change image', 8, 'change_image'),
(24, 'Can delete image', 8, 'delete_image'),
(25, 'Can add property', 9, 'add_property'),
(26, 'Can change property', 9, 'change_property'),
(27, 'Can delete property', 9, 'delete_property'),
(28, 'Can add image type', 10, 'add_imagetype'),
(29, 'Can change image type', 10, 'change_imagetype'),
(30, 'Can delete image type', 10, 'delete_imagetype'),
(31, 'Can add log entry', 11, 'add_logentry'),
(32, 'Can change log entry', 11, 'change_logentry'),
(33, 'Can delete log entry', 11, 'delete_logentry');


INSERT INTO `auth_user` (`id`, `username`, `first_name`, `last_name`, `email`, `password`, `is_staff`, `is_active`, `is_superuser`, `last_login`, `date_joined`) VALUES
(1, 'acatejr', 'Averill', 'Cate Jr', 'acatejr@gmail.com', 'sha1$4b072$00cdf28408cd20da601454268baf3d55bc43ece6', 1, 1, 1, '2009-12-07 13:48:34', '2009-05-24 10:47:03'),
(2, 'guest', 'Guest', 'User', 'guser@email.com', 'sha1$e1fd4$6242b756210e54385ca9e486d525d7c3b31977c1', 0, 1, 0, '2010-01-28 09:13:25', '2009-05-24 10:49:17'),
(3, 'akoller', 'Aaron', 'Koller', 'aaronkoller@gmail.com', 'sha1$7e1d1$70af6729dbe45feaadb9151f5d87e1d9ea983928', 1, 1, 0, '2010-01-26 17:30:49', '2009-06-15 11:40:56'),
(4, 'kkoller', 'Kevin', 'Koller', 'kevindavidkoller@gmail.com', 'sha1$78971$016f24072743ecaa9cc637cc1855b982d5d96a2c', 1, 1, 1, '2010-01-22 22:31:14', '2009-06-15 11:41:07'),
(5, 'IndianSprings', 'Alfredo ', 'Alcocer', 'IndianSprings@blueearthimaging.com', 'sha1$d8541$bab79dc76cc26d919a17144ac801c25f2c1ae33e', 0, 1, 0, '2009-11-18 15:49:45', '2009-06-21 15:19:02'),
(6, 'SaltonCity', '', '', '', 'sha1$e6b60$4d16ff576f313197e711f8d31f1aa1be682b711e', 0, 1, 0, '2009-06-26 13:34:11', '2009-06-26 13:34:11'),
(7, 'HeritagePalms', '', '', '', 'sha1$61202$0f7d8513c2f4bfe658b174b148cd99bc501b8b94', 0, 1, 0, '2009-11-12 07:11:10', '2009-06-26 13:42:50'),
(8, 'LaQuinta', '', '', '', 'sha1$6b20d$2bcca91c5c7fae77b2cbbd6dd5592013e45a752a', 0, 1, 0, '2009-11-06 09:11:31', '2009-06-26 13:43:14'),
(9, 'test', '', '', '', 'sha1$4bb63$2d4cf02663ae232c8ccfc9421d59a9672ffa8878', 0, 1, 0, '2009-07-13 22:03:05', '2009-07-13 22:02:45'),
(10, 'rholleschau', 'Randy', 'Holleschau', 'randy@toftequity.com', 'sha1$75a25$187418d4136d4be3c6c2746b83cf4cbfdb4fb852', 0, 1, 0, '2009-08-18 16:34:05', '2009-08-03 06:24:05'),
(11, 'IID', '', '', '', 'sha1$80ef6$d6d876ea4b4b4dc9333b41f9d5baf85c0c3cab6a', 0, 1, 0, '2010-01-29 06:18:21', '2009-10-04 22:13:22'),
(12, 'CVWD', '', '', '', 'sha1$b8387$ab7f17b59f39110519d12cf62c1e8d7554ecc7e0', 0, 1, 0, '2010-01-24 13:41:13', '2009-10-04 22:13:33'),
(13, 'Marriott', '', '', '', 'sha1$2297d$8438da0b5e84ed74025f1082c70c527f21e056d9', 0, 1, 0, '2009-12-24 15:36:03', '2009-10-10 10:11:55'),
(14, 'ssinclear', 'Stan', 'Sinclear', 'ssinclear@gmail.com', 'sha1$eb048$51e13c52e2e529a765a63933beb6760478b42675', 0, 0, 0, '2009-11-13 09:32:55', '2009-11-08 11:57:10'),
(15, 'aronq', '', '', '', 'sha1$1c6f0$9177166f2265b5a7932cf9d64a800ddbecb1ec19', 0, 1, 0, '2010-01-21 12:29:18', '2009-11-13 09:38:28'),
(16, 'osterkamp', 'Mark ', 'Osterakmp', 'osterkampfarms@yahoo.com', 'sha1$b2c0b$169005e8e75423df9e8e370d52eb1784da2d649d', 0, 1, 0, '2010-01-24 21:17:57', '2009-11-14 20:14:06'),
(17, 'akalin', 'Al', 'Kalin', 'akalin@hughes.net', 'sha1$f35a0$bd6f28e96fd3e6b0b83698f5f108149e1d06e9a7', 0, 1, 0, '2010-01-20 10:52:14', '2009-11-22 22:09:24'),
(18, 'jcachen', 'Jesse', 'Achenbach', 'jcachen@gmail.com', 'sha1$d5818$9a8c226fa2b8abc42420cdd11d8da5ab3721b4e1', 1, 1, 0, '2009-11-22 22:10:13', '2009-11-22 22:10:13'),
(20, 'OceanoProduce', '', '', '', 'sha1$2d689$76d3507d30711d6460efe0dc9e43d4289a3dcc90', 0, 1, 0, '2010-01-20 20:07:31', '2009-12-06 22:11:28'),
(21, 'rucker', 'Bruce', 'Rucker', '', 'sha1$b2e18$54cb18ae49c2f5c6953203805be81b530b78a18c', 0, 1, 0, '2010-01-25 16:35:46', '2010-01-22 20:15:42');




INSERT INTO `auth_user_user_permissions` (`id`, `user_id`, `permission_id`) VALUES
(1, 3, 22),
(2, 3, 23),
(3, 3, 24),
(4, 3, 25),
(5, 3, 26),
(6, 3, 27);


INSERT INTO `beiapp_image` (`id`, `name`, `property_id`, `imgtype_id`, `capture_date`, `description`, `layer`, `user_id`) VALUES
(304, 'brandenberg1.ecw', 29, 1, '2009-04-04', '', 'images_brandenberg1.ecw', 2),
(305, 'brandenberg2_rgb.ecw', 29, 1, '2009-04-04', '', 'images_brandenberg2_rgb.ecw', 2),
(306, 'ivc_dogwood_67_rgb_georef_b.aux', 25, 1, '2009-04-04', '', 'images_ivc_dogwood_67_rgb_georef_b.aux', 2),
(307, 'ivc_dogwood_67_rgb_georef_b.ecw', 25, 1, '2009-04-04', '', 'images_ivc_dogwood_67_rgb_georef_b.ecw', 2),
(308, 'ivc_dogwood_67_rgb_georef_b.ers', 25, 1, '2009-04-04', '', 'images_ivc_dogwood_67_rgb_georef_b.ers', 2),
(309, 'kalin_trif_9_155-156_rgb.ecw', 24, 1, '2009-04-04', '', 'images_kalin_trif_9_155-156_rgb.ecw', 2),
(310, 'malva_2-9_rgb_georef.ecw', 23, 1, '2009-04-04', '', 'images_malva_2-9_rgb_georef.ecw', 2),
(311, 'n-4_rgb_georef.ecw', 22, 1, '2009-04-04', '', 'images_n-4_rgb_georef.ecw', 2),
(312, 'niland_rgb_georef.ecw', 21, 1, '2009-04-04', '', 'images_niland_rgb_georef.ecw', 2),
(314, 'pfw_rgb_georef.ecw', 15, 1, '2009-04-04', '', 'images_pfw_rgb_georef.ecw', 2),
(315, 'qdm_rgb_georef.ecw', 9, 1, '2009-04-04', '', 'images_qdm_rgb_georef.ecw', 2),
(316, 'rancho_dos_hermanos_rgb_georef.ecw', 8, 1, '2009-04-04', '', 'images_rancho_dos_hermanos_rgb_georef.ecw', 2),
(317, 'rbw_rgb_georef_03.ecw', 7, 1, '2009-04-04', '', 'images_rbw_rgb_georef_03.ecw', 2),
(318, 'rubber_a_rgb_georef.ecw', 6, 1, '2009-04-04', '', 'images_rubber_a_rgb_georef.ecw', 2),
(319, 'Salton_City_Pass_1_2_3_4_Georef_250.ecw', 4, 1, '2009-04-04', ' ', 'images_Salton_City_Pass_1_2_3_4_Georef_250.ecw', 12),
(322, 'brandenberg_1.ecw', 29, 1, '2009-04-04', '', 'images_brandenberg_1.ecw', 2),
(323, 'brandenberg_2_rgb_ir.ecw', 29, 1, '2009-04-04', '', 'images_brandenberg_2_rgb_ir.ecw', 2),
(324, 'ivc_dogwood_67_rgb_ir.ecw', 25, 1, '2009-04-04', '', 'images_ivc_dogwood_67_rgb_ir.ecw', 2),
(325, 'kalin_trif_9_rgb_ir.ecw', 24, 1, '2009-04-04', '', 'images_kalin_trif_9_rgb_ir.ecw', 2),
(326, 'malva_2-9_rgb_ir.ecw', 23, 1, '2009-04-04', '', 'images_malva_2-9_rgb_ir.ecw', 2),
(327, 'n-4_rgb_ir.ecw', 22, 1, '2009-04-04', '', 'images_n-4_rgb_ir.ecw', 2),
(329, 'quatro_del_mar_rgb_ir.ecw', 9, 1, '2009-04-04', '', 'images_quatro_del_mar_rgb_ir.ecw', 2),
(330, 'rancho_dos_hermanos_rgb_ir.ecw', 8, 1, '2009-04-04', '', 'images_rancho_dos_hermanos_rgb_ir.ecw', 2),
(331, 'rbw_rgb_ir.ecw', 7, 1, '2009-04-04', '', 'images_rbw_rgb_ir.ecw', 2),
(332, 'rubber_a_rgb_ir.ecw', 6, 1, '2009-04-04', '', 'images_rubber_a_rgb_ir.ecw', 2),
(333, '0-8_cir_georef_250.ecw', 20, 2, '2009-04-24', '', 'images_0-8_cir_georef_250.ecw', 2),
(334, 'bojax_cir_georef_250.ecw', 30, 2, '2009-04-24', '', 'images_bojax_cir_georef_250.ecw', 2),
(335, 'brandenberg_1_cir_georef_125.ecw', 29, 2, '2009-04-24', '', 'images_brandenberg_1_cir_georef_125.ecw', 2),
(336, 'brandenberg_2_cir_georef_250.ecw', 29, 2, '2009-04-24', '', 'images_brandenberg_2_cir_georef_250.ecw', 2),
(337, 'church_ranch_4band_georef_250.ecw', 28, 2, '2009-04-24', '', 'images_church_ranch_4band_georef_250.ecw', 2),
(338, 'ecco_13e_cir_georef_250.ecw', 27, 2, '2009-04-24', '', 'images_ecco_13e_cir_georef_250.ecw', 2),
(339, 'ecco_25e_4band_georef_250.ecw', 26, 2, '2009-04-24', '', 'images_ecco_25e_4band_georef_250.ecw', 2),
(340, 'ivc_dogwood_67_cir_georef_250.ecw', 25, 2, '2009-04-24', '', 'images_ivc_dogwood_67_cir_georef_250.ecw', 2),
(341, 'kalin_trif_9_4band_georef_250.ecw', 24, 2, '2009-04-24', '', 'images_kalin_trif_9_4band_georef_250.ecw', 2),
(342, 'malva_2-9_cir_georef_250.ecw', 23, 2, '2009-04-24', '', 'images_malva_2-9_cir_georef_250.ecw', 2),
(343, 'n-4_cir_georef_250.ecw', 22, 2, '2009-04-24', '', 'images_n-4_cir_georef_250.ecw', 2),
(344, 'ohmar_26_4band_georef_250.ecw', 19, 2, '2009-04-24', '', 'images_ohmar_26_4band_georef_250.ecw', 2),
(345, 'osterkamp_cir_georef_250.ecw', 18, 2, '2009-04-24', '', 'images_osterkamp_cir_georef_250.ecw', 2),
(346, 'paramount_flowing_wells_cir_georef_250.ecw', 15, 2, '2009-04-24', '', 'images_paramount_flowing_wells_cir_georef_250.ecw', 2),
(347, 'quatro_del_mar_cir_georef_250.ecw', 9, 2, '2009-04-24', '', 'images_quatro_del_mar_cir_georef_250.ecw', 2),
(348, 'ranchos_dos_hermanos_cir_georef_250.ecw', 8, 2, '2009-04-24', '', 'images_ranchos_dos_hermanos_cir_georef_250.ecw', 2),
(349, 'rbw_cir_georef_250.ecw', 7, 2, '2009-04-24', '', 'images_rbw_cir_georef_250.ecw', 2),
(350, 'rubber_a_cir_georef_250.ecw', 6, 2, '2009-04-24', '', 'images_rubber_a_cir_georef_250.ecw', 2),
(351, 'rucker_1_4band_georef_125.ecw', 5, 2, '2009-04-24', '', 'images_rucker_1_4band_georef_125.ecw', 2),
(352, 'scheu_4band_georef_250.ecw', 3, 2, '2009-04-24', '', 'images_scheu_4band_georef_250.ecw', 2),
(353, 'three_flags_2_4band_georef_250.ecw', 1, 2, '2009-04-24', '', 'images_three_flags_2_4band_georef_250.ecw', 2),
(354, 'three_flags_4band_georef_250.ecw', 2, 2, '2009-04-24', '', 'images_three_flags_4band_georef_250.ecw', 2),
(355, 'church_ranch_ndvi_georef_250.ecw', 28, 3, '2009-04-24', '', 'images_church_ranch_ndvi_georef_250.ecw', 2),
(356, 'ecco_25e_ndvi_georef_250.ecw', 26, 3, '2009-04-24', '', 'images_ecco_25e_ndvi_georef_250.ecw', 2),
(357, 'kalin_trif_9_ndvi_georef_250.ecw', 24, 3, '2009-04-24', '', 'images_kalin_trif_9_ndvi_georef_250.ecw', 2),
(358, 'ohmar_26_ndvi_georef_250.ecw', 19, 3, '2009-04-24', '', 'images_ohmar_26_ndvi_georef_250.ecw', 2),
(359, 'rucker_1_ndvi_georef_125.ecw', 5, 3, '2009-04-24', '', 'images_rucker_1_ndvi_georef_125.ecw', 2),
(360, 'scheu_ndvi_georef_250.ecw', 3, 3, '2009-04-24', '', 'images_scheu_ndvi_georef_250.ecw', 2),
(361, 'three_flags_2_ndvi_georef_250.ecw', 1, 3, '2009-04-24', '', 'images_three_flags_2_ndvi_georef_250.ecw', 2),
(362, 'three_flags_ndvi_georef_250.ecw', 2, 3, '2009-04-24', '', 'images_three_flags_ndvi_georef_250.ecw', 2),
(363, 'bojax_rgb_stitched_01_autosync_cropped_250_ak.ecw', 30, 1, '2009-04-24', '', 'images_bojax_rgb_stitched_01_autosync_cropped_250_ak.ecw', 2),
(364, 'brandenberg_1_rgb_stitched_autosync_cropped_ak.ecw', 29, 1, '2009-04-24', '', 'images_brandenberg_1_rgb_stitched_autosync_cropped_ak.ecw', 2),
(365, 'brandenberg_2_rgb_georef_125_cropped_125.ecw', 29, 1, '2009-04-24', '', 'images_brandenberg_2_rgb_georef_125_cropped_125.ecw', 2),
(366, 'church_ranch_4band_georef_250.ecw', 28, 1, '2009-04-24', '', 'images_church_ranch_4band_georef_250.ecw', 2),
(367, 'ecco_13e_rgb.ecw', 27, 1, '2009-04-24', '', 'images_ecco_13e_rgb.ecw', 2),
(368, 'ecco_13e_rgb_stitched_georef_cropped_250_ak.ecw', 27, 1, '2009-04-24', '', 'images_ecco_13e_rgb_stitched_georef_cropped_250_ak.ecw', 2),
(369, 'ecco_25e_4band_georef_250.ecw', 26, 1, '2009-04-24', '', 'images_ecco_25e_4band_georef_250.ecw', 2),
(370, 'ivc_dogwood_67.ecw', 25, 1, '2009-04-24', '', 'images_ivc_dogwood_67.ecw', 2),
(371, 'kalin_trif_9_4band_georef_250.ecw', 24, 1, '2009-04-24', '', 'images_kalin_trif_9_4band_georef_250.ecw', 2),
(372, 'kalin_trif_9_rgb_autosync.ecw', 24, 1, '2009-04-24', '', 'images_kalin_trif_9_rgb_autosync.ecw', 2),
(373, 'malva_2-9_rgb_stitched_georef_cropped.ecw', 23, 1, '2009-04-24', '', 'images_malva_2-9_rgb_stitched_georef_cropped.ecw', 2),
(374, 'n-4_rgb_stitched_autosync_cropped_250_ak.ecw', 22, 1, '2009-04-24', '', 'images_n-4_rgb_stitched_autosync_cropped_250_ak.ecw', 2),
(375, 'o-8_rgb_stitched_georef_250_01_cropped_250_ak.ecw', 20, 1, '2009-04-24', '', 'images_o-8_rgb_stitched_georef_250_01_cropped_250_ak.ecw', 2),
(376, 'ohmar_26_4band_georef_250.ecw', 19, 1, '2009-04-24', '', 'images_ohmar_26_4band_georef_250.ecw', 2),
(377, 'osterkamp_rgb_sitched_autosync_cropped_250_01_ak.ecw', 18, 1, '2009-04-24', '', 'images_osterkamp_rgb_sitched_autosync_cropped_250_01_ak.ecw', 2),
(378, 'quatro_del_mar_rgb_georef_cropped_250.ecw', 9, 1, '2009-04-24', '', 'images_quatro_del_mar_rgb_georef_cropped_250.ecw', 2),
(379, 'rancho_dos_hermanos_rgb_stitched_autosync_cropped_01.ecw', 8, 1, '2009-04-24', '', 'images_rancho_dos_hermanos_rgb_stitched_autosync_cropped_01.ecw', 2),
(380, 'rbw_rgb_georef250_cropped_250.ecw', 7, 1, '2009-04-24', ' ', 'images_rbw_rgb_georef250_cropped_250.ecw', 16),
(381, 'rubber_a.ecw', 6, 1, '2009-04-24', '', 'images_rubber_a.ecw', 2),
(382, 'rucker_1_4band_georef_125.ecw', 5, 1, '2009-04-24', '', 'images_rucker_1_4band_georef_125.ecw', 2),
(383, 'scheu_4band_georef_250.ecw', 3, 1, '2009-04-24', '', 'images_scheu_4band_georef_250.ecw', 2),
(384, 'three_flags_2_4band_georef_250.ecw', 1, 1, '2009-04-24', '', 'images_three_flags_2_4band_georef_250.ecw', 2),
(385, 'three_flags_4band_georef_250.ecw', 2, 1, '2009-04-24', '', 'images_three_flags_4band_georef_250.ecw', 2),
(386, 'church_ranch_4band_georef_250.tif', 28, 1, '2009-04-24', '', 'images_church_ranch_4band_georef_250.tif', 2),
(387, 'ecco_25e_4band_georef_250.tif', 26, 1, '2009-04-24', '', 'images_ecco_25e_4band_georef_250.tif', 2),
(388, 'kalin_trif_9_4band_georef_250.tif', 24, 1, '2009-04-24', '', 'images_kalin_trif_9_4band_georef_250.tif', 2),
(389, 'ohmar_26_4band_georef_250.tif', 19, 1, '2009-04-24', '', 'images_ohmar_26_4band_georef_250.tif', 2),
(390, 'rucker_1_4band_georef_125.tif', 5, 1, '2009-04-24', '', 'images_rucker_1_4band_georef_125.tif', 2),
(391, 'scheu_4band_georef_250.tif', 3, 1, '2009-04-24', '', 'images_scheu_4band_georef_250.tif', 2),
(392, 'three_flags_2_4band_georef_250.tif', 1, 1, '2009-04-24', '', 'images_three_flags_2_4band_georef_250.tif', 2),
(393, 'three_flags_4band_georef_250.tif', 2, 1, '2009-04-24', '', 'images_three_flags_4band_georef_250.tif', 2),
(394, '0-8_4band_georef_cir_250.ecw', 20, 2, '2009-05-08', '', 'images_0-8_4band_georef_cir_250.ecw', 2),
(395, 'bishop_wistyeria_4band_georef_cir_250.ecw', 31, 2, '2009-05-08', '', 'images_bishop_wistyeria_4band_georef_cir_250.ecw', 2),
(396, 'bojax_4band_georef_cir_250.ecw', 30, 2, '2009-05-08', '', 'images_bojax_4band_georef_cir_250.ecw', 2),
(397, 'brandenberg_1_4band_georef_cir_125.ecw', 29, 2, '2009-05-08', '', 'images_brandenberg_1_4band_georef_cir_125.ecw', 2),
(398, 'brandenberg_2_4band_georef_cir_125.ecw', 29, 2, '2009-05-08', '', 'images_brandenberg_2_4band_georef_cir_125.ecw', 2),
(399, 'church_ranch_4band_250.ecw', 28, 2, '2009-05-08', '', 'images_church_ranch_4band_250.ecw', 2),
(400, 'ecco_13e_4band_georef_cir_250.ecw', 27, 2, '2009-05-08', '', 'images_ecco_13e_4band_georef_cir_250.ecw', 2),
(401, 'ecco_25e_4-band_cir_georef.ecw', 26, 2, '2009-05-08', '', 'images_ecco_25e_4-band_cir_georef.ecw', 2),
(402, 'ivc_dogwood_67_4band_georef_cir_250.ecw', 25, 2, '2009-05-08', '', 'images_ivc_dogwood_67_4band_georef_cir_250.ecw', 2),
(403, 'kalin_trif_9_4band_georef_cir_250.ecw', 24, 2, '2009-05-08', '', 'images_kalin_trif_9_4band_georef_cir_250.ecw', 2),
(404, 'malva_2-9_cir_250.ecw', 23, 2, '2009-05-08', '', 'images_malva_2-9_cir_250.ecw', 2),
(405, 'n-4_4band_georef_cir_250.ecw', 22, 2, '2009-05-08', '', 'images_n-4_4band_georef_cir_250.ecw', 2),
(406, 'ohmar_26_4band_georef_cir_250.ecw', 19, 2, '2009-05-08', '', 'images_ohmar_26_4band_georef_cir_250.ecw', 2),
(407, 'osterkamp_4band_georef_cir_250.ecw', 18, 2, '2009-05-08', '', 'images_osterkamp_4band_georef_cir_250.ecw', 2),
(408, 'paramount_flowing_wells_4band_georef_cir_250.ecw', 15, 2, '2009-05-08', '', 'images_paramount_flowing_wells_4band_georef_cir_250.ecw', 2),
(409, 'pfister_home_ranch_4band_georef_cir_250.ecw', 14, 2, '2009-05-08', '', 'images_pfister_home_ranch_4band_georef_cir_250.ecw', 2),
(410, 'pfister_sprinkler_4band_georef_cir_250.ecw', 10, 2, '2009-05-08', '', 'images_pfister_sprinkler_4band_georef_cir_250.ecw', 2),
(411, 'quatro_del_mar_4band_georef_cir_250.ecw', 9, 2, '2009-05-08', '', 'images_quatro_del_mar_4band_georef_cir_250.ecw', 2),
(412, 'rancho_dos_hermanos_4band_georef_cir_250.ecw', 8, 2, '2009-05-08', '', 'images_rancho_dos_hermanos_4band_georef_cir_250.ecw', 2),
(413, 'rbw_4band_georef_cir_250.ecw', 7, 2, '2009-05-08', ' ', 'images_rbw_4band_georef_cir_250.ecw', 16),
(414, 'rubber_a_4band_georef_cir_250.ecw', 6, 2, '2009-05-08', '', 'images_rubber_a_4band_georef_cir_250.ecw', 2),
(415, 'rucker_1_4band_georef_cir_125.ecw', 5, 2, '2009-05-08', '', 'images_rucker_1_4band_georef_cir_125.ecw', 2),
(416, 'scheu_4band_georef_cir_250.ecw', 3, 2, '2009-05-08', '', 'images_scheu_4band_georef_cir_250.ecw', 2),
(417, 'three_flags_2_4band_georef_cir_250.ecw', 1, 2, '2009-05-08', '', 'images_three_flags_2_4band_georef_cir_250.ecw', 2),
(418, 'three_flags_4band_georef_cir_250.ecw', 2, 2, '2009-05-08', '', 'images_three_flags_4band_georef_cir_250.ecw', 2),
(419, '0-8_ndvi_250.ecw', 20, 3, '2009-05-08', '', 'images_0-8_ndvi_250.ecw', 2),
(420, 'bishop_wistyeria_ndvi_georef_250.ecw', 31, 3, '2009-05-08', '', 'images_bishop_wistyeria_ndvi_georef_250.ecw', 2),
(421, 'bojax_ndvi_georef_250.ecw', 30, 3, '2009-05-08', '', 'images_bojax_ndvi_georef_250.ecw', 2),
(422, 'brandenberg_1_ndvi_georef_125.ecw', 29, 3, '2009-05-08', '', 'images_brandenberg_1_ndvi_georef_125.ecw', 2),
(423, 'brandenberg_2_ndvi_georef_125.ecw', 29, 3, '2009-05-08', '', 'images_brandenberg_2_ndvi_georef_125.ecw', 2),
(424, 'church_ranch_ndvi_georef_250.ecw', 28, 3, '2009-05-08', '', 'images_church_ranch_ndvi_georef_250.ecw', 2),
(425, 'ecco_13e_ndvi_georef_250.ecw', 27, 3, '2009-05-08', '', 'images_ecco_13e_ndvi_georef_250.ecw', 2),
(426, 'ecco_25e_4-band_ndvi_georef.ecw', 26, 3, '2009-05-08', '', 'images_ecco_25e_4-band_ndvi_georef.ecw', 2),
(427, 'ivc_dogwood_67_ndvi_georef_250.ecw', 25, 3, '2009-05-08', '', 'images_ivc_dogwood_67_ndvi_georef_250.ecw', 2),
(428, 'kalin_trif_9_ndvi_georef_250.ecw', 24, 3, '2009-05-08', '', 'images_kalin_trif_9_ndvi_georef_250.ecw', 2),
(429, 'malva_2-9_ndvi_250.ecw', 23, 3, '2009-05-08', '', 'images_malva_2-9_ndvi_250.ecw', 2),
(430, 'n-4_ndvi_georef_250.ecw', 22, 3, '2009-05-08', '', 'images_n-4_ndvi_georef_250.ecw', 2),
(431, 'ohmar_26_ndvi_georef_250.ecw', 19, 3, '2009-05-08', '', 'images_ohmar_26_ndvi_georef_250.ecw', 2),
(432, 'osterkamp_ndvi_georef_250.ecw', 18, 3, '2009-05-08', '', 'images_osterkamp_ndvi_georef_250.ecw', 2),
(433, 'paramount_flowing_wells_ndvi_georef_250.ecw', 15, 3, '2009-05-08', '', 'images_paramount_flowing_wells_ndvi_georef_250.ecw', 2),
(434, 'pfister_home_ranch_ndvi_georef_250.ecw', 14, 3, '2009-05-08', '', 'images_pfister_home_ranch_ndvi_georef_250.ecw', 2),
(435, 'pfister_sprinkler_ndvi_georef_250.ecw', 10, 3, '2009-05-08', '', 'images_pfister_sprinkler_ndvi_georef_250.ecw', 2),
(436, 'quatro_del_mar_ndvi_georef_250.ecw', 9, 3, '2009-05-08', '', 'images_quatro_del_mar_ndvi_georef_250.ecw', 2),
(437, 'rancho_dos_hermanos_ndvi_georef_250.ecw', 8, 3, '2009-05-08', '', 'images_rancho_dos_hermanos_ndvi_georef_250.ecw', 2),
(438, 'rbw_ndvi_georef_250.ecw', 7, 3, '2009-05-08', ' ', 'images_rbw_ndvi_georef_250.ecw', 16),
(439, 'rubber_a_ndvi_georef_250.ecw', 6, 3, '2009-05-08', '', 'images_rubber_a_ndvi_georef_250.ecw', 2),
(440, 'rucker_1_ndvi_georef_125.ecw', 5, 3, '2009-05-08', '', 'images_rucker_1_ndvi_georef_125.ecw', 2),
(441, 'scheu_ndvi_georef_250.ecw', 3, 3, '2009-05-08', '', 'images_scheu_ndvi_georef_250.ecw', 2),
(442, 'three_flags_2_ndvi_georef_250.ecw', 1, 3, '2009-05-08', '', 'images_three_flags_2_ndvi_georef_250.ecw', 2),
(443, 'three_flags_ndvi_georef_250.ecw', 2, 3, '2009-05-08', '', 'images_three_flags_ndvi_georef_250.ecw', 2),
(444, '0-8_4-band_georef_rgb_250.ecw', 20, 1, '2009-05-08', '', 'images_0-8_4-band_georef_rgb_250.ecw', 2),
(445, 'bishop_wistyeria_4-band_georef_rgb_250.ecw', 31, 1, '2009-05-08', '', 'images_bishop_wistyeria_4-band_georef_rgb_250.ecw', 2),
(446, 'bojax_4-band_georef_rgb_250.ecw', 30, 1, '2009-05-08', '', 'images_bojax_4-band_georef_rgb_250.ecw', 2),
(447, 'brandenberg_1_4band_georef_rgb_125.ecw', 29, 1, '2009-05-08', '', 'images_brandenberg_1_4band_georef_rgb_125.ecw', 2),
(448, 'brandenberg_2_4band_georef_rgb_125.ecw', 29, 1, '2009-05-08', '', 'images_brandenberg_2_4band_georef_rgb_125.ecw', 2),
(449, 'church_ranch_4band_rgb_250.ecw', 28, 1, '2009-05-08', '', 'images_church_ranch_4band_rgb_250.ecw', 2),
(450, 'ecco_13e_4band_georef_rgb_250.ecw', 27, 1, '2009-05-08', '', 'images_ecco_13e_4band_georef_rgb_250.ecw', 2),
(451, 'ecco_25e_4-band_crgb_georef.ecw', 26, 1, '2009-05-08', '', 'images_ecco_25e_4-band_crgb_georef.ecw', 2),
(452, 'ivc_dogwood_67_4-band_georef_rgb_250.ecw', 25, 1, '2009-05-08', '', 'images_ivc_dogwood_67_4-band_georef_rgb_250.ecw', 2),
(453, 'kalin_trif_9_4band_georef_rgb_250.ecw', 24, 1, '2009-05-08', '', 'images_kalin_trif_9_4band_georef_rgb_250.ecw', 2),
(454, 'malva_2-9_rgb_250.ecw', 23, 1, '2009-05-08', '', 'images_malva_2-9_rgb_250.ecw', 2),
(455, 'n-4_4-band_georef_rgb_250.ecw', 22, 1, '2009-05-08', '', 'images_n-4_4-band_georef_rgb_250.ecw', 2),
(456, 'ohmar_26_4-band_georef_rgb_250.ecw', 19, 1, '2009-05-08', '', 'images_ohmar_26_4-band_georef_rgb_250.ecw', 2),
(457, 'osterkamp_4-band_georef_rgb_250.ecw', 18, 1, '2009-05-08', '', 'images_osterkamp_4-band_georef_rgb_250.ecw', 2),
(458, 'paramount_flowing_wells_4-band_georef_rgb_250.ecw', 15, 1, '2009-05-08', '', 'images_paramount_flowing_wells_4-band_georef_rgb_250.ecw', 2),
(459, 'pfister_home_ranch_4-band_georef_rgb_250.ecw', 14, 1, '2009-05-08', '', 'images_pfister_home_ranch_4-band_georef_rgb_250.ecw', 2),
(460, 'pfister_sprinkler_4-band_georef_rgb_250.ecw', 10, 1, '2009-05-08', '', 'images_pfister_sprinkler_4-band_georef_rgb_250.ecw', 2),
(461, 'quatro_del_mar_4-band_georef_rgb_250.ecw', 9, 1, '2009-05-08', '', 'images_quatro_del_mar_4-band_georef_rgb_250.ecw', 2),
(462, 'rancho_dos_hermanos_4-band_georef_rgb_250.ecw', 8, 1, '2009-05-08', '', 'images_rancho_dos_hermanos_4-band_georef_rgb_250.ecw', 2),
(463, 'rbw_4-band_georef_rgb_250.ecw', 7, 1, '2009-05-08', ' ', 'images_rbw_4-band_georef_rgb_250.ecw', 16),
(464, 'rubber_a_4-band_georef_rgb_250.ecw', 6, 1, '2009-05-08', '', 'images_rubber_a_4-band_georef_rgb_250.ecw', 2),
(465, 'rucker_1_4-band_georef_rgb_125.ecw', 5, 1, '2009-05-08', '', 'images_rucker_1_4-band_georef_rgb_125.ecw', 2),
(466, 'scheu_4-band_georef_rgb_250.ecw', 3, 1, '2009-05-08', '', 'images_scheu_4-band_georef_rgb_250.ecw', 2),
(467, 'three_flags_2_4-band_georef_rgb_250.ecw', 1, 1, '2009-05-08', '', 'images_three_flags_2_4-band_georef_rgb_250.ecw', 2),
(468, 'three_flags_4-band_georef_rgb_250.ecw', 2, 1, '2009-05-08', '', 'images_three_flags_4-band_georef_rgb_250.ecw', 2),
(469, '0-8_4band_georef.tif', 20, 1, '2009-05-08', '', 'images_0-8_4band_georef.tif', 2),
(470, 'bishop_wisteria_4band_georef_250.tif', 31, 1, '2009-05-08', '', 'images_bishop_wisteria_4band_georef_250.tif', 2),
(471, 'bojax_4band_georef_250.tif', 30, 1, '2009-05-08', '', 'images_bojax_4band_georef_250.tif', 2),
(472, 'brandenberg_1_4band_georef_125_01.tif', 29, 1, '2009-05-08', '', 'images_brandenberg_1_4band_georef_125_01.tif', 2),
(473, 'brandenberg_2_4band_georef_125.tif', 29, 1, '2009-05-08', '', 'images_brandenberg_2_4band_georef_125.tif', 2),
(474, 'church_ranch_4band_georef.tif', 28, 1, '2009-05-08', '', 'images_church_ranch_4band_georef.tif', 2),
(475, 'ecco_13e_4band_georef_250.tif', 27, 1, '2009-05-08', '', 'images_ecco_13e_4band_georef_250.tif', 2),
(476, 'ecco_25e_4-band_georef.tif', 26, 1, '2009-05-08', '', 'images_ecco_25e_4-band_georef.tif', 2),
(477, 'ivc_dogwood_67_4band_georef_250.tif', 25, 1, '2009-05-08', '', 'images_ivc_dogwood_67_4band_georef_250.tif', 2),
(478, 'Kain_Triff_9_4band.tif', 24, 1, '2009-05-08', '', 'images_Kain_Triff_9_4band.tif', 2),
(479, 'malva_2-9_4band_georef.tif', 23, 1, '2009-05-08', '', 'images_malva_2-9_4band_georef.tif', 2),
(480, 'n-4_4band_georef_250.tif', 22, 1, '2009-05-08', '', 'images_n-4_4band_georef_250.tif', 2),
(481, 'ohmar_26_4band_georef_250.tif', 19, 1, '2009-05-08', '', 'images_ohmar_26_4band_georef_250.tif', 2),
(482, 'osterkamp_4band_georef_250.tif', 18, 1, '2009-05-08', '', 'images_osterkamp_4band_georef_250.tif', 2),
(483, 'paramount_flowing_wells_4band_georef_250.tif', 15, 1, '2009-05-08', '', 'images_paramount_flowing_wells_4band_georef_250.tif', 2),
(484, 'pfister_home_ranch_4band_georef_250.tif', 14, 1, '2009-05-08', '', 'images_pfister_home_ranch_4band_georef_250.tif', 2),
(485, 'pfister_sprinkler_4band_georef_250.tif', 10, 1, '2009-05-08', '', 'images_pfister_sprinkler_4band_georef_250.tif', 2),
(486, 'quatro_del_mar_4band_georef_250.tif', 9, 1, '2009-05-08', '', 'images_quatro_del_mar_4band_georef_250.tif', 2),
(487, 'ranchos_dos_hermanos_4band_georef_250.tif', 8, 1, '2009-05-08', '', 'images_ranchos_dos_hermanos_4band_georef_250.tif', 2),
(488, 'rbw_4band_georef_250.tif', 7, 1, '2009-05-08', ' ', 'images_rbw_4band_georef_250.tif', 16),
(489, 'rubber_a_4band_georef_250.tif', 6, 1, '2009-05-08', '', 'images_rubber_a_4band_georef_250.tif', 2),
(490, 'rucker_1_4band_georef_125.tif', 5, 1, '2009-05-08', '', 'images_rucker_1_4band_georef_125.tif', 2),
(491, 'scheu_4band_georef_250.tif', 3, 1, '2009-05-08', '', 'images_scheu_4band_georef_250.tif', 2),
(492, 'three_flags_2_4band_georef_250.tif', 1, 1, '2009-05-08', '', 'images_three_flags_2_4band_georef_250.tif', 2),
(493, 'three_flags_4band_georef_250.tif', 2, 1, '2009-05-08', '', 'images_three_flags_4band_georef_250.tif', 2),
(494, 'bishop_wisteryia_4band_cir_georef_250.ecw', 31, 2, '2009-05-22', '', 'images_bishop_wisteryia_4band_cir_georef_250.ecw', 2),
(495, 'bojax_4band_georef_cir_250.ecw', 30, 2, '2009-05-22', '', 'images_bojax_4band_georef_cir_250.ecw', 2),
(496, 'ecco_25e_cir_georef_250.ecw', 26, 2, '2009-05-22', '', 'images_ecco_25e_cir_georef_250.ecw', 2),
(497, 'ecco13e_cir_georef_250.ecw', 27, 2, '2009-05-22', '', 'images_ecco13e_cir_georef_250.ecw', 2),
(498, 'ivc_dogwood_67_4band_georef_250_cir.ecw', 25, 2, '2009-05-22', '', 'images_ivc_dogwood_67_4band_georef_250_cir.ecw', 2),
(499, 'kalin_trif_9_cir_georef_250.ecw', 24, 2, '2009-05-22', '', 'images_kalin_trif_9_cir_georef_250.ecw', 2),
(500, 'malva_29_10band_georef_250_cir.ecw', 23, 2, '2009-05-22', '', 'images_malva_29_10band_georef_250_cir.ecw', 2),
(501, 'n4_4band_georef_250_cir.ecw', 22, 2, '2009-05-22', '', 'images_n4_4band_georef_250_cir.ecw', 2),
(502, 'o-8_4band_georef_250_cir.ecw', 20, 2, '2009-05-22', '', 'images_o-8_4band_georef_250_cir.ecw', 2),
(503, 'ohmar_26_4band_georef_250_cir.ecw', 19, 2, '2009-05-22', '', 'images_ohmar_26_4band_georef_250_cir.ecw', 2),
(504, 'osterkamp_10band_georef_250_cir.ecw', 18, 2, '2009-05-22', '', 'images_osterkamp_10band_georef_250_cir.ecw', 2),
(505, 'parafw_4band_georef_250_cir.ecw', 15, 2, '2009-05-22', '', 'images_parafw_4band_georef_250_cir.ecw', 2),
(506, 'rubber_a_4band_georef_250_cir.ecw', 6, 2, '2009-05-22', '', 'images_rubber_a_4band_georef_250_cir.ecw', 2),
(507, 'rucker_1_10band_georef_125_cir.ecw', 5, 2, '2009-05-22', '', 'images_rucker_1_10band_georef_125_cir.ecw', 2),
(508, 'three_flags_10band_georef_250_cir.ecw', 2, 2, '2009-05-22', '', 'images_three_flags_10band_georef_250_cir.ecw', 2),
(509, 'threeflags2_10band_georef_250_cir.ecw', 1, 2, '2009-05-22', '', 'images_threeflags2_10band_georef_250_cir.ecw', 2),
(510, 'bishop_wisteryia_ndvi_georef_250.ecw', 31, 3, '2009-05-22', '', 'images_bishop_wisteryia_ndvi_georef_250.ecw', 2),
(511, 'bojax_ndvi_georef_250.ecw', 30, 3, '2009-05-22', '', 'images_bojax_ndvi_georef_250.ecw', 2),
(512, 'ecco_13e_ndvi_georef_250.ecw', 27, 3, '2009-05-22', '', 'images_ecco_13e_ndvi_georef_250.ecw', 2),
(513, 'ecco_25e_ndvi_georef_250.ecw', 26, 3, '2009-05-22', '', 'images_ecco_25e_ndvi_georef_250.ecw', 2),
(514, 'ivc_dogwood_67_ndvi_georef_250.ecw', 25, 3, '2009-05-22', '', 'images_ivc_dogwood_67_ndvi_georef_250.ecw', 2),
(515, 'kalin_trif_9_ndvi_georef_250.ecw', 24, 3, '2009-05-22', '', 'images_kalin_trif_9_ndvi_georef_250.ecw', 2),
(516, 'malva_29_10band_georef_250_ndvi.ecw', 23, 3, '2009-05-22', '', 'images_malva_29_10band_georef_250_ndvi.ecw', 2),
(517, 'n4_ndvi_georef_250.ecw', 22, 3, '2009-05-22', '', 'images_n4_ndvi_georef_250.ecw', 2),
(518, 'o8_ndvi_georef_250.ecw', 20, 3, '2009-05-22', '', 'images_o8_ndvi_georef_250.ecw', 2),
(519, 'ohmar_26_ndvi_georef_250.ecw', 19, 3, '2009-05-22', '', 'images_ohmar_26_ndvi_georef_250.ecw', 2),
(520, 'osterkamp_10band_georef_250_ndvi.ecw', 18, 3, '2009-05-22', '', 'images_osterkamp_10band_georef_250_ndvi.ecw', 2),
(521, 'parafw_ndvi_georef_250.ecw', 15, 3, '2009-05-22', '', 'images_parafw_ndvi_georef_250.ecw', 2),
(522, 'rubber_a_ndvi_georef_250.ecw', 6, 3, '2009-05-22', '', 'images_rubber_a_ndvi_georef_250.ecw', 2),
(523, 'rucker_1_10band_georef_125_ndvi.ecw', 5, 3, '2009-05-22', '', 'images_rucker_1_10band_georef_125_ndvi.ecw', 2),
(524, 'three_flags_10band_georef_250_ndvi.ecw', 2, 3, '2009-05-22', '', 'images_three_flags_10band_georef_250_ndvi.ecw', 2),
(525, 'threeflags2_10band_georef_250_ndvi.ecw', 1, 3, '2009-05-22', '', 'images_threeflags2_10band_georef_250_ndvi.ecw', 2),
(526, 'bishop_wisteryia_ndviHD_georef_250.ecw', 31, 5, '2009-05-22', '', 'images_bishop_wisteryia_ndviHD_georef_250.ecw', 2),
(527, 'bojax_ndvihd_georef_250.ecw', 30, 5, '2009-05-22', '', 'images_bojax_ndvihd_georef_250.ecw', 2),
(528, 'ecco_13e_ndviHD_georef_250.ecw', 27, 5, '2009-05-22', '', 'images_ecco_13e_ndviHD_georef_250.ecw', 2),
(529, 'ecco_25e_ndviHD_georef_250.ecw', 26, 5, '2009-05-22', '', 'images_ecco_25e_ndviHD_georef_250.ecw', 2),
(530, 'ivc_dogwood_67_ndvihd_georef_250.ecw', 25, 5, '2009-05-22', '', 'images_ivc_dogwood_67_ndvihd_georef_250.ecw', 2),
(531, 'kalin_trif_9_ndviHD_georef_250.ecw', 24, 5, '2009-05-22', '', 'images_kalin_trif_9_ndviHD_georef_250.ecw', 2),
(532, 'malva_29_10band_georef_250_ndvihd.ecw', 23, 5, '2009-05-22', '', 'images_malva_29_10band_georef_250_ndvihd.ecw', 2),
(533, 'n4_ndvihd_georef_250.ecw', 22, 5, '2009-05-22', '', 'images_n4_ndvihd_georef_250.ecw', 2),
(534, 'o-8_ndvihd_georef_250.ecw', 20, 5, '2009-05-22', '', 'images_o-8_ndvihd_georef_250.ecw', 2),
(535, 'ohmar_26_ndvihd_georef_250.ecw', 19, 5, '2009-05-22', '', 'images_ohmar_26_ndvihd_georef_250.ecw', 2),
(536, 'osterkamp_10band_georef_250_ndvihd.ecw', 18, 5, '2009-05-22', '', 'images_osterkamp_10band_georef_250_ndvihd.ecw', 2),
(537, 'parafw_ndvihd_georef_250.ecw', 15, 5, '2009-05-22', '', 'images_parafw_ndvihd_georef_250.ecw', 2),
(538, 'rubber_a_ndvihd_georef_250.ecw', 6, 5, '2009-05-22', '', 'images_rubber_a_ndvihd_georef_250.ecw', 2),
(539, 'rucker_1_10band_georef_125_ndvihd.ecw', 5, 5, '2009-05-22', '', 'images_rucker_1_10band_georef_125_ndvihd.ecw', 2),
(540, 'three_flags_10band_georef_250_ndvihd.ecw', 2, 5, '2009-05-22', '', 'images_three_flags_10band_georef_250_ndvihd.ecw', 2),
(541, 'threeflags2_10band_georef_250_ndvihd.ecw', 1, 5, '2009-05-22', '', 'images_threeflags2_10band_georef_250_ndvihd.ecw', 2),
(542, 'bishop_wisteryia_4band_georef_rgb_250.ecw', 31, 1, '2009-05-22', '', 'images_bishop_wisteryia_4band_georef_rgb_250.ecw', 2),
(543, 'bojax_4band_georef_rgb_250.ecw', 30, 1, '2009-05-22', '', 'images_bojax_4band_georef_rgb_250.ecw', 2),
(544, 'ecco_13e_4band_georef_rgb_250.ecw', 27, 1, '2009-05-22', '', 'images_ecco_13e_4band_georef_rgb_250.ecw', 2),
(545, 'ecco_25e_4band_georef_rgb_250.ecw', 26, 1, '2009-05-22', '', 'images_ecco_25e_4band_georef_rgb_250.ecw', 2),
(546, 'ivc_dogwood_67_4band_georef_250_rgb.ecw', 25, 1, '2009-05-22', '', 'images_ivc_dogwood_67_4band_georef_250_rgb.ecw', 2),
(547, 'kalin_trif_9_4band_georef_rgb_250.ecw', 24, 1, '2009-05-22', '', 'images_kalin_trif_9_4band_georef_rgb_250.ecw', 2),
(548, 'malva_29_10band_georef_250_rgb.ecw', 23, 1, '2009-05-22', '', 'images_malva_29_10band_georef_250_rgb.ecw', 2),
(549, 'n4_4band_georef_250_rgb.ecw', 22, 1, '2009-05-22', '', 'images_n4_4band_georef_250_rgb.ecw', 2),
(550, 'o-8_4band_georef_250_rgb.ecw', 20, 1, '2009-05-22', '', 'images_o-8_4band_georef_250_rgb.ecw', 2),
(551, 'ohmar_26_4band_georef_250_rgb.ecw', 19, 1, '2009-05-22', '', 'images_ohmar_26_4band_georef_250_rgb.ecw', 2),
(552, 'osterkamp_10band_georef_250_rgb.ecw', 18, 1, '2009-05-22', '', 'images_osterkamp_10band_georef_250_rgb.ecw', 2),
(553, 'parafw_4band_georef_250_rgb.ecwparafw', 15, 1, '2009-05-22', '', 'images_parafw_4band_georef_250_rgb.ecwparafw', 2),
(554, 'rubber_a_4band_georef_250_rgb.ecw', 6, 1, '2009-05-22', '', 'images_rubber_a_4band_georef_250_rgb.ecw', 2),
(555, 'rucker_1_10band_georef_125_rgb.ecw', 5, 1, '2009-05-22', '', 'images_rucker_1_10band_georef_125_rgb.ecw', 2),
(556, 'three_flags_10band_georef_250_rgb.ecw', 2, 1, '2009-05-22', '', 'images_three_flags_10band_georef_250_rgb.ecw', 2),
(557, 'threeflags2_10band_georef_250_rgb.ecw', 1, 1, '2009-05-22', '', 'images_threeflags2_10band_georef_250_rgb.ecw', 2),
(558, 'bishop_4band_georef_250.tif', 31, 1, '2009-05-22', '', 'images_bishop_4band_georef_250.tif', 2),
(559, 'bojax_4band_georef_250.tif', 30, 1, '2009-05-22', '', 'images_bojax_4band_georef_250.tif', 2),
(560, 'ecco_13e_4band_georef_250.tif', 27, 1, '2009-05-22', '', 'images_ecco_13e_4band_georef_250.tif', 2),
(561, 'ecco_25e_4band_georef_250.tif', 26, 1, '2009-05-22', '', 'images_ecco_25e_4band_georef_250.tif', 2),
(562, 'kalin_trif_9_4band_georef_250_ck.tif', 24, 1, '2009-05-22', '', 'images_kalin_trif_9_4band_georef_250_ck.tif', 2),
(563, 'al_kalin_bn1_bn2_12band_georef_250_cropped_cir.ecw', 40, 2, '2009-06-12', ' ', 'images_al_kalin_bn1_bn2_12band_georef_250_cropped_cir.ecw', 2),
(564, 'al_kalin_fuller_12band_georef_250_cropped_cir.ecw', 36, 2, '2009-06-12', '', 'images_al_kalin_fuller_12band_georef_250_cropped_cir.ecw', 2),
(565, 'ecco13e_12band_georef_250_cropped_cir.ecw', 27, 2, '2009-06-12', '', 'images_ecco13e_12band_georef_250_cropped_cir.ecw', 2),
(566, 'kalintrif9_12band_georef_250_cropped_cir.ecw', 24, 2, '2009-06-12', '', 'images_kalintrif9_12band_georef_250_cropped_cir.ecw', 2),
(567, 'malva29_12band_georef_250_cropped_cir.ecw', 23, 2, '2009-06-12', '', 'images_malva29_12band_georef_250_cropped_cir.ecw', 2),
(568, 'n4_12band_georef_250_cropped_cir.ecw', 22, 2, '2009-06-12', '', 'images_n4_12band_georef_250_cropped_cir.ecw', 2),
(569, 'ohmar26_12band_georef_250_cropped_cir.ecw', 19, 2, '2009-06-12', '', 'images_ohmar26_12band_georef_250_cropped_cir.ecw', 2),
(570, 'parafw_12band_georef_250_cropped_cir.ecw', 15, 2, '2009-06-12', '', 'images_parafw_12band_georef_250_cropped_cir.ecw', 2),
(571, 'smilex58_smilex59_12band_georef_250_cropped_cir.ecw', 33, 2, '2009-06-12', '', 'images_smilex58_smilex59_12band_georef_250_cropped_cir.ecw', 2),
(572, 'smilex_65_12band_georef_250_cropped_cir.ecw', 34, 2, '2009-06-12', '', 'images_smilex_65_12band_georef_250_cropped_cir.ecw', 2),
(573, 'spruce166_12band_georef_250_cropped_cir.ecw', 35, 2, '2009-06-12', '', 'images_spruce166_12band_georef_250_cropped_cir.ecw', 2),
(574, 'al_kalin_bn1_bn2_12band_georef_250_cropped_ndvi.ecw', 40, 3, '2009-06-12', ' ', 'images_al_kalin_bn1_bn2_12band_georef_250_cropped_ndvi.ecw', 2),
(575, 'al_kalin_fuller_12band_georef_250_cropped_ndvi.ecw', 36, 3, '2009-06-12', '', 'images_al_kalin_fuller_12band_georef_250_cropped_ndvi.ecw', 2),
(576, 'ecco13e_12band_georef_250_cropped_ndvi.ecw', 27, 3, '2009-06-12', '', 'images_ecco13e_12band_georef_250_cropped_ndvi.ecw', 2),
(577, 'kalintrif9_12band_georef_250_cropped_ndvi.ecw', 24, 3, '2009-06-12', '', 'images_kalintrif9_12band_georef_250_cropped_ndvi.ecw', 2),
(578, 'malva29_12band_georef_250_cropped_ndvi.ecw', 23, 3, '2009-06-12', '', 'images_malva29_12band_georef_250_cropped_ndvi.ecw', 2),
(579, 'n4_12band_georef_250_cropped_ndvi.ecw', 22, 3, '2009-06-12', '', 'images_n4_12band_georef_250_cropped_ndvi.ecw', 2),
(580, 'ohmar26_12band_georef_250_cropped_ndvi.ecw', 19, 3, '2009-06-12', '', 'images_ohmar26_12band_georef_250_cropped_ndvi.ecw', 2),
(581, 'parafw_12band_georef_250_cropped_ndvi.ecw', 15, 3, '2009-06-12', '', 'images_parafw_12band_georef_250_cropped_ndvi.ecw', 2),
(582, 'smilex58_smilex59_12band_georef_250_cropped_ndvi.ecw', 33, 3, '2009-06-12', '', 'images_smilex58_smilex59_12band_georef_250_cropped_ndvi.ecw', 2),
(583, 'smilex_65_12band_georef_250_cropped_ndvi.ecw', 34, 3, '2009-06-12', '', 'images_smilex_65_12band_georef_250_cropped_ndvi.ecw', 2),
(584, 'spruce166_12band_georef_250_cropped_ndvi.ecw', 35, 3, '2009-06-12', '', 'images_spruce166_12band_georef_250_cropped_ndvi.ecw', 2),
(585, 'al_kalin_bn1_bn2_12band_georef_250_cropped_ndvihd.ecw', 40, 5, '2009-06-12', ' ', 'images_al_kalin_bn1_bn2_12band_georef_250_cropped_ndvihd.ecw', 2),
(586, 'al_kalin_fuller_12band_georef_250_cropped_ndvihd.ecw', 36, 5, '2009-06-12', '', 'images_al_kalin_fuller_12band_georef_250_cropped_ndvihd.ecw', 2),
(587, 'ecco13e_12band_georef_250_cropped_ndvihd.ecw', 27, 5, '2009-06-12', '', 'images_ecco13e_12band_georef_250_cropped_ndvihd.ecw', 2),
(588, 'malva29_12band_georef_250_cropped_ndvihd.ecw', 23, 5, '2009-06-12', '', 'images_malva29_12band_georef_250_cropped_ndvihd.ecw', 2),
(589, 'n4_12band_georef_250_cropped_ndvihd.ecw', 22, 5, '2009-06-12', '', 'images_n4_12band_georef_250_cropped_ndvihd.ecw', 2),
(590, 'ohmar26_12band_georef_250_cropped_ndvihd.ecw', 19, 5, '2009-06-12', '', 'images_ohmar26_12band_georef_250_cropped_ndvihd.ecw', 2),
(591, 'parafw_12band_georef_250_cropped_ndvihd.ecw', 15, 5, '2009-06-12', '', 'images_parafw_12band_georef_250_cropped_ndvihd.ecw', 2),
(592, 'smilex58_smilex59_12band_georef_250_cropped_ndvihd.ecw', 33, 5, '2009-06-12', '', 'images_smilex58_smilex59_12band_georef_250_cropped_ndvihd.ecw', 2),
(593, 'smilex_65_12band_georef_250_cropped_ndvihd.ecw', 34, 5, '2009-06-12', '', 'images_smilex_65_12band_georef_250_cropped_ndvihd.ecw', 2),
(594, 'spruce166_12band_georef_250_cropped_ndvihd.ecw', 35, 5, '2009-06-12', '', 'images_spruce166_12band_georef_250_cropped_ndvihd.ecw', 2),
(595, 'al_kalin_bn1_bn2_12band_georef_250_cropped_rgb.ecw', 40, 1, '2009-06-12', ' ', 'images_al_kalin_bn1_bn2_12band_georef_250_cropped_rgb.ecw', 2),
(596, 'al_kalin_fuller_12band_georef_250_cropped_rgb.ecw', 36, 1, '2009-06-12', '', 'images_al_kalin_fuller_12band_georef_250_cropped_rgb.ecw', 2),
(597, 'ecco13e_12band_georef_250_cropped_rgb.ecw', 27, 1, '2009-06-12', '', 'images_ecco13e_12band_georef_250_cropped_rgb.ecw', 2),
(598, 'kalintrif9_12band_georef_250_cropped_ndvihd.ecw', 24, 5, '2009-06-12', ' ', 'images_kalintrif9_12band_georef_250_cropped_ndvihd.ecw', 2),
(599, 'kalintrif9_12band_georef_250_cropped_rgb.ecw', 24, 1, '2009-06-12', '', 'images_kalintrif9_12band_georef_250_cropped_rgb.ecw', 2),
(600, 'malva29_12band_georef_250_cropped_rgb.ecw', 23, 1, '2009-06-12', '', 'images_malva29_12band_georef_250_cropped_rgb.ecw', 2),
(601, 'n4_12band_georef_250_cropped_rgb.ecw', 22, 1, '2009-06-12', '', 'images_n4_12band_georef_250_cropped_rgb.ecw', 2),
(602, 'ohmar26_12band_georef_250_cropped_rgb.ecw', 19, 1, '2009-06-12', '', 'images_ohmar26_12band_georef_250_cropped_rgb.ecw', 2),
(603, 'parafw_12band_georef_250_cropped_rgb.ecw', 15, 1, '2009-06-12', '', 'images_parafw_12band_georef_250_cropped_rgb.ecw', 2),
(604, 'smilex58_smilex59_12band_georef_250_cropped_rgb.ecw', 33, 1, '2009-06-12', '', 'images_smilex58_smilex59_12band_georef_250_cropped_rgb.ecw', 2),
(605, 'smilex_65_12band_georef_250_cropped_rgb.ecw', 34, 1, '2009-06-12', '', 'images_smilex_65_12band_georef_250_cropped_rgb.ecw', 2),
(606, 'spruce166_12band_georef_250_cropped_rgb.ecw', 35, 1, '2009-06-12', '', 'images_spruce166_12band_georef_250_cropped_rgb.ecw', 2),
(607, 'branden2_12band_georef_125_cropped_cir', 37, 2, '2009-06-12', ' ', 'images_branden2_12band_georef_125_cropped_cir', 2),
(608, 'rucker1_12band_georef_125_cropped_cir.ecw', 5, 2, '2009-06-12', ' ', 'images_rucker1_12band_georef_125_cropped_cir.ecw', 2),
(609, 'threeflags2_12band_georef_250_cropped_cir.ecw', 1, 2, '2009-06-12', ' ', 'images_threeflags2_12band_georef_250_cropped_cir.ecw', 2),
(610, 'threeflags_12band_georef_250_cropped_cir.ecw', 2, 2, '2009-06-12', ' ', 'images_threeflags_12band_georef_250_cropped_cir.ecw', 2),
(611, 'branden2_12band_georef_125_cropped_ndvi.ecw', 37, 3, '2009-06-12', ' ', 'images_branden2_12band_georef_125_cropped_ndvi.ecw', 2),
(612, 'rucker1_12band_georef_125_cropped_ndvi.ecw', 5, 3, '2009-06-12', ' ', 'images_rucker1_12band_georef_125_cropped_ndvi.ecw', 2),
(613, 'threeflags2_12band_georef_250_cropped_ndvi.ecw', 1, 3, '2009-06-12', ' ', 'images_threeflags2_12band_georef_250_cropped_ndvi.ecw', 2),
(614, 'threeflags_12band_georef_250_cropped_ndvi.ecw', 2, 3, '2009-06-12', ' ', 'images_threeflags_12band_georef_250_cropped_ndvi.ecw', 2),
(615, 'branden2_12band_georef_125_cropped_ndvihd.ecw', 37, 5, '2009-06-12', ' ', 'images_branden2_12band_georef_125_cropped_ndvihd.ecw', 2),
(616, 'rucker1_12band_georef_125_cropped_ndvihd.ecw', 5, 5, '2009-06-12', ' ', 'images_rucker1_12band_georef_125_cropped_ndvihd.ecw', 2),
(617, 'threeflags2_12band_georef_250_cropped_ndvihd.ecw', 1, 5, '2009-06-12', ' ', 'images_threeflags2_12band_georef_250_cropped_ndvihd.ecw', 2),
(618, 'threeflags_12band_georef_250_cropped_ndvihd.ecw', 2, 5, '2009-06-12', ' ', 'images_threeflags_12band_georef_250_cropped_ndvihd.ecw', 2),
(619, 'branden2_12band_georef_125_cropped_rgb.ecw', 37, 1, '2009-06-12', ' ', 'images_branden2_12band_georef_125_cropped_rgb.ecw', 2),
(620, 'rucker1_12band_georef_125_cropped_rgb.ecw', 5, 1, '2009-06-12', ' ', 'images_rucker1_12band_georef_125_cropped_rgb.ecw', 2),
(621, 'threeflags2_12band_georef_250_cropped_rgb.ecw', 1, 1, '2009-06-12', ' ', 'images_threeflags2_12band_georef_250_cropped_rgb.ecw', 2),
(622, 'threeflags_12band_georef_250_cropped_rgb.ecw', 2, 1, '2009-06-12', ' ', 'images_threeflags_12band_georef_250_cropped_rgb.ecw', 2),
(628, 'bojax_12band_georef_cropped_cir.ecw', 30, 2, '2009-06-12', ' ', 'images_bojax_12band_georef_cropped_cir.ecw', 2),
(629, 'churchran_12band_georef_250_cropped_cir.ecw', 28, 2, '2009-06-12', ' ', 'images_churchran_12band_georef_250_cropped_cir.ecw', 2),
(630, 'ecco25e_12band_georef_250_cropped_cir.ecw', 26, 2, '2009-06-12', ' ', 'images_ecco25e_12band_georef_250_cropped_cir.ecw', 2),
(631, 'indsprings_12band_georef_125_cropped_cir.ecw', 38, 2, '2009-06-12', ' ', 'images_indsprings_12band_georef_125_cropped_cir.ecw', 5),
(632, 'o8_12_band_georef_250_cropped_cir.ecw', 20, 2, '2009-06-12', ' ', 'images_o8_12_band_georef_250_cropped_cir.ecw', 2),
(633, 'quatro_del_mar_georef_cropped_125_cir.ecw', 9, 2, '2009-06-12', ' ', 'images_quatro_del_mar_georef_cropped_125_cir.ecw', 2),
(634, 'ranchosdh_12_band_georef_250_01_cropped_cir.ecw', 8, 2, '2009-06-12', ' ', 'images_ranchosdh_12_band_georef_250_01_cropped_cir.ecw', 2),
(635, 'rbw_12band_georef_250_cropped_cir.ecw', 7, 2, '2009-06-12', ' ', 'images_rbw_12band_georef_250_cropped_cir.ecw', 16),
(636, 'sheu_12_band_georef_250_01_cropped_cir.ecw', 3, 2, '2009-06-12', ' ', 'images_sheu_12_band_georef_250_01_cropped_cir.ecw', 2),
(637, 'bojax_12band_georef_cropped_ndvi.ecw', 30, 3, '2009-06-12', ' ', 'images_bojax_12band_georef_cropped_ndvi.ecw', 2),
(638, 'churchran_12band_georef_250_cropped_ndvi.ecw', 28, 3, '2009-06-12', ' ', 'images_churchran_12band_georef_250_cropped_ndvi.ecw', 2),
(639, 'ecco25e_12band_georef_250_cropped_ndvi.ecw', 26, 3, '2009-06-12', ' ', 'images_ecco25e_12band_georef_250_cropped_ndvi.ecw', 2),
(640, 'indsprings_12band_georef_125_cropped_ndvi.ecw', 38, 3, '2009-06-12', ' ', 'images_indsprings_12band_georef_125_cropped_ndvi.ecw', 5),
(641, 'o8_12_band_georef_250_cropped_ndvi.ecw', 20, 3, '2009-06-12', ' ', 'images_o8_12_band_georef_250_cropped_ndvi.ecw', 2),
(642, 'quatro_del_mar_georef_125_cropped_ndvi.ecw', 9, 3, '2009-06-12', ' ', 'images_quatro_del_mar_georef_125_cropped_ndvi.ecw', 2),
(643, 'ranchosdh_12_band_georef_250_cropped_ndvi.ecw', 8, 3, '2009-06-12', ' ', 'images_ranchosdh_12_band_georef_250_cropped_ndvi.ecw', 2),
(644, 'rbw_12band_georef_250_cropped_ndvi.ecw', 7, 3, '2009-06-12', ' ', 'images_rbw_12band_georef_250_cropped_ndvi.ecw', 16),
(645, 'sheu_12_band_georef_250_01_cropped_ndvi.ecw', 3, 3, '2009-06-12', ' ', 'images_sheu_12_band_georef_250_01_cropped_ndvi.ecw', 2),
(646, 'bojax_12band_georef_cropped_ndvihd.ecw', 30, 5, '2009-06-12', ' ', 'images_bojax_12band_georef_cropped_ndvihd.ecw', 2),
(647, 'churchran_12band_georef_250_cropped_ndvihd.ecw', 28, 5, '2009-06-12', ' ', 'images_churchran_12band_georef_250_cropped_ndvihd.ecw', 2),
(648, 'ecco25e_12band_georef_250_cropped_ndvihd.ecw', 26, 5, '2009-06-12', ' ', 'images_ecco25e_12band_georef_250_cropped_ndvihd.ecw', 2),
(649, 'indsprings_12band_georef_125_cropped_ndvihd.ecw', 38, 5, '2009-06-12', ' ', 'images_indsprings_12band_georef_125_cropped_ndvihd.ecw', 5),
(650, 'o8_12_band_georef_250_cropped_ndvihd.ecw', 20, 5, '2009-06-12', ' ', 'images_o8_12_band_georef_250_cropped_ndvihd.ecw', 2),
(651, 'ranchosdh_12_band_georef_250_cropped_ndvihd.ecw', 8, 5, '2009-06-12', ' ', 'images_ranchosdh_12_band_georef_250_cropped_ndvihd.ecw', 2),
(652, 'rbw_12band_georef_250_cropped_ndvihd.ecw', 7, 5, '2009-06-12', ' ', 'images_rbw_12band_georef_250_cropped_ndvihd.ecw', 16),
(653, 'sheu_12_band_georef_250_01_cropped_ndvihd.ecw', 3, 5, '2009-06-12', ' ', 'images_sheu_12_band_georef_250_01_cropped_ndvihd.ecw', 2),
(654, 'bojax_12band_georef_cropped_rgb.ecw', 30, 1, '2009-06-12', ' ', 'images_bojax_12band_georef_cropped_rgb.ecw', 2),
(655, 'churchran_12band_georef_250_cropped_rgb.ecw', 28, 1, '2009-06-12', ' ', 'images_churchran_12band_georef_250_cropped_rgb.ecw', 2),
(656, 'ecco25e_12band_georef_250_cropped_rgb.ecw', 26, 1, '2009-06-12', ' ', 'images_ecco25e_12band_georef_250_cropped_rgb.ecw', 2),
(657, 'indsprings_12band_georef_125_cropped_rgb.ecw', 38, 1, '2009-06-12', ' ', 'images_indsprings_12band_georef_125_cropped_rgb.ecw', 5),
(658, 'o8_12_band_georef_250_cropped_rgb.ecw', 20, 1, '2009-06-12', ' ', 'images_o8_12_band_georef_250_cropped_rgb.ecw', 2),
(659, 'quatro_del_mar_georef_125_cropped_rgb.ecw', 9, 1, '2009-06-12', ' ', 'images_quatro_del_mar_georef_125_cropped_rgb.ecw', 2),
(660, 'ranchosdh_12_band_georef_250_cropped_rgb.ecw', 8, 1, '2009-06-12', ' ', 'images_ranchosdh_12_band_georef_250_cropped_rgb.ecw', 2),
(661, 'rbw_12band_georef_250_cropped_rgb.ecw', 7, 1, '2009-06-12', ' ', 'images_rbw_12band_georef_250_cropped_rgb.ecw', 16),
(662, 'sheu_12_band_georef_250_cropped_rgb.ecw', 3, 1, '2009-06-12', ' ', 'images_sheu_12_band_georef_250_cropped_rgb.ecw', 2),
(663, 'quatro_del_mar_georef_125_cropped_ndvihd.ecw', 9, 5, '2009-06-12', ' ', 'images_quatro_del_mar_georef_125_cropped_ndvihd.ecw', 2),
(664, 'branden1_12band_georef_01_cropped_rgb.ecw', 29, 1, '2009-06-12', ' ', 'images_branden1_12band_georef_01_cropped_rgb.ecw', 2),
(665, 'branden1_12band_georef_01_croppedndvihd.ecw', 29, 5, '2009-06-12', ' ', 'images_branden1_12band_georef_01_croppedndvihd.ecw', 2),
(666, 'branden1_12band_georef_01_cropped_ndvi.ecw', 29, 3, '2009-06-12', ' ', 'images_branden1_12band_georef_01_cropped_ndvi.ecw', 2),
(667, 'branden1_12band_georef_01_cropped_cir.ecw', 29, 2, '2009-06-12', ' ', 'images_branden1_12band_georef_01_cropped_cir.ecw', 2),
(668, 'branden1_10band_georef_125_cir.ecw', 29, 2, '2009-05-22', ' ', 'images_branden1_10band_georef_125_cir.ecw', 2),
(669, 'branden2_10band_georef_125_cir.ecw', 37, 2, '2009-05-22', ' ', 'images_branden2_10band_georef_125_cir.ecw', 2),
(670, 'church_ranch_10band_georef_250_cir.ecw', 28, 2, '2009-05-22', ' ', 'images_church_ranch_10band_georef_250_cir.ecw', 2),
(671, 'quatrodm_10band_georef_250_cir.ecw', 9, 2, '2009-05-22', ' ', 'images_quatrodm_10band_georef_250_cir.ecw', 2),
(672, 'ranchosdh_10band_georef_250_cir.ecw', 8, 2, '2009-05-22', ' ', 'images_ranchosdh_10band_georef_250_cir.ecw', 2),
(673, 'rbw_10band_georef_250_cir.ecw', 7, 2, '2009-05-22', ' ', 'images_rbw_10band_georef_250_cir.ecw', 16),
(674, 'scheu_10band_georef_250_cir.ecw', 3, 2, '2009-05-22', ' ', 'images_scheu_10band_georef_250_cir.ecw', 2),
(675, 'branden1_10band_georef_125_ndvi.ecw', 29, 3, '2009-05-22', ' ', 'images_branden1_10band_georef_125_ndvi.ecw', 2),
(676, 'branden2_10band_georef_125_ndvi.ecw', 37, 3, '2009-05-22', ' ', 'images_branden2_10band_georef_125_ndvi.ecw', 2),
(677, 'church_ranch_10band_georef_250_ndvi.ecw', 28, 3, '2009-05-22', ' ', 'images_church_ranch_10band_georef_250_ndvi.ecw', 2),
(678, 'quatrodm_10band_georef_250_ndvi.ecw', 9, 3, '2009-05-22', ' ', 'images_quatrodm_10band_georef_250_ndvi.ecw', 2),
(679, 'ranchosdh_10band_georef_250_ndvi.ecw', 8, 3, '2009-05-22', ' ', 'images_ranchosdh_10band_georef_250_ndvi.ecw', 2),
(680, 'rbw_10band_georef_250_ndvi.ecw', 7, 3, '2009-05-22', ' ', 'images_rbw_10band_georef_250_ndvi.ecw', 16),
(681, 'scheu_10band_georef_250_ndvi.ecw', 3, 3, '2009-05-22', ' ', 'images_scheu_10band_georef_250_ndvi.ecw', 2),
(682, 'branden1_10band_georef_125ndvihd.ecw', 29, 5, '2009-05-22', ' ', 'images_branden1_10band_georef_125ndvihd.ecw', 2),
(683, 'branden2_10band_georef_125_ndvihd.ecw', 37, 5, '2009-05-22', ' ', 'images_branden2_10band_georef_125_ndvihd.ecw', 2),
(684, 'church_ranch_10band_georef_250_ndvihd.ecw', 28, 5, '2009-05-22', ' ', 'images_church_ranch_10band_georef_250_ndvihd.ecw', 2),
(685, 'quatrodm_10band_georef_250_ndvihd.ecw', 9, 5, '2009-05-22', ' ', 'images_quatrodm_10band_georef_250_ndvihd.ecw', 2),
(686, 'ranchosdh_10band_georef_250_ndvihd.ecw', 8, 5, '2009-05-22', ' ', 'images_ranchosdh_10band_georef_250_ndvihd.ecw', 2),
(687, 'rbw_10band_georef_250_ndvihd.ecw', 7, 5, '2009-05-22', ' ', 'images_rbw_10band_georef_250_ndvihd.ecw', 16),
(688, 'scheu_10band_georef_250_ndvihd.ecw', 3, 5, '2009-05-22', ' ', 'images_scheu_10band_georef_250_ndvihd.ecw', 2),
(689, 'branden1_10band_georef_125_rgb.ecw', 29, 1, '2009-05-22', ' ', 'images_branden1_10band_georef_125_rgb.ecw', 2),
(690, 'branden2_10band_georef_125_rgb.ecw', 37, 1, '2009-05-22', ' ', 'images_branden2_10band_georef_125_rgb.ecw', 2),
(691, 'church_ranch_10band_georef_250_rgb.ecw', 28, 1, '2009-05-22', ' ', 'images_church_ranch_10band_georef_250_rgb.ecw', 2),
(692, 'quatrodm_10band_georef_250_rgb.ecw', 9, 1, '2009-05-22', ' ', 'images_quatrodm_10band_georef_250_rgb.ecw', 2),
(693, 'ranchosdh_10band_georef_250_rgb.ecw', 8, 1, '2009-05-22', ' ', 'images_ranchosdh_10band_georef_250_rgb.ecw', 2),
(694, 'rbw_10band_georef_250_rgb.ecw', 7, 1, '2009-05-22', ' ', 'images_rbw_10band_georef_250_rgb.ecw', 16),
(695, 'scheu_10band_georef_250_rgb.ecw', 3, 1, '2009-05-22', ' ', 'images_scheu_10band_georef_250_rgb.ecw', 2),
(696, 'pfisterhr_12band_georef_250_cropped_01_cir.ecw', 14, 2, '2009-06-12', ' ', 'images_pfisterhr_12band_georef_250_cropped_01_cir.ecw', 2),
(697, 'pfisterhr_12band_georef_250_cropped_01_ndvi.ecw', 14, 3, '2009-06-12', ' ', 'images_pfisterhr_12band_georef_250_cropped_01_ndvi.ecw', 2),
(698, 'pfisterhr_12band_georef_250_cropped_01_ndvihd.ecw', 14, 5, '2009-06-12', ' ', 'images_pfisterhr_12band_georef_250_cropped_01_ndvihd.ecw', 2),
(699, 'pfisterhr_12band_georef_250_cropped_01_rgb.ecw', 14, 1, '2009-06-12', ' ', 'images_pfisterhr_12band_georef_250_cropped_01_rgb.ecw', 2),
(707, '01_Indian_Springs_Golf.ecw', 43, 1, '2009-06-12', ' ', 'images_01_Indian_Springs_Golf.ecw', 3),
(708, 'KK_indsprings_12band_georef_125_cropped_rgb.ecw', 43, 1, '2009-06-30', ' ', 'images_KK_indsprings_12band_georef_125_cropped_rgb.ecw', 4),
(709, 'rancholaquintag_12band_georef_125_cropped_cir.ecw', 42, 2, '2009-06-12', ' ', 'images_rancholaquintag_12band_georef_125_cropped_cir.ecw', 8),
(710, 'heriflag_12band_georef_125_01_cropped_cir.ecw', 41, 2, '2009-06-12', ' ', 'images_heriflag_12band_georef_125_01_cropped_cir.ecw', 7),
(711, 'heriflag_12band_georef_125_01_cropped_ndvi.ecw', 41, 3, '2009-06-12', ' ', 'images_heriflag_12band_georef_125_01_cropped_ndvi.ecw', 7),
(712, 'rancholaquintag_12band_georef_125_cropped_ndvi.ecw', 42, 3, '2009-06-12', ' ', 'images_rancholaquintag_12band_georef_125_cropped_ndvi.ecw', 8),
(713, 'heriflag_12band_georef_125_01_cropped_ndvihd.ecw', 41, 5, '2009-06-12', ' ', 'images_heriflag_12band_georef_125_01_cropped_ndvihd.ecw', 7),
(714, 'rancholaquintag_12band_georef_125_cropped_ndvihd.ecw', 42, 5, '2009-06-12', ' ', 'images_rancholaquintag_12band_georef_125_cropped_ndvihd.ecw', 8),
(715, 'heriflag_12band_georef_125_01_cropped_rgb.ecw', 41, 1, '2009-06-12', ' ', 'images_heriflag_12band_georef_125_01_cropped_rgb.ecw', 7),
(716, 'rancholaquintag_12band_georef_125_cropped_rgb.ecw', 42, 1, '2009-06-12', ' ', 'images_rancholaquintag_12band_georef_125_cropped_rgb.ecw', 8),
(717, '02_rancholaquintag_test.ecw', 43, 1, '2009-06-12', ' ', 'images_02_rancholaquintag_test.ecw', 3),
(718, 'heriflag_12band_georef_125_01_cropped_rgb.ecw', 43, 1, '2009-06-12', ' ', 'images_heriflag_12band_georef_125_01_cropped_rgb.ecw', 3),
(722, 'ohmar26_250_cir.ecw', 19, 2, '2009-07-11', ' ', 'images_ohmar26_250_cir.ecw', 2),
(723, 'ohmar26_250_ndvi.ecw', 19, 3, '2009-07-11', ' ', 'images_ohmar26_250_ndvi.ecw', 2),
(724, 'ohmar26_250_ndvihd.ecw', 19, 5, '2009-07-11', ' ', 'images_ohmar26_250_ndvihd.ecw', 2),
(725, 'ohmar26_250_rgb.ecw', 19, 1, '2009-07-11', ' ', 'images_ohmar26_250_rgb.ecw', 2),
(726, 'bishopw_250_cir.ecw', 31, 2, '2009-07-11', ' ', 'images_bishopw_250_cir.ecw', 2),
(727, 'bishopw_250_ndvi.ecw', 31, 3, '2009-07-11', ' ', 'images_bishopw_250_ndvi.ecw', 2),
(728, 'bishopw_250_ndvihd.ecw', 31, 5, '2009-07-11', ' ', 'images_bishopw_250_ndvihd.ecw', 2),
(729, 'bishopw_250_rgb.ecw', 31, 1, '2009-07-11', ' ', 'images_bishopw_250_rgb.ecw', 2),
(730, 'bojax_indv_12band_rgb-cir-ndvihd-ndvi_georef250_cropped_cir.ecw', 30, 2, '2009-07-11', ' ', 'images_bojax_indv_12band_rgb-cir-ndvihd-ndvi_georef250_cropped_cir.ecw', 2),
(731, 'bojax_indv_12band_rgb-cir-ndvihd-ndvi_georef250_cropped_ndvi.ecw', 30, 3, '2009-07-11', ' ', 'images_bojax_indv_12band_rgb-cir-ndvihd-ndvi_georef250_cropped_ndvi.ecw', 2),
(732, 'bojax_indv_12band_rgb-cir-ndvihd-ndvi_georef250_cropped_ndvihd.ecw', 30, 5, '2009-07-11', ' ', 'images_bojax_indv_12band_rgb-cir-ndvihd-ndvi_georef250_cropped_ndvihd.ecw', 2),
(733, 'bojax_indv_12band_rgb-cir-ndvihd-ndvi_georef250_cropped_rgb.ecw', 30, 1, '2009-07-11', ' ', 'images_bojax_indv_12band_rgb-cir-ndvihd-ndvi_georef250_cropped_rgb.ecw', 2),
(734, 'churchran_indv_12band_rgb-cir-ndvihd-ndvi_georef250_cropped_cir.ecw', 28, 2, '2009-07-11', ' ', 'images_churchran_indv_12band_rgb-cir-ndvihd-ndvi_georef250_cropped_cir.ecw', 2),
(735, 'churchran_indv_12band_rgb-cir-ndvihd-ndvi_georef250_cropped_ndvi.ecw', 28, 3, '2009-07-11', ' ', 'images_churchran_indv_12band_rgb-cir-ndvihd-ndvi_georef250_cropped_ndvi.ecw', 2),
(736, 'churchran_indv_12band_rgb-cir-ndvihd-ndvi_georef250_cropped_ndvihd.ecw', 28, 5, '2009-07-11', ' ', 'images_churchran_indv_12band_rgb-cir-ndvihd-ndvi_georef250_cropped_ndvihd.ecw', 2),
(737, 'churchran_indv_12band_rgb-cir-ndvihd-ndvi_georef250_cropped_rgb.ecw', 28, 1, '2009-07-11', ' ', 'images_churchran_indv_12band_rgb-cir-ndvihd-ndvi_georef250_cropped_rgb.ecw', 2),
(738, 'kalintrif9_indv_12band_rgb-cir-ndvihd-ndvi_georef250_cropped_cir.ecw', 24, 2, '2009-07-11', ' ', 'images_kalintrif9_indv_12band_rgb-cir-ndvihd-ndvi_georef250_cropped_cir.ecw', 2),
(739, 'kalintrif9_indv_12band_rgb-cir-ndvihd-ndvi_georef250_cropped_ndvi.ecw', 24, 3, '2009-07-11', ' ', 'images_kalintrif9_indv_12band_rgb-cir-ndvihd-ndvi_georef250_cropped_ndvi.ecw', 2);
INSERT INTO `beiapp_image` (`id`, `name`, `property_id`, `imgtype_id`, `capture_date`, `description`, `layer`, `user_id`) VALUES
(740, 'kalintrif9_indv_12band_rgb-cir-ndvihd-ndvi_georef250_cropped_ndvihd.ecw', 24, 5, '2009-07-11', ' ', 'images_kalintrif9_indv_12band_rgb-cir-ndvihd-ndvi_georef250_cropped_ndvihd.ecw', 2),
(741, 'kalintrif9_indv_12band_rgb-cir-ndvihd-ndvi_georef250_cropped_rgb.ecw', 24, 1, '2009-07-11', ' ', 'images_kalintrif9_indv_12band_rgb-cir-ndvihd-ndvi_georef250_cropped_rgb.ecw', 2),
(742, 'malva29_indv_12band_rgb-cir-ndvihd-ndvi_georef250_cropped_cir.ecw', 23, 2, '2009-07-11', ' ', 'images_malva29_indv_12band_rgb-cir-ndvihd-ndvi_georef250_cropped_cir.ecw', 2),
(743, 'malva29_indv_12band_rgb-cir-ndvihd-ndvi_georef250_cropped_ndvi.ecw', 23, 3, '2009-07-11', ' ', 'images_malva29_indv_12band_rgb-cir-ndvihd-ndvi_georef250_cropped_ndvi.ecw', 2),
(744, 'malva29_indv_12band_rgb-cir-ndvihd-ndvi_georef250_cropped_ndvihd.ecw', 23, 5, '2009-07-11', ' ', 'images_malva29_indv_12band_rgb-cir-ndvihd-ndvi_georef250_cropped_ndvihd.ecw', 2),
(745, 'malva29_indv_12band_rgb-cir-ndvihd-ndvi_georef250_cropped_rgb.ecw', 23, 1, '2009-07-11', ' ', 'images_malva29_indv_12band_rgb-cir-ndvihd-ndvi_georef250_cropped_rgb.ecw', 2),
(746, 'n-4_indv_12band_rgb-cir-ndvihd-ndvi_georef250_cropped_cir.ecw', 22, 2, '2009-07-11', ' ', 'images_n-4_indv_12band_rgb-cir-ndvihd-ndvi_georef250_cropped_cir.ecw', 2),
(747, 'n-4_indv_12band_rgb-cir-ndvihd-ndvi_georef250_cropped_ndvi.ecw', 22, 3, '2009-07-11', ' ', 'images_n-4_indv_12band_rgb-cir-ndvihd-ndvi_georef250_cropped_ndvi.ecw', 2),
(748, 'n-4_indv_12band_rgb-cir-ndvihd-ndvi_georef250_cropped_ndvihd.ecw', 22, 5, '2009-07-11', ' ', 'images_n-4_indv_12band_rgb-cir-ndvihd-ndvi_georef250_cropped_ndvihd.ecw', 2),
(749, 'n-4_indv_12band_rgb-cir-ndvihd-ndvi_georef250_cropped_rgb.ecw', 22, 1, '2009-07-11', ' ', 'images_n-4_indv_12band_rgb-cir-ndvihd-ndvi_georef250_cropped_rgb.ecw', 2),
(750, 'o8_indv_12band_rgb-cir-ndvihd-ndvi_georef250_cropped_cir.ecw', 20, 2, '2009-07-11', ' ', 'images_o8_indv_12band_rgb-cir-ndvihd-ndvi_georef250_cropped_cir.ecw', 2),
(751, 'o8_indv_12band_rgb-cir-ndvihd-ndvi_georef250_cropped_ndvi.ecw', 20, 3, '2009-07-11', ' ', 'images_o8_indv_12band_rgb-cir-ndvihd-ndvi_georef250_cropped_ndvi.ecw', 2),
(752, 'o8_indv_12band_rgb-cir-ndvihd-ndvi_georef250_cropped_ndvihd.ecw', 20, 5, '2009-07-11', ' ', 'images_o8_indv_12band_rgb-cir-ndvihd-ndvi_georef250_cropped_ndvihd.ecw', 2),
(753, 'o8_indv_12band_rgb-cir-ndvihd-ndvi_georef250_cropped_rgb.ecw', 20, 1, '2009-07-11', ' ', 'images_o8_indv_12band_rgb-cir-ndvihd-ndvi_georef250_cropped_rgb.ecw', 2),
(754, 'branden1_125_cir.ecw', 29, 2, '2009-07-11', ' ', 'images_branden1_125_cir.ecw', 2),
(755, 'branden1_125_ndvi.ecw', 29, 3, '2009-07-11', ' ', 'images_branden1_125_ndvi.ecw', 2),
(756, 'branden1_125_ndvihd.ecw', 29, 5, '2009-07-11', ' ', 'images_branden1_125_ndvihd.ecw', 2),
(757, 'branden1_125_rgb.ecw', 29, 1, '2009-07-11', ' ', 'images_branden1_125_rgb.ecw', 2),
(758, 'moss20_250_cir.ecw', 44, 2, '2009-07-11', ' ', 'images_moss20_250_cir.ecw', 2),
(759, 'moss20_250_ndvi.ecw', 44, 3, '2009-07-11', ' ', 'images_moss20_250_ndvi.ecw', 2),
(760, 'moss20_250_ndvihd.ecw', 44, 5, '2009-07-11', ' ', 'images_moss20_250_ndvihd.ecw', 2),
(761, 'moss20_250_rgb.ecw', 44, 1, '2009-07-11', ' ', 'images_moss20_250_rgb.ecw', 2),
(762, 'branden2_125_cir.ecw', 37, 2, '2009-07-11', ' ', 'images_branden2_125_cir.ecw', 2),
(763, 'branden2_125_ndvi.ecw', 37, 3, '2009-07-11', ' ', 'images_branden2_125_ndvi.ecw', 2),
(764, 'branden2_125_ndvihd.ecw', 37, 5, '2009-07-11', ' ', 'images_branden2_125_ndvihd.ecw', 2),
(765, 'branden2_125_rgb.ecw', 37, 1, '2009-07-11', ' ', 'images_branden2_125_rgb.ecw', 2),
(766, 'beachline1_250_cir.ecw', 46, 2, '2009-07-11', ' ', 'images_beachline1_250_cir.ecw', 2),
(767, 'beachline1_250_ndvi.ecw', 46, 3, '2009-07-11', ' ', 'images_beachline1_250_ndvi.ecw', 2),
(768, 'beachline1_250_ndvihd.ecw', 46, 5, '2009-07-11', ' ', 'images_beachline1_250_ndvihd.ecw', 2),
(769, 'beachline1_250_rgb.ecw', 46, 1, '2009-07-11', ' ', 'images_beachline1_250_rgb.ecw', 2),
(770, 'beachline2_250_cir.ecw', 45, 2, '2009-07-11', ' ', 'images_beachline2_250_cir.ecw', 2),
(771, 'beachline2_250_ndvi.ecw', 45, 3, '2009-07-11', ' ', 'images_beachline2_250_ndvi.ecw', 2),
(772, 'beachline2_250_ndvihd.ecw', 45, 5, '2009-07-11', ' ', 'images_beachline2_250_ndvihd.ecw', 2),
(773, 'beachline2_250_rgb.ecw', 45, 1, '2009-07-11', ' ', 'images_beachline2_250_rgb.ecw', 2),
(774, 'alkalinbnx_250_cir.ecw', 40, 2, '2009-07-11', ' ', 'images_alkalinbnx_250_cir.ecw', 2),
(775, 'claverie_250_cir.ecw', 47, 2, '2009-07-11', ' ', 'images_claverie_250_cir.ecw', 2),
(776, 'heritagegolf_125_cir.ecw', 41, 2, '2009-07-11', ' ', 'images_heritagegolf_125_cir.ecw', 7),
(777, 'i34_250_cir.ecw', 48, 2, '2009-07-11', ' ', 'images_i34_250_cir.ecw', 2),
(778, 'indiansprings_125_cir.ecw', 38, 2, '2009-07-11', ' ', 'images_indiansprings_125_cir.ecw', 5),
(779, 'j12_250_cir.ecw', 52, 2, '2009-07-11', ' ', 'images_j12_250_cir.ecw', 2),
(780, 'myrtle14_250_cir.ecw', 50, 2, '2009-07-11', ' ', 'images_myrtle14_250_cir.ecw', 2),
(781, 'nettle5_250_cir.ecw', 51, 2, '2009-07-11', ' ', 'images_nettle5_250_cir.ecw', 2),
(782, 'osage89_250_cir.ecw', 53, 2, '2009-07-11', ' ', 'images_osage89_250_cir.ecw', 2),
(783, 'osterkamp_250_cir.ecw', 18, 2, '2009-07-11', ' ', 'images_osterkamp_250_cir.ecw', 2),
(784, 'parafw_250_cir.ecw', 15, 2, '2009-07-11', ' ', 'images_parafw_250_cir.ecw', 2),
(785, 'pfisterhreast_250_cir.ecw', 14, 2, '2009-07-11', ' ', 'images_pfisterhreast_250_cir.ecw', 2),
(786, 'quatrodm_250_cir.ecw', 9, 2, '2009-07-11', ' ', 'images_quatrodm_250_cir.ecw', 2),
(787, 'ranchosdh_250_cir.ecw', 8, 2, '2009-07-11', ' ', 'images_ranchosdh_250_cir.ecw', 2),
(788, 'rbw_250_cir.ecw', 7, 2, '2009-07-11', ' ', 'images_rbw_250_cir.ecw', 16),
(789, 'rucker1_125_cir.ecw', 5, 2, '2009-07-11', ' ', 'images_rucker1_125_cir.ecw', 2),
(790, 'scheu_250_cir.ecw', 3, 2, '2009-07-11', ' ', 'images_scheu_250_cir.ecw', 2),
(791, 'threeflag2_250_cir.ecw', 1, 2, '2009-07-11', ' ', 'images_threeflag2_250_cir.ecw', 2),
(792, 'threeflags_250_cir.ecw', 2, 2, '2009-07-11', ' ', 'images_threeflags_250_cir.ecw', 2),
(793, 'alkalinbnx_250_ndvi.ecw', 40, 3, '2009-07-11', ' ', 'images_alkalinbnx_250_ndvi.ecw', 2),
(794, 'claverie_250_ndvi.ecw', 47, 3, '2009-07-11', ' ', 'images_claverie_250_ndvi.ecw', 2),
(795, 'heritagegolf_125_ndvi.ecw', 41, 3, '2009-07-11', ' ', 'images_heritagegolf_125_ndvi.ecw', 7),
(796, 'i34_250_ndvi.ecw', 48, 3, '2009-07-11', ' ', 'images_i34_250_ndvi.ecw', 2),
(797, 'indiansprings_125_ndvi.ecw', 38, 3, '2009-07-11', ' ', 'images_indiansprings_125_ndvi.ecw', 5),
(798, 'j12_250_ndvi.ecw', 52, 3, '2009-07-11', ' ', 'images_j12_250_ndvi.ecw', 2),
(799, 'myrtle14_250_ndvi.ecw', 50, 3, '2009-07-11', ' ', 'images_myrtle14_250_ndvi.ecw', 2),
(800, 'nettle5_250_ndvi.ecw', 51, 3, '2009-07-11', ' ', 'images_nettle5_250_ndvi.ecw', 2),
(801, 'osage89_250_ndvi.ecw', 53, 3, '2009-07-11', ' ', 'images_osage89_250_ndvi.ecw', 2),
(802, 'osterkamp_250_ndvi.ecw', 18, 3, '2009-07-11', ' ', 'images_osterkamp_250_ndvi.ecw', 2),
(803, 'parafw_250_ndvi.ecw', 15, 3, '2009-07-11', ' ', 'images_parafw_250_ndvi.ecw', 2),
(804, 'pfisterhreast_250_ndvi.ecw', 14, 3, '2009-07-11', ' ', 'images_pfisterhreast_250_ndvi.ecw', 2),
(805, 'quatrodm_250_ndvi.ecw', 9, 3, '2009-07-11', ' ', 'images_quatrodm_250_ndvi.ecw', 2),
(806, 'ranchosdh_250_ndvi.ecw', 8, 3, '2009-07-11', ' ', 'images_ranchosdh_250_ndvi.ecw', 2),
(807, 'rbw_250_ndvi.ecw', 7, 3, '2009-07-11', ' ', 'images_rbw_250_ndvi.ecw', 16),
(808, 'rucker1_125_ndvi.ecw', 5, 3, '2009-07-11', ' ', 'images_rucker1_125_ndvi.ecw', 2),
(809, 'scheu_250_ndvi.ecw', 3, 3, '2009-07-11', ' ', 'images_scheu_250_ndvi.ecw', 2),
(810, 'threeflag2_250_ndvi.ecw', 1, 3, '2009-07-11', ' ', 'images_threeflag2_250_ndvi.ecw', 2),
(811, 'threeflags_250_ndvi.ecw', 2, 3, '2009-07-11', ' ', 'images_threeflags_250_ndvi.ecw', 2),
(812, 'alkalinbnx_250_ndvihd.ecw', 40, 5, '2009-07-11', ' ', 'images_alkalinbnx_250_ndvihd.ecw', 2),
(813, 'claverie_250_ndvihd.ecw', 47, 5, '2009-07-11', ' ', 'images_claverie_250_ndvihd.ecw', 2),
(814, 'heritagegolf_125_ndvihd.ecw', 41, 5, '2009-07-11', ' ', 'images_heritagegolf_125_ndvihd.ecw', 7),
(815, 'i34_250_ndvihd.ecw', 48, 5, '2009-07-11', ' ', 'images_i34_250_ndvihd.ecw', 2),
(816, 'indiansprings_125_ndvihd.ecw', 38, 5, '2009-07-11', ' ', 'images_indiansprings_125_ndvihd.ecw', 5),
(817, 'j12_250_ndvihd.ecw', 52, 5, '2009-07-11', ' ', 'images_j12_250_ndvihd.ecw', 2),
(818, 'myrtle14_250_ndvihd.ecw', 50, 5, '2009-07-11', ' ', 'images_myrtle14_250_ndvihd.ecw', 2),
(819, 'nettle5_250_ndvihd.ecw', 51, 5, '2009-07-11', ' ', 'images_nettle5_250_ndvihd.ecw', 2),
(820, 'osage89_250_ndvihd.ecw', 53, 5, '2009-07-11', ' ', 'images_osage89_250_ndvihd.ecw', 2),
(821, 'osterkamp_250_ndvihd.ecw', 18, 5, '2009-07-11', ' ', 'images_osterkamp_250_ndvihd.ecw', 2),
(822, 'parafw_250_ndvihd.ecw', 15, 5, '2009-07-11', ' ', 'images_parafw_250_ndvihd.ecw', 2),
(823, 'pfisterhreast_250_ndvihd.ecw', 14, 5, '2009-07-11', ' ', 'images_pfisterhreast_250_ndvihd.ecw', 2),
(824, 'quatrodm_250_ndvihd.ecw', 9, 5, '2009-07-11', ' ', 'images_quatrodm_250_ndvihd.ecw', 2),
(825, 'ranchosdh_250_ndvihd.ecw', 8, 5, '2009-07-11', ' ', 'images_ranchosdh_250_ndvihd.ecw', 2),
(826, 'rbw_250_ndvihd.ecw', 7, 5, '2009-07-11', ' ', 'images_rbw_250_ndvihd.ecw', 16),
(827, 'rucker1_125_ndvihd.ecw', 5, 5, '2009-07-11', ' ', 'images_rucker1_125_ndvihd.ecw', 2),
(828, 'scheu_250_ndvihd.ecw', 3, 5, '2009-07-11', ' ', 'images_scheu_250_ndvihd.ecw', 2),
(829, 'threeflag2_250_ndvihd.ecw', 1, 5, '2009-07-11', ' ', 'images_threeflag2_250_ndvihd.ecw', 2),
(830, 'threeflags_250_ndvihd.ecw', 2, 5, '2009-07-11', ' ', 'images_threeflags_250_ndvihd.ecw', 2),
(831, 'alkalinbnx_250_rgb.ecw', 40, 1, '2009-07-11', ' ', 'images_alkalinbnx_250_rgb.ecw', 2),
(832, 'claverie_250_rgb.ecw', 47, 1, '2009-07-11', ' ', 'images_claverie_250_rgb.ecw', 2),
(833, 'heritagegolf_125_rgb.ecw', 41, 1, '2009-07-11', ' ', 'images_heritagegolf_125_rgb.ecw', 7),
(834, 'i34_250_rgb.ecw', 48, 1, '2009-07-11', ' ', 'images_i34_250_rgb.ecw', 2),
(835, 'indiansprings_125_rgb.ecw', 38, 1, '2009-07-11', ' ', 'images_indiansprings_125_rgb.ecw', 5),
(836, 'j12_250_rgb.ecw', 52, 1, '2009-07-11', ' ', 'images_j12_250_rgb.ecw', 2),
(837, 'myrtle14_250_rgb.ecw', 50, 1, '2009-07-11', ' ', 'images_myrtle14_250_rgb.ecw', 2),
(838, 'nettle5_250_rgb.ecw', 51, 1, '2009-07-11', ' ', 'images_nettle5_250_rgb.ecw', 2),
(839, 'osage89_250_rgb.ecw', 53, 1, '2009-07-11', ' ', 'images_osage89_250_rgb.ecw', 2),
(840, 'osterkamp_250_RGB.ecw', 18, 1, '2009-07-11', ' ', 'images_osterkamp_250_RGB.ecw', 2),
(841, 'parafw_250_rgb.ecw', 15, 1, '2009-07-11', ' ', 'images_parafw_250_rgb.ecw', 2),
(842, 'pfisterhreast_250_rgb.ecw', 14, 1, '2009-07-11', ' ', 'images_pfisterhreast_250_rgb.ecw', 2),
(843, 'quatrodm_250_rgb.ecw', 9, 1, '2009-07-11', ' ', 'images_quatrodm_250_rgb.ecw', 2),
(844, 'ranchosdh_250_rgb.ecw', 8, 1, '2009-07-11', ' ', 'images_ranchosdh_250_rgb.ecw', 2),
(845, 'rbw_250_rgb.ecw', 7, 1, '2009-07-11', ' ', 'images_rbw_250_rgb.ecw', 16),
(846, 'rucker1_125_rgb.ecw', 5, 1, '2009-07-11', ' ', 'images_rucker1_125_rgb.ecw', 2),
(847, 'scheu_250_rgb.ecw', 3, 1, '2009-07-11', ' ', 'images_scheu_250_rgb.ecw', 2),
(848, 'threeflag2_250_rgb.ecw', 1, 1, '2009-07-11', ' ', 'images_threeflag2_250_rgb.ecw', 2),
(849, 'threeflags_250_rgb.ecw', 2, 1, '2009-07-11', ' ', 'images_threeflags_250_rgb.ecw', 2),
(850, 'thefigtree_250_rgb.ecw', 49, 1, '2009-07-11', ' ', 'images_thefigtree_250_rgb.ecw', 2),
(851, 'thefigtree_250_cir.ecw', 49, 2, '2009-07-11', ' ', 'images_thefigtree_250_cir.ecw', 2),
(852, 'thefigtree_250_ndvi.ecw', 49, 3, '2009-07-11', ' ', 'images_thefigtree_250_ndvi.ecw', 2),
(853, 'thefigtree_250_ndvihd.ecw', 49, 5, '2009-07-11', ' ', 'images_thefigtree_250_ndvihd.ecw', 2),
(854, 'vail221_250_rgb.ecw', 54, 1, '2009-07-11', ' ', 'images_vail221_250_rgb.ecw', 2),
(855, 'vail221_250_cir.ecw', 54, 2, '2009-07-11', ' ', 'images_vail221_250_cir.ecw', 2),
(856, 'vail221_250_ndvi.ecw', 54, 3, '2009-07-11', ' ', 'images_vail221_250_ndvi.ecw', 2),
(857, 'vail221_250_ndvihd.ecw', 54, 5, '2009-07-11', ' ', 'images_vail221_250_ndvihd.ecw', 2),
(858, 'pecanorc_125_cir.ecw', 55, 2, '2009-07-31', ' ', 'images_pecanorc_125_cir.ecw', 10),
(859, 'pecanorc_125_ndvi.ecw', 55, 3, '2009-07-31', ' ', 'images_pecanorc_125_ndvi.ecw', 10),
(860, 'pecanorc_125_ndvihd.ecw', 55, 5, '2009-07-31', ' ', 'images_pecanorc_125_ndvihd.ecw', 10),
(861, 'pecanorc_125_rgb.ecw', 55, 1, '2009-07-31', ' ', 'images_pecanorc_125_rgb.ecw', 10),
(862, 'alkalin-bn1-bn2_250_rgb.jp2', 40, 1, '2009-01-01', ' ', 'images_alkalin-bn1-bn2_250_rgb.jp2', 2),
(863, 'alkalin-bn1-bn2_250_cir.jp2', 40, 2, '2009-01-01', ' ', 'images_alkalin-bn1-bn2_250_cir.jp2', 2),
(864, 'beachhighnw02_250_rgb.jp2', 46, 1, '2009-09-12', ' ', 'images_beachhighnw02_250_rgb.jp2', 2),
(865, 'beachhighnw02_250_cir.jp2', 46, 2, '2009-09-12', ' ', 'images_beachhighnw02_250_cir.jp2', 2),
(866, 'beachhighnw02_250_ndvi.jp2', 46, 3, '2009-09-12', ' ', 'images_beachhighnw02_250_ndvi.jp2', 2),
(867, 'beachhighnw02_250_ndvihd.jp2', 46, 5, '2009-09-12', ' ', 'images_beachhighnw02_250_ndvihd.jp2', 2),
(868, 'beachhighse02_250_cir.jp2', 45, 2, '2009-09-12', ' ', 'images_beachhighse02_250_cir.jp2', 2),
(869, '20090912_casagrande_250_cir.jp2', 57, 2, '2009-09-12', ' ', 'images_20090912_casagrande_250_cir.jp2', 2),
(870, 'sharps103-104_250_cir.jp2', 56, 2, '2009-10-02', ' ', 'images_sharps103-104_250_cir.jp2', 15),
(871, 'thefigtree02_250_cir.jp2', 49, 2, '2009-09-12', ' ', 'images_thefigtree02_250_cir.jp2', 2),
(872, 'beachhighse02_250_ndvi.jp2', 45, 3, '2009-09-12', ' ', 'images_beachhighse02_250_ndvi.jp2', 2),
(873, '20090912_casagrande_250_ndvi.jp2', 57, 3, '2009-09-12', ' ', 'images_20090912_casagrande_250_ndvi.jp2', 2),
(874, 'sharps103-104_250_ndvi.jp2', 56, 3, '2009-10-02', ' ', 'images_sharps103-104_250_ndvi.jp2', 15),
(875, 'thefigtree02_250_ndvi.jp2', 49, 3, '2009-09-12', ' ', 'images_thefigtree02_250_ndvi.jp2', 2),
(876, 'beachhighse02_250_ndvihd.jp2', 45, 5, '2009-09-12', ' ', 'images_beachhighse02_250_ndvihd.jp2', 2),
(877, '20090912_casagrande_250_ndvihd.jp2', 57, 5, '2009-09-12', ' ', 'images_20090912_casagrande_250_ndvihd.jp2', 2),
(878, 'sharps103-104_250_ndvihd.jp2', 56, 5, '2009-10-02', ' ', 'images_sharps103-104_250_ndvihd.jp2', 15),
(879, 'thefigtree02_250_ndvihd.jp2', 49, 5, '2009-09-12', ' ', 'images_thefigtree02_250_ndvihd.jp2', 2),
(880, 'beachhighse02_250_rgb.jp2', 45, 1, '2009-09-12', ' ', 'images_beachhighse02_250_rgb.jp2', 2),
(881, '20090912_casagrande_250_rgb.jp2', 57, 1, '2009-09-12', ' ', 'images_20090912_casagrande_250_rgb.jp2', 2),
(882, 'sharps103-104_250_rgb.jp2', 56, 1, '2009-10-02', ' ', 'images_sharps103-104_250_rgb.jp2', 15),
(884, 'thefigtree02_250_rgb.jp2', 49, 1, '2009-09-12', ' ', 'images_thefigtree02_250_rgb.jp2', 2),
(885, 'sharps_test_rgb_11ncropped.jp2', 56, 1, '2009-01-01', ' ', 'Images_sharps_test_rgb_11ncropped.jp2', 2),
(886, 'o-8_250_rgb.jp2', 20, 1, '2009-01-01', ' ', 'Images_o-8_250_rgb.jp2', 2),
(887, 'o-8_rgb_250b.jp2', 20, 1, '2009-01-02', ' ', 'Images_o-8_rgb_250b.jp2', 2),
(888, 'n4--01_250_rgb.jp2', 22, 1, '2009-10-02', ' ', 'images_n4--01_250_rgb.jp2', 2),
(889, 'n4--01_250_cir.jp2', 22, 2, '2009-10-02', ' ', 'images_n4--01_250_cir.jp2', 2),
(890, 'n4--01_250_ndvi.jp2', 22, 3, '2009-10-02', ' ', 'images_n4--01_250_ndvi.jp2', 2),
(891, 'n4--01_250_ndvihd.jp2', 22, 5, '2009-10-02', ' ', 'images_n4--01_250_ndvihd.jp2', 2),
(892, 'g3_250_cir.jp2', 58, 2, '2009-10-02', ' ', 'images_g3_250_cir.jp2', 2),
(893, 'g3_250_ndvi.jp2', 58, 3, '2009-10-02', ' ', 'images_g3_250_ndvi.jp2', 2),
(894, 'g3_250_ndvihd.jp2', 58, 5, '2009-10-02', ' ', 'images_g3_250_ndvihd.jp2', 2),
(895, 'g3_250_rgb.jp2', 58, 1, '2009-10-02', ' ', 'images_g3_250_rgb.jp2', 2),
(896, 'casagrande_250_cir.jp2', 57, 2, '2009-10-02', ' ', 'images_casagrande_250_cir.jp2', 2),
(897, 'casagrande_250_ndvi.jp2', 57, 3, '2009-10-02', ' ', 'images_casagrande_250_ndvi.jp2', 2),
(898, 'casagrande_250_ndvihd.jp2', 57, 5, '2009-10-02', ' ', 'images_casagrande_250_ndvihd.jp2', 2),
(899, 'casagrande_250_rgb.jp2', 57, 1, '2009-10-02', ' ', 'images_casagrande_250_rgb.jp2', 2),
(901, 'o-8_250_cir.jp2', 20, 2, '2009-10-02', ' ', 'images_o-8_250_cir.jp2', 2),
(902, 'o-8_250_ndvi.jp2', 20, 3, '2009-10-02', ' ', 'images_o-8_250_ndvi.jp2', 2),
(903, 'o-8_250_ndvihd.jp2', 20, 5, '2009-10-02', ' ', 'images_o-8_250_ndvihd.jp2', 2),
(904, 'o-8_250_rgb.jp2', 20, 1, '2009-10-02', ' ', 'images_o-8_250_rgb.jp2', 2),
(905, 'osagecit_250_cir.jp2', 60, 2, '2009-10-02', ' ', 'images_osagecit_250_cir.jp2', 2),
(906, 'osagecit_250_ndvi.jp2', 60, 3, '2009-10-02', ' ', 'images_osagecit_250_ndvi.jp2', 2),
(907, 'osagecit_250_ndvihd.jp2', 60, 5, '2009-10-02', ' ', 'images_osagecit_250_ndvihd.jp2', 2),
(908, 'osagecit_250_rgb.jp2', 60, 1, '2009-10-02', ' ', 'images_osagecit_250_rgb.jp2', 2),
(909, 'quatrodm_250_rgb.jp2', 9, 1, '2009-10-02', ' ', 'images_quatrodm_250_rgb.jp2', 2),
(910, 'quatrodm_250_ndvihd.jp2', 9, 5, '2009-10-02', ' ', 'images_quatrodm_250_ndvihd.jp2', 2),
(911, 'quatrodm_250_ndvi.jp2', 9, 3, '2009-10-02', ' ', 'images_quatrodm_250_ndvi.jp2', 2),
(912, 'quatrodm_250_cir.jp2', 9, 2, '2009-10-02', ' ', 'images_quatrodm_250_cir.jp2', 2),
(913, 'ranchosdh_250_cir.jp2', 8, 2, '2009-10-02', ' ', 'images_ranchosdh_250_cir.jp2', 2),
(914, 'ranchosdh_250_ndvi.jp2', 8, 3, '2009-10-02', ' ', 'images_ranchosdh_250_ndvi.jp2', 2),
(915, 'ranchosdh_250_ndvihd.jp2', 8, 5, '2009-10-02', ' ', 'images_ranchosdh_250_ndvihd.jp2', 2),
(916, 'ranchosdh_250_rgb.jp2', 8, 1, '2009-10-02', ' ', 'images_ranchosdh_250_rgb.jp2', 2),
(917, 'scheu_250_cir.jp2', 3, 2, '2009-10-02', ' ', 'images_scheu_250_cir.jp2', 2),
(918, 'scheu_250_ndvi.jp2', 3, 3, '2009-10-02', ' ', 'images_scheu_250_ndvi.jp2', 2),
(919, 'scheu_250_ndvihd.jp2', 3, 5, '2009-10-02', ' ', 'images_scheu_250_ndvihd.jp2', 2),
(920, 'scheu_250_rgb.jp2', 3, 1, '2009-10-02', ' ', 'images_scheu_250_rgb.jp2', 2),
(921, 'sharps103-104_250_cir.jp2', 56, 2, '2009-10-02', ' ', 'images_sharps103-104_250_cir.jp2', 15),
(922, 'sharps103-104_250_ndvi.jp2', 56, 3, '2009-10-02', ' ', 'images_sharps103-104_250_ndvi.jp2', 15),
(923, 'sharps103-104_250_ndvihd.jp2', 56, 5, '2009-10-02', ' ', 'images_sharps103-104_250_ndvihd.jp2', 15),
(924, 'sharps103-104_250_rgb.jp2', 56, 1, '2009-10-02', ' ', 'images_sharps103-104_250_rgb.jp2', 15),
(925, 'desertdel_250_cir.jp2', 61, 2, '2009-10-02', ' ', 'images_desertdel_250_cir.jp2', 2),
(926, 'desertdel_250_ndvi.jp2', 61, 3, '2009-10-02', ' ', 'images_desertdel_250_ndvi.jp2', 2),
(927, 'desertdel_250_ndvihd.jp2', 61, 5, '2009-10-02', ' ', 'images_desertdel_250_ndvihd.jp2', 2),
(928, 'desertdel_250_rgb.jp2', 61, 1, '2009-10-02', ' ', 'images_desertdel_250_rgb.jp2', 2),
(929, 'iid-marshrec_250_rgb.jp2', 62, 1, '2009-10-02', ' ', 'images_iid-marshrec_250_rgb.jp2', 11),
(930, 'iid-marshrec_250_cir.jp2', 62, 2, '2009-10-02', ' ', 'images_iid-marshrec_250_cir.jp2', 11),
(931, 'iid-marshrec_250_ndvi.jp2', 62, 3, '2009-10-02', ' ', 'images_iid-marshrec_250_ndvi.jp2', 11),
(932, 'iid-marshrec_250_ndvihd.jp2', 62, 5, '2009-10-02', ' ', 'images_iid-marshrec_250_ndvihd.jp2', 11),
(933, 'cvwd-recharge_125_rgb.jp2', 63, 1, '2009-10-02', ' ', 'images_cvwd-recharge_125_rgb.jp2', 12),
(934, 'cvwd-recharge_125_cir.jp2', 63, 2, '2009-10-02', ' ', 'images_cvwd-recharge_125_cir.jp2', 12),
(935, 'cvwd-recharge_125_ndvi.jp2', 63, 3, '2009-10-02', ' ', 'images_cvwd-recharge_125_ndvi.jp2', 12),
(936, 'cvwd-recharge_125_ndvihd.jp2', 63, 5, '2009-10-02', ' ', 'images_cvwd-recharge_125_ndvihd.jp2', 12),
(937, 'mardesgolf_125_cir.jp2', 64, 2, '2009-10-02', ' ', 'images_mardesgolf_125_cir.jp2', 13),
(938, 'marshagolf_125_cir.jp2', 65, 2, '2009-10-02', ' ', 'images_marshagolf_125_cir.jp2', 13),
(939, 'mardesgolf_125_ndvi.jp2', 64, 3, '2009-10-02', ' ', 'images_mardesgolf_125_ndvi.jp2', 13),
(940, 'marshagolf_125_ndvi.jp2', 65, 3, '2009-10-02', ' ', 'images_marshagolf_125_ndvi.jp2', 13),
(941, 'mardesgolf_125_ndvihd.jp2', 64, 5, '2009-10-02', ' ', 'images_mardesgolf_125_ndvihd.jp2', 13),
(942, 'marshagolf_125_ndvihd.jp2', 65, 5, '2009-10-02', ' ', 'images_marshagolf_125_ndvihd.jp2', 13),
(943, 'mardesgolf_125_rgb.jp2', 64, 1, '2009-10-02', ' ', 'images_mardesgolf_125_rgb.jp2', 13),
(944, 'marshagolf_125_rgb.jp2', 65, 1, '2009-10-02', ' ', 'images_marshagolf_125_rgb.jp2', 13),
(945, 'indianheritage_125_cir.jp2', 38, 2, '2009-09-12', ' ', 'images_indianheritage_125_cir.jp2', 5),
(946, 'indianheritage_125_ndvi.jp2', 38, 3, '2009-09-12', ' ', 'images_indianheritage_125_ndvi.jp2', 5),
(947, 'indianheritage_125_ndvihd.jp2', 38, 5, '2009-09-12', ' ', 'images_indianheritage_125_ndvihd.jp2', 5),
(948, 'indianheritage_125_rgb.jp2', 38, 1, '2009-09-12', ' ', 'images_indianheritage_125_rgb.jp2', 5),
(949, 'laquinta_125_cir.jp2', 66, 2, '2009-09-12', ' ', 'images_laquinta_125_cir.jp2', 8),
(950, 'laquinta_125_ndvi.jp2', 66, 3, '2009-09-12', ' ', 'images_laquinta_125_ndvi.jp2', 8),
(951, 'laquinta_125_ndvihd.jp2', 66, 5, '2009-09-12', ' ', 'images_laquinta_125_ndvihd.jp2', 8),
(952, 'laquinta_125_rgb.jp2', 66, 1, '2009-09-12', ' ', 'images_laquinta_125_rgb.jp2', 8),
(953, 'laquintadunes_125_cir.jp2', 67, 2, '2009-10-02', ' ', 'images_laquintadunes_125_cir.jp2', 8),
(954, 'laquintadunes_125_ndvi.jp2', 67, 3, '2009-10-02', ' ', 'images_laquintadunes_125_ndvi.jp2', 8),
(955, 'laquintadunes_125_ndvihd.jp2', 67, 5, '2009-10-02', ' ', 'images_laquintadunes_125_ndvihd.jp2', 8),
(956, 'laquintadunes_125_rgb.jp2', 67, 1, '2009-10-02', ' ', 'images_laquintadunes_125_rgb.jp2', 8),
(957, 'laquintamountain_125_cir.jp2', 68, 2, '2009-10-02', ' ', 'images_laquintamountain_125_cir.jp2', 12),
(958, 'laquintamountain_125_ndvi.jp2', 68, 3, '2009-10-02', ' ', 'images_laquintamountain_125_ndvi.jp2', 12),
(959, 'laquintamountain_125_ndvihd.jp2', 68, 5, '2009-10-02', ' ', 'images_laquintamountain_125_ndvihd.jp2', 12),
(960, 'laquintamountain_125_rgb.jp2', 68, 1, '2009-10-02', ' ', 'images_laquintamountain_125_rgb.jp2', 12),
(961, 'laquintacountryclub_125_cir.jp2', 66, 2, '2009-10-02', ' ', 'images_laquintacountryclub_125_cir.jp2', 12),
(962, 'laquintacountryclub_125_ndvi.jp2', 66, 3, '2009-10-02', ' ', 'images_laquintacountryclub_125_ndvi.jp2', 12),
(963, 'laquintacountryclub_125_ndvihd.jp2', 66, 5, '2009-10-02', ' ', 'images_laquintacountryclub_125_ndvihd.jp2', 12),
(964, 'laquintacountryclub_125_rgb.jp2', 66, 1, '2009-10-02', ' ', 'images_laquintacountryclub_125_rgb.jp2', 12),
(965, 'heritpalms_125_cir.jp2', 41, 2, '2009-10-02', ' ', 'images_heritpalms_125_cir.jp2', 7),
(966, 'indsprings_125_cir.jp2', 38, 2, '2009-10-02', ' ', 'images_indsprings_125_cir.jp2', 5),
(967, 'marrangolf_125_cir.jp2', 69, 2, '2009-10-02', ' ', 'images_marrangolf_125_cir.jp2', 13),
(968, 'heritpalms_125_ndvi.jp2', 41, 3, '2009-10-02', ' ', 'images_heritpalms_125_ndvi.jp2', 7),
(969, 'indsprings_125_ndvi.jp2', 38, 3, '2009-10-02', ' ', 'images_indsprings_125_ndvi.jp2', 5),
(970, 'marrangolf_125_ndvi.jp2', 69, 3, '2009-10-02', ' ', 'images_marrangolf_125_ndvi.jp2', 13),
(971, 'marrangolf_125_ndvihd.jp2', 69, 5, '2009-10-02', ' ', 'images_marrangolf_125_ndvihd.jp2', 13),
(972, 'indsprings_125_ndvihd.jp2', 38, 5, '2009-10-02', ' ', 'images_indsprings_125_ndvihd.jp2', 5),
(973, 'heritpalms_125_ndvihd.jp2', 41, 5, '2009-10-02', ' ', 'images_heritpalms_125_ndvihd.jp2', 7),
(974, 'heritpalms_125_rgb.jp2', 41, 1, '2009-10-02', ' ', 'images_heritpalms_125_rgb.jp2', 7),
(975, 'indsprings_125_rgb.jp2', 38, 1, '2009-10-02', ' ', 'images_indsprings_125_rgb.jp2', 5),
(976, 'marrangolf_125_rgb.jp2', 69, 1, '2009-10-02', ' ', 'images_marrangolf_125_rgb.jp2', 13),
(977, 'dospalmmit_250_cir.jp2', 70, 2, '2009-10-02', ' ', 'images_dospalmmit_250_cir.jp2', 12),
(978, 'dospalmmit_250_ndvi.jp2', 70, 3, '2009-10-02', ' ', 'images_dospalmmit_250_ndvi.jp2', 12),
(979, 'dospalmmit_250_ndvihd.jp2', 70, 5, '2009-10-02', ' ', 'images_dospalmmit_250_ndvihd.jp2', 12),
(980, 'dospalmmit_250_rgb.jp2', 70, 1, '2009-10-02', ' ', 'images_dospalmmit_250_rgb.jp2', 12),
(981, '20091017_desertdel_250_cir.jp2', 61, 2, '2009-10-17', ' ', 'images_20091017_desertdel_250_cir.jp2', 2),
(982, '20091017_desertdel_250_ndvi.jp2', 61, 3, '2009-10-17', ' ', 'images_20091017_desertdel_250_ndvi.jp2', 2),
(983, '20091017_desertdel_250_ndvihd.jp2', 61, 5, '2009-10-17', ' ', 'images_20091017_desertdel_250_ndvihd.jp2', 2),
(984, '20091017_desertdel_250_rgb.jp2', 61, 1, '2009-10-17', ' ', 'images_20091017_desertdel_250_rgb.jp2', 2),
(985, '20091017_bensent467a_250_cir.jp2', 71, 2, '2009-10-17', ' ', 'images_20091017_bensent467a_250_cir.jp2', 2),
(986, '20091017_bensent467a_250_ndvi.jp2', 71, 3, '2009-10-17', ' ', 'images_20091017_bensent467a_250_ndvi.jp2', 2),
(987, '20091017_bensent467a_250_ndvihd.jp2', 71, 5, '2009-10-17', ' ', 'images_20091017_bensent467a_250_ndvihd.jp2', 2),
(988, '20091017_bensent467a_250_rgb.jp2', 71, 1, '2009-10-17', ' ', 'images_20091017_bensent467a_250_rgb.jp2', 2),
(989, '20091017_sharps103-104_250_cir.jp2', 56, 2, '2009-10-17', ' ', 'images_20091017_sharps103-104_250_cir.jp2', 15),
(990, '20091017_sharps103-104_250_ndvi.jp2', 56, 3, '2009-10-17', ' ', 'images_20091017_sharps103-104_250_ndvi.jp2', 15),
(991, '20091017_sharps103-104_250_ndvihd.jp2', 56, 5, '2009-10-17', ' ', 'images_20091017_sharps103-104_250_ndvihd.jp2', 15),
(992, '20091017_sharps103-104_250_rgb.jp2', 56, 1, '2009-10-17', ' ', 'images_20091017_sharps103-104_250_rgb.jp2', 15),
(993, '20091017_n4_250_cir.jp2', 22, 2, '2009-10-17', ' ', 'images_20091017_n4_250_cir.jp2', 2),
(994, '20091017_n4_250_ndvi.jp2', 22, 3, '2009-10-17', ' ', 'images_20091017_n4_250_ndvi.jp2', 2),
(995, '20091017_n4_250_ndvihd.jp2', 22, 5, '2009-10-17', ' ', 'images_20091017_n4_250_ndvihd.jp2', 2),
(996, '20091017_n4_250_rgb.jp2', 22, 1, '2009-10-17', ' ', 'images_20091017_n4_250_rgb.jp2', 2),
(997, '20091017_g3_250_cir.jp2', 58, 2, '2009-10-17', ' ', 'images_20091017_g3_250_cir.jp2', 2),
(998, '20091017_g3_250_ndvi.jp2', 58, 3, '2009-10-17', ' ', 'images_20091017_g3_250_ndvi.jp2', 2),
(999, '20091017_g3_250_ndvihd.jp2', 58, 5, '2009-10-17', ' ', 'images_20091017_g3_250_ndvihd.jp2', 2),
(1000, '20091017_g3_250_rgb.jp2', 58, 1, '2009-10-17', ' ', 'images_20091017_g3_250_rgb.jp2', 2),
(1001, '20091017_iidmarchrec_250_cir.jp2', 62, 2, '2009-10-17', ' ', 'images_20091017_iidmarchrec_250_cir.jp2', 11),
(1002, '20091017_iidmarchrec_250_ndvi.jp2', 62, 3, '2009-10-17', ' ', 'images_20091017_iidmarchrec_250_ndvi.jp2', 11),
(1003, '20091017_iidmarchrec_250_ndvihd.jp2', 62, 5, '2009-10-17', ' ', 'images_20091017_iidmarchrec_250_ndvihd.jp2', 11),
(1004, '20091017_iidmarchrec_250_rgb.jp2', 62, 1, '2009-10-17', ' ', 'images_20091017_iidmarchrec_250_rgb.jp2', 11),
(1005, '20091017_ranchosdh_250_cir_crop.jp2', 8, 2, '2009-10-17', '  ', 'images_20091017_ranchosdh_250_cir_crop.jp2', 2),
(1007, '20091017_ranchosdh_250_ndvi_crop.jp2', 8, 3, '2009-10-17', ' ', 'images_20091017_ranchosdh_250_ndvi_crop.jp2', 2),
(1008, '20091017_ranchosdh_250_ndvihd_crop.jp2', 8, 5, '2009-10-17', ' ', 'images_20091017_ranchosdh_250_ndvihd_crop.jp2', 2),
(1009, '20091017_ranchosdh_250_rgb_crop.jp2', 8, 1, '2009-10-17', ' ', 'Images_20091017_ranchosdh_250_rgb_crop.jp2', 2),
(1010, '20091017_o8_250_cir.jp2', 20, 2, '2009-10-17', ' ', 'images_20091017_o8_250_cir.jp2', 2),
(1011, '20091017_o8_250_ndvi.jp2', 20, 3, '2009-10-17', ' ', 'images_20091017_o8_250_ndvi.jp2', 2),
(1012, '20091017_o8_250_ndvihd.jp2', 20, 5, '2009-10-17', ' ', 'images_20091017_o8_250_ndvihd.jp2', 2),
(1013, '20091017_o8_250_rgb.jp2', 20, 1, '2009-10-17', ' ', 'images_20091017_o8_250_rgb.jp2', 2),
(1014, '20091017_scheu_250_cir.jp2', 3, 2, '2009-10-17', ' ', 'images_20091017_scheu_250_cir.jp2', 2),
(1015, '20091017_scheu_250_ndvi.jp2', 3, 3, '2009-10-17', ' ', 'images_20091017_scheu_250_ndvi.jp2', 2),
(1016, '20091017_scheu_250_ndvihd.jp2', 3, 5, '2009-10-17', ' ', 'images_20091017_scheu_250_ndvihd.jp2', 2),
(1017, '20091017_scheu_250_rgb.jp2', 3, 1, '2009-10-17', ' ', 'images_20091017_scheu_250_rgb.jp2', 2),
(1018, '20091017_quatrodm_250_cir.jp2', 9, 2, '2009-10-17', ' ', 'images_20091017_quatrodm_250_cir.jp2', 2),
(1019, '20091017_quatrodm_250_ndvi.jp2', 9, 3, '2009-10-17', ' ', 'images_20091017_quatrodm_250_ndvi.jp2', 2),
(1020, '20091017_quatrodm_250_ndvihd.jp2', 9, 5, '2009-10-17', ' ', 'images_20091017_quatrodm_250_ndvihd.jp2', 2),
(1021, '20091017_quatrodm_250_rgb.jp2', 9, 1, '2009-10-17', ' ', 'images_20091017_quatrodm_250_rgb.jp2', 2),
(1022, '20091017_Ohmar9_250_cir.jp2', 72, 2, '2009-10-17', ' ', 'images_20091017_Ohmar9_250_cir.jp2', 2),
(1023, '20091017_Ohmar9_250_ndvi.jp2', 72, 3, '2009-10-17', ' ', 'images_20091017_Ohmar9_250_ndvi.jp2', 2),
(1024, '20091017_Ohmar9_250_ndvihd.jp2', 72, 5, '2009-10-17', ' ', 'images_20091017_Ohmar9_250_ndvihd.jp2', 2),
(1025, '20091017_Ohmar9_250_rgb.jp2', 72, 1, '2009-10-17', ' ', 'images_20091017_Ohmar9_250_rgb.jp2', 2),
(1026, 'indsprings1017_125_cir.jp2', 38, 2, '2009-10-17', ' ', 'images_indsprings1017_125_cir.jp2', 5),
(1027, 'indsprings1017_125_ndvi.jp2', 38, 3, '2009-10-17', ' ', 'images_indsprings1017_125_ndvi.jp2', 5),
(1028, 'indsprings1017_125_ndvihd.jp2', 38, 5, '2009-10-17', ' ', 'images_indsprings1017_125_ndvihd.jp2', 5),
(1029, 'indsprings1017_125_rgb.jp2', 38, 1, '2009-10-17', ' ', 'images_indsprings1017_125_rgb.jp2', 5),
(1031, '20091017_casagrande_250_cir.jp2', 57, 2, '2009-10-17', ' ', 'images_20091017_casagrande_250_cir.jp2', 2),
(1032, '20091017_casagrande_250_ndvi.jp2', 57, 3, '2009-10-17', ' ', 'images_20091017_casagrande_250_ndvi.jp2', 2),
(1033, '20091017_casagrande_250_ndvihd.jp2', 57, 5, '2009-10-17', ' ', 'images_20091017_casagrande_250_ndvihd.jp2', 2),
(1034, '20091017_casagrande_250_rgb.jp2', 57, 1, '2009-10-17', ' ', 'images_20091017_casagrande_250_rgb.jp2', 2),
(1035, '20091017_heritagepalms_125_cir.jp2', 41, 2, '2009-10-17', ' ', 'images_20091017_heritagepalms_125_cir.jp2', 7),
(1036, '20091017_heritagepalms_125_ndvi.jp2', 41, 3, '2009-10-17', ' ', 'images_20091017_heritagepalms_125_ndvi.jp2', 7),
(1037, '20091017_heritagepalms_125_ndvihd.jp2', 41, 5, '2009-10-17', ' ', 'images_20091017_heritagepalms_125_ndvihd.jp2', 7),
(1038, '20091017_heritagepalms_125_rgb.jp2', 41, 1, '2009-10-17', ' ', 'images_20091017_heritagepalms_125_rgb.jp2', 7),
(1039, '20091017_cvwdrechargeck_125_cir.jp2', 63, 2, '2009-10-17', ' ', 'images_20091017_cvwdrechargeck_125_cir.jp2', 12),
(1040, '20091017_cvwdrechargeck_125_ndvi.jp2', 63, 3, '2009-10-17', ' ', 'images_20091017_cvwdrechargeck_125_ndvi.jp2', 12),
(1041, '20091017_cvwdrechargeck_125_ndvihd.jp2', 63, 5, '2009-10-17', ' ', 'images_20091017_cvwdrechargeck_125_ndvihd.jp2', 12),
(1042, '20091017_cvwdrechargeck_125_rgb.jp2', 63, 1, '2009-10-17', ' ', 'images_20091017_cvwdrechargeck_125_rgb.jp2', 12),
(1043, '20091017_mardesgolf_125_cir.jp2', 64, 2, '2009-10-17', ' ', 'images_20091017_mardesgolf_125_cir.jp2', 13),
(1044, '20091017_mardesgolf_125_ndvi.jp2', 64, 3, '2009-10-17', ' ', 'images_20091017_mardesgolf_125_ndvi.jp2', 13),
(1045, '20091017_mardesgolf_125_ndvihd.jp2', 64, 5, '2009-10-17', ' ', 'images_20091017_mardesgolf_125_ndvihd.jp2', 13),
(1046, '20091017_mardesgolf_125_rgb.jp2', 64, 1, '2009-10-17', ' ', 'images_20091017_mardesgolf_125_rgb.jp2', 13),
(1047, '20091017_marrangolf_125_cir.jp2', 69, 2, '2009-10-17', ' ', 'images_20091017_marrangolf_125_cir.jp2', 13),
(1048, '20091017_marrangolf_125_ndvi.jp2', 69, 3, '2009-10-17', ' ', 'images_20091017_marrangolf_125_ndvi.jp2', 13),
(1049, '20091017_marrangolf_125_ndvihd.jp2', 69, 5, '2009-10-17', ' ', 'images_20091017_marrangolf_125_ndvihd.jp2', 13),
(1050, '20091017_marrangolf_125_rgb.jp2', 69, 1, '2009-10-17', ' ', 'images_20091017_marrangolf_125_rgb.jp2', 13),
(1051, '20091017_laquintadunes_125_cir.jp2', 67, 2, '2009-10-17', ' ', 'images_20091017_laquintadunes_125_cir.jp2', 8),
(1052, '20091017_laquintadunes_125_ndvi.jp2', 67, 3, '2009-10-17', ' ', 'images_20091017_laquintadunes_125_ndvi.jp2', 8),
(1053, '20091017_laquintadunes_125_ndvihd.jp2', 66, 5, '2009-10-17', ' ', 'images_20091017_laquintadunes_125_ndvihd.jp2', 8),
(1054, '20091017_laquintadunes_125_rgb.jp2', 67, 1, '2009-10-17', ' ', 'images_20091017_laquintadunes_125_rgb.jp2', 8),
(1055, '20091017_laquintacc_125_cir.jp2', 66, 2, '2009-10-17', ' ', 'images_20091017_laquintacc_125_cir.jp2', 8),
(1056, '20091017_laquintacc_125_ndvi.jp2', 66, 3, '2009-10-17', ' ', 'images_20091017_laquintacc_125_ndvi.jp2', 8),
(1057, '20091017_laquintacc_125_ndvihd.jp2', 66, 5, '2009-10-17', ' ', 'images_20091017_laquintacc_125_ndvihd.jp2', 8),
(1058, '20091017_laquintacc_125_rgb.jp2', 66, 1, '2009-10-17', ' ', 'images_20091017_laquintacc_125_rgb.jp2', 8),
(1059, 'test1_out.jp2', 8, 1, '2009-01-02', ' ', 'images_test1_out.jp2', 2),
(1060, '20091031_sharps_rgb_test.jp2', 56, 1, '2009-02-01', ' ', 'images_20091031_sharps_rgb_test.jp2', 2),
(1061, '20091031_arp35-5,35-6_250_cir.jp2', 57, 2, '2009-10-31', ' ', 'images_20091031_arp35-5,35-6_250_cir.jp2', 2),
(1062, '20091031_arp35-5,35-6_250_ndvi.jp2', 57, 3, '2009-10-31', ' ', 'images_20091031_arp35-5,35-6_250_ndvi.jp2', 2),
(1063, '20091031_arp35-5,35-6_250_ndvihd.jp2', 57, 5, '2009-10-31', ' ', 'images_20091031_arp35-5,35-6_250_ndvi.jp2', 2),
(1064, '20091031_arp35-5,35-6_250_rgb.jp2', 57, 1, '2009-10-31', ' ', 'images_20091031_arp35-5,35-6_250_rgb.jp2', 2),
(1065, '20091031_Bensen467A-2ndTry_Guest_250_cir.jp2', 71, 2, '2009-10-31', ' ', 'images_20091031_Bensen467A-2ndTry_Guest_250_cir.jp2', 2),
(1066, '20091031_Bensen467A-2ndTry_Guest_250_ndvi.jp2', 71, 3, '2009-10-31', ' ', 'images_20091031_Bensen467A-2ndTry_Guest_250_ndvi.jp2', 2),
(1067, '20091031_Bensen467A-2ndTry_Guest_250_ndvihd.jp2', 71, 5, '2009-10-31', ' ', 'images_20091031_Bensen467A-2ndTry_Guest_250_ndvihd.jp2', 2),
(1068, '20091031_Bensen467A-2ndTry_Guest_250_rgb.jp2', 71, 1, '2009-10-31', ' ', 'images_20091031_Bensen467A-2ndTry_Guest_250_rgb.jp2', 2),
(1069, '20091031_DosPalmMit-demo_CVWD_125_cir.jp2', 73, 2, '2009-10-31', ' ', 'images_20091031_DosPalmMit-demo_CVWD_125_cir.jp2', 12),
(1070, '20091031_DosPalmMit-demo_CVWD_125_ndvi.jp2', 73, 3, '2009-10-31', ' ', 'images_20091031_DosPalmMit-demo_CVWD_125_ndvi.jp2', 12),
(1071, '20091031_DosPalmMit-demo_CVWD_125_ndvihd.jp2', 73, 5, '2009-10-31', ' ', 'images_20091031_DosPalmMit-demo_CVWD_125_ndvihd.jp2', 12),
(1072, '20091031_DosPalmMit-demo_CVWD_125_rgb.jp2', 73, 1, '2009-10-31', ' ', 'images_20091031_DosPalmMit-demo_CVWD_125_rgb.jp2', 12),
(1073, '20091031_MarshLandRec_IID_250_cir.jp2', 62, 2, '2009-10-31', ' ', 'images_20091031_MarshLandRec_IID_250_cir.jp2', 11),
(1074, '20091031_MarshLandRec_IID_250_ndvi.jp2', 62, 3, '2009-10-31', ' ', 'images_20091031_MarshLandRec_IID_250_ndvi.jp2', 11),
(1075, '20091031_MarshLandRec_IID_250_ndvihd.jp2', 62, 5, '2009-10-31', ' ', 'images_20091031_MarshLandRec_IID_250_ndvihd.jp2', 11),
(1076, '20091031_MarshLandRec_IID_250_rgb.jp2', 62, 1, '2009-10-31', ' ', 'images_20091031_MarshLandRec_IID_250_rgb.jp2', 11),
(1077, '20091031_OsageCit_Guest_250_cir.jp2', 60, 2, '2009-10-31', ' ', 'images_20091031_OsageCit_Guest_250_cir.jp2', 2),
(1078, '20091031_OsageCit_Guest_250_ndvi.jp2', 60, 3, '2009-10-31', ' ', 'images_20091031_OsageCit_Guest_250_ndvi.jp2', 2),
(1079, '20091031_OsageCit_Guest_250_ndvihd.jp2', 60, 5, '2009-10-31', ' ', 'images_20091031_OsageCit_Guest_250_ndvihd.jp2', 2),
(1080, '20091031_OsageCit_Guest_250_rgb.jp2', 60, 1, '2009-10-31', ' ', 'images_20091031_OsageCit_Guest_250_rgb.jp2', 2),
(1081, '20091031_Sharps103-104_Guest_250_cir.jp2', 56, 2, '2009-10-31', ' ', 'images_20091031_Sharps103-104_Guest_250_cir.jp2', 15),
(1082, '20091031_Sharps103-104_Guest_250_ndvi.jp2', 56, 3, '2009-10-31', ' ', 'images_20091031_Sharps103-104_Guest_250_ndvi.jp2', 15),
(1083, '20091031_Sharps103-104_Guest_250_ndvihd.jp2', 56, 5, '2009-10-31', ' ', 'images_20091031_Sharps103-104_Guest_250_ndvihd.jp2', 15),
(1084, '20091031_Sharps103-104_Guest_250_rgb.jp2', 56, 1, '2009-10-31', ' ', 'images_20091031_Sharps103-104_Guest_250_rgb.jp2', 15),
(1086, '20091017_osagecit_guest_250_cir.jp2', 60, 2, '2009-10-17', ' ', 'images_20091017_osagecit_guest_250_cir.jp2', 2),
(1087, '20091017_osagecit_guest_250_ndvi.jp2', 60, 3, '2009-10-17', ' ', 'images_20091017_osagecit_guest_250_ndvi.jp2', 2),
(1088, '20091017_osagecit_guest_250_ndvihd.jp2', 60, 5, '2009-10-17', ' ', 'images_20091017_osagecit_guest_250_ndvihd.jp2', 2),
(1089, '20091017_osagecit_guest_250_rgb.jp2', 60, 1, '2009-10-17', ' ', 'images_20091017_osagecit_guest_250_rgb.jp2', 2),
(1090, '20091031_dospalmamit_cvwd_63_cir.jp2', 74, 2, '2009-10-31', ' ', 'images_20091031_dospalmamit_cvwd_63_cir.jp2', 12),
(1091, '20091031_dospalmamit_cvwd_63_ndvi.jp2', 74, 3, '2009-10-31', ' ', 'images_20091031_dospalmamit_cvwd_63_ndvi.jp2', 12),
(1092, '20091031_dospalmamit_cvwd_63_ndvihd.jp2', 74, 5, '2009-10-31', ' ', 'images_20091031_dospalmamit_cvwd_63_ndvihd.jp2', 12),
(1093, '20091031_dospalmamit_cvwd_63_rgb.jp2', 74, 1, '2009-10-31', ' ', 'images_20091031_dospalmamit_cvwd_63_rgb.jp2', 12),
(1094, 'branden2_demo_125_cir.ecw', 75, 2, '2009-11-01', ' ', 'images_branden2_demo_125_cir.ecw', 14),
(1095, 'branden2_demo_125_ndvi.ecw', 75, 3, '2009-11-01', ' ', 'images_branden2_demo_125_ndvi.ecw', 14),
(1096, 'branden2_demo_125_ndvihd.ecw', 75, 5, '2009-11-01', ' ', 'images_branden2_demo_125_ndvihd.ecw', 14),
(1097, 'branden2_demo_125_rgb.ecw', 75, 1, '2009-11-01', ' ', 'images_branden2_demo_125_rgb.ecw', 14),
(1098, '20091031_heritagepalms_heritagepalms_125_cir.jp2', 41, 2, '2009-10-31', ' ', 'images_20091031_heritagepalms_heritagepalms_125_cir.jp2', 7),
(1099, '20091031_heritagepalms_heritagepalms_125_ndvi.jp2', 41, 3, '2009-10-31', ' ', 'images_20091031_heritagepalms_heritagepalms_125_ndvi.jp2', 7),
(1100, '20091031_heritagepalms_heritagepalms_125_ndvihd.jp2', 41, 5, '2009-10-31', ' ', 'images_20091031_heritagepalms_heritagepalms_125_ndvihd.jp2', 7),
(1101, '20091031_heritagepalms_heritagepalms_125_rgb.jp2', 41, 1, '2009-10-31', ' ', 'images_20091031_heritagepalms_heritagepalms_125_rgb.jp2', 7),
(1102, '20091031_indiansprings_indiansprings_125_cir.jp2', 38, 2, '2009-10-31', ' ', 'images_20091031_indiansprings_indiansprings_125_cir.jp2', 5),
(1103, '20091031_indiansprings_indiansprings_125_ndvi.jp2', 38, 3, '2009-10-31', ' ', 'images_20091031_indiansprings_indiansprings_125_ndvi.jp2', 5),
(1104, '20091031_indiansprings_indiansprings_125_ndvihd.jp2', 38, 5, '2009-10-31', ' ', 'images_20091031_indiansprings_indiansprings_125_ndvihd.jp2', 5),
(1105, '20091031_indiansprings_indiansprings_125_rgb.jp2', 38, 1, '2009-10-31', ' ', 'images_20091031_indiansprings_indiansprings_125_rgb.jp2', 5),
(1106, '20091031_marriotdesert_marriot_125_cir.jp2', 64, 2, '2009-10-31', ' ', 'images_20091031_marriotdesert_marriot_125_cir.jp2', 13),
(1107, '20091031_marriotdesert_marriot_125_ndvi.jp2', 64, 3, '2009-10-31', ' ', 'images_20091031_marriotdesert_marriot_125_ndvi.jp2', 13),
(1108, '20091031_marriotdesert_marriot_125_ndvihd.jp2', 64, 5, '2009-10-31', ' ', 'images_20091031_marriotdesert_marriot_125_ndvihd.jp2', 13),
(1109, '20091031_marriotdesert_marriot_125_rgb.jp2', 64, 1, '2009-10-31', ' ', 'images_20091031_marriotdesert_marriot_125_rgb.jp2', 13),
(1110, '20091031_marriotrancho_marriot_125_cir.jp2', 69, 2, '2009-10-31', ' ', 'images_20091031_marriotrancho_marriot_125_cir.jp2', 13),
(1111, '20091031_marriotshadow_marriot_125_cir.jp2', 65, 2, '2009-10-31', ' ', 'images_20091031_marriotshadow_marriot_125_cir.jp2', 13),
(1112, '20091031_marriotrancho_marriot_125_ndvi.jp2', 69, 3, '2009-10-31', ' ', 'images_20091031_marriotrancho_marriot_125_ndvi.jp2', 13),
(1113, '20091031_marriotshadow_marriot_125_ndvi.jp2', 65, 3, '2009-10-31', ' ', 'images_20091031_marriotshadow_marriot_125_ndvi.jp2', 13),
(1114, '20091031_marriotrancho_marriot_125_ndvihd.jp2', 69, 5, '2009-10-31', ' ', 'images_20091031_marriotrancho_marriot_125_ndvihd.jp2', 13),
(1115, '20091031_marriotshadow_marriot_125_ndvihd.jp2', 65, 5, '2009-10-31', ' ', 'images_20091031_marriotshadow_marriot_125_ndvihd.jp2', 13),
(1116, '20091031_marriotrancho_marriot_125_rgb.jp2', 69, 1, '2009-10-31', ' ', 'images_20091031_marriotrancho_marriot_125_rgb.jp2', 13),
(1117, '20091031_marriotshadow_marriot_125_rgb.jp2', 65, 1, '2009-10-31', ' ', 'images_20091031_marriotshadow_marriot_125_rgb.jp2', 13),
(1118, 'laquintamountain_125_cir.jp2', 68, 2, '2009-10-17', ' ', 'images_laquintamountain_125_cir.jp2', 8),
(1119, 'laquintamountain_125_ndvi.jp2', 68, 3, '2009-10-17', ' ', 'images_laquintamountain_125_ndvi.jp2', 8),
(1120, 'laquintamountain_125_ndvihd.jp2', 68, 5, '2009-10-17', ' ', 'images_laquintamountain_125_ndvihd.jp2', 8),
(1121, 'laquintamountain_125_rgb.jp2', 68, 1, '2009-10-17', ' ', 'images_laquintamountain_125_rgb.jp2', 8),
(1122, '20091017_marriotshadow_marriot_125_cir.jp2', 65, 2, '2009-10-17', ' ', 'images_20091017_marriotshadow_marriot_125_cir.jp2', 13),
(1123, '20091017_marriotshadow_marriot_125_ndvi.jp2', 65, 3, '2009-10-17', ' ', 'images_20091017_marriotshadow_marriot_125_ndvi.jp2', 13),
(1124, '20091017_marriotshadow_marriot_125_ndvihd.jp2', 65, 5, '2009-10-17', ' ', 'images_20091017_marriotshadow_marriot_125_ndvihd.jp2', 13),
(1125, '20091017_marriotshadow_marriot_125_rgb.jp2', 65, 1, '2009-10-17', ' ', 'images_20091017_marriotshadow_marriot_125_rgb.jp2', 13),
(1126, '2009912_heritagepalms_heritagepalms_125_cir.jp2', 41, 2, '2009-09-12', ' ', 'images_2009912_heritagepalms_heritagepalms_125_cir.jp2', 7),
(1127, '2009912_heritagepalms_heritagepalms_125_ndvi.jp2', 41, 3, '2009-09-12', ' ', 'images_2009912_heritagepalms_heritagepalms_125_ndvi.jp2', 7),
(1128, '2009912_heritagepalms_heritagepalms_125_ndvihd.jp2', 41, 5, '2009-09-12', ' ', 'images_2009912_heritagepalms_heritagepalms_125_ndvihd.jp2', 7),
(1129, '2009912_heritagepalms_heritagepalms_125_rgb.jp2', 41, 1, '2009-09-12', ' ', 'images_2009912_heritagepalms_heritagepalms_125_rgb.jp2', 7),
(1130, '20091121_alkalinr1_akalin_125_cir.jp2', 76, 2, '2009-11-21', ' ', 'images_20091121_alkalinr1_akalin_125_cir.jp2', 17),
(1131, '20091121_alkalinr1_akalin_125_ndvi.jp2', 76, 3, '2009-11-21', ' ', 'images_20091121_alkalinr1_akalin_125_ndvi.jp2', 17),
(1132, '20091121_alkalinr1_akalin_125_ndvihd.jp2', 76, 5, '2009-11-21', ' ', 'images_20091121_alkalinr1_akalin_125_ndvihd.jp2', 17),
(1133, '20091121_alkalinr1_akalin_125_rgb.jp2', 76, 1, '2009-11-21', ' ', 'images_20091121_alkalinr1_akalin_125_rgb.jp2', 17),
(1134, '20091121_bensentam222_aronq_125_cir.jp2', 77, 2, '2009-11-21', ' ', 'images_20091121_bensentam222_aronq_125_cir.jp2', 15),
(1135, '20091121_bensentam222_aronq_125_ndvi.jp2', 77, 3, '2009-11-21', ' ', 'images_20091121_bensentam222_aronq_125_ndvi.jp2', 15),
(1136, '20091121_bensentam222_aronq_125_ndvihd.jp2', 77, 5, '2009-11-21', ' ', 'images_20091121_bensentam222_aronq_125_ndvihd.jp2', 15),
(1137, '20091121_bensentam222_aronq_125_rgb.jp2', 77, 1, '2009-11-21', ' ', 'images_20091121_bensentam222_aronq_125_rgb.jp2', 15),
(1138, '20091121_marshlandrec_iid_250_cir.jp2', 62, 2, '2009-11-21', ' ', 'images_20091121_marshlandrec_iid_250_cir.jp2', 11),
(1139, '20091121_marshlandrec_iid_250_ndvi.jp2', 62, 3, '2009-11-21', ' ', 'images_20091121_marshlandrec_iid_250_ndvi.jp2', 11),
(1140, '20091121_marshlandrec_iid_250_ndvihd.jp2', 62, 5, '2009-11-21', ' ', 'images_20091121_marshlandrec_iid_250_ndvihd.jp2', 11),
(1141, '20091121_marshlandrec_iid_250_rgb.jp2', 62, 1, '2009-11-21', ' ', 'images_20091121_marshlandrec_iid_250_rgb.jp2', 11),
(1142, '20091121_rucker1_guest_125_cir.jp2', 5, 2, '2009-11-21', ' ', 'images_20091121_rucker1_guest_125_cir.jp2', 2),
(1143, '20091121_rucker1_guest_125_ndvi.jp2', 5, 3, '2009-11-21', ' ', 'images_20091121_rucker1_guest_125_ndvi.jp2', 2),
(1144, '20091121_rucker1_guest_125_ndvihd.jp2', 5, 5, '2009-11-21', ' ', 'images_20091121_rucker1_guest_125_ndvihd.jp2', 2),
(1145, '20091121_rucker1_guest_125_rgb.jp2', 5, 1, '2009-11-21', ' ', 'images_20091121_rucker1_guest_125_rgb.jp2', 2),
(1146, '20091121_brandenberg2_guest_125_rgb.jp2', 37, 1, '2009-11-21', ' ', 'images_20091121_brandenberg2_guest_125_rgb.jp2', 2),
(1147, '20091121_brandenberg2_guest_125_ndvihd.jp2', 37, 5, '2009-11-21', ' ', 'images_20091121_brandenberg2_guest_125_ndvihd.jp2', 2),
(1148, '20091121_brandenberg2_guest_125_ndvi.jp2', 37, 3, '2009-11-21', ' ', 'images_20091121_brandenberg2_guest_125_ndvi.jp2', 2),
(1149, '20091121_brandenberg2_guest_125_cir.jp2', 37, 2, '2009-11-21', ' ', 'images_20091121_brandenberg2_guest_125_cir.jp2', 2),
(1150, '20091121_dospalmmit-10in-demo_cvwd_250_cir.jp2', 70, 2, '2009-11-21', ' ', 'images_20091121_dospalmmit-10in-demo_cvwd_250_cir.jp2', 12),
(1151, '20091121_dospalmmit-10in-demo_cvwd_250_rgb.jp2', 70, 1, '2009-11-21', ' ', 'images_20091121_dospalmmit-10in-demo_cvwd_250_rgb.jp2', 12),
(1152, '20091121_dospalmmit-10in-demo_cvwd_250_ndvihd.jp2', 70, 5, '2009-11-21', ' ', 'images_20091121_dospalmmit-10in-demo_cvwd_250_ndvihd.jp2', 12),
(1153, '20091121_dospalmmit-10in-demo_cvwd_250_cir.jp2', 70, 2, '2009-11-21', ' ', 'images_20091121_dospalmmit-10in-demo_cvwd_250_cir.jp2', 12),
(1154, '20091121_audubonsitetri_akalin_125_ndvihd.jp2', 78, 5, '2009-11-21', ' ', 'images_20091121_audubonsitetri_akalin_125_ndvihd.jp2', 17),
(1155, '20091121_audubonsitetri_akalin_125_ndvi.jp2', 78, 3, '2009-11-21', ' ', 'images_20091121_audubonsitetri_akalin_125_ndvi.jp2', 17),
(1156, '20091121_audubonsitetri_akalin_125_rgb.jp2', 78, 1, '2009-11-21', ' ', 'images_20091121_audubonsitetri_akalin_125_rgb.jp2', 17),
(1157, '20091121_audubonsitetri_akalin_125_cir.jp2', 78, 2, '2009-11-21', ' ', 'images_20091121_audubonsitetri_akalin_125_cir.jp2', 17),
(1158, '20091121_osterkampred94_guest_250_cir.jp2', 79, 2, '2009-11-21', ' ', 'images_20091121_osterkampred94_guest_250_cir.jp2', 16),
(1159, '20091121_osterkampred94_guest_250_ndvi.jp2', 79, 3, '2009-11-21', ' ', 'images_20091121_osterkampred94_guest_250_ndvi.jp2', 16),
(1160, '20091121_osterkampred94_guest_250_ndvihd.jp2', 79, 5, '2009-11-21', ' ', 'images_20091121_osterkampred94_guest_250_ndvihd.jp2', 16),
(1161, '20091121_osterkampred94_guest_250_rgb.jp2', 79, 1, '2009-11-21', ' ', 'images_20091121_osterkampred94_guest_250_rgb.jp2', 16),
(1162, '20091204_kalinr1_akalin_250_change.jp2', 76, 6, '2009-12-04', ' ', 'images_20091204_kalinr1_akalin_250_change.jp2', 17),
(1163, '20091204_kalinr1_akalin_250_cir.jp2', 76, 2, '2009-12-04', ' ', 'images_20091204_kalinr1_akalin_250_cir.jp2', 17),
(1164, '20091204_kalinr1_akalin_250_color.jp2', 76, 7, '2009-12-04', ' ', 'images_20091204_kalinr1_akalin_250_color.jp2', 17),
(1165, '20091204_kalinr1_akalin_250_ndvi.jp2', 76, 3, '2009-12-04', ' ', 'images_20091204_kalinr1_akalin_250_ndvi.jp2', 17),
(1166, '20091204_kalinr1_akalin_250_ndvihd.jp2', 76, 5, '2009-12-04', ' ', 'images_20091204_kalinr1_akalin_250_ndvihd.jp2', 17),
(1167, '20091204_kalinr1_akalin_250_rgb.jp2', 76, 1, '2009-12-04', ' ', 'images_20091204_kalinr1_akalin_250_rgb.jp2', 17),
(1168, '20091204_roselle7_guest_250_cir.jp2', 80, 2, '2009-12-04', ' ', 'images_20091204_roselle7_guest_250_cir.jp2', 20),
(1169, '20091204_roselle7_guest_250_color.jp2', 80, 7, '2009-12-04', ' ', 'images_20091204_roselle7_guest_250_color.jp2', 20),
(1170, '20091204_roselle7_guest_250_ndvi.jp2', 80, 3, '2009-12-04', ' ', 'images_20091204_roselle7_guest_250_ndvi.jp2', 20),
(1171, '20091204_roselle7_guest_250_ndvihd.jp2', 80, 5, '2009-12-04', ' ', 'images_20091204_roselle7_guest_250_ndvihd.jp2', 20),
(1172, '20091204_roselle7_guest_250_rgb.jp2', 80, 1, '2009-12-04', ' ', 'images_20091204_roselle7_guest_250_rgb.jp2', 20),
(1187, '20091204_benTam222-02_aronq_250_change.jp2', 77, 6, '2009-12-04', ' ', 'images_20091204_benTam222-02_aronq_250_change.jp2', 15),
(1188, '20091204_benTam222-02_aronq_250_cir.jp2', 77, 2, '2009-12-04', ' ', 'images_20091204_benTam222-02_aronq_250_cir.jp2', 15),
(1189, '20091204_benTam222-02_aronq_250_color.jp2', 77, 7, '2009-12-04', ' ', 'images_20091204_benTam222-02_aronq_250_color.jp2', 15),
(1190, '20091204_benTam222-02_aronq_250_fpar.jp2', 77, 8, '2009-12-04', ' ', 'images_20091204_benTam222-02_aronq_250_fpar.jp2', 15),
(1191, '20091204_benTam222-02_aronq_250_ndvi.jp2', 77, 3, '2009-12-04', ' ', 'images_20091204_benTam222-02_aronq_250_ndvi.jp2', 15),
(1192, '20091204_benTam222-02_aronq_250_ndvihd.jp2', 77, 5, '2009-12-04', ' ', 'images_20091204_benTam222-02_aronq_250_ndvihd.jp2', 15),
(1193, '20091204_benTam222-02_aronq_250_rgb.jp2', 77, 1, '2009-12-04', ' ', 'images_20091204_benTam222-02_aronq_250_rgb.jp2', 15),
(1194, '20091204_bentri475-476-02_guest_250_ndvihd.jp2', 71, 5, '2009-12-04', ' ', 'images_20091204_bentri475-476-02_guest_250_ndvihd.jp2', 2),
(1195, '20091204_bentri475-476-02_guest_250_ndvi.jp2', 71, 3, '2009-12-04', ' ', 'images_20091204_bentri475-476-02_guest_250_ndvi.jp2', 2),
(1196, '20091204_bentri475-476-02_guest_250_color.jp2', 71, 7, '2009-12-04', ' ', 'images_20091204_bentri475-476-02_guest_250_color.jp2', 2),
(1197, '20091204_bentri475-476-02_guest_250_fpar.jp2', 71, 8, '2009-12-04', ' ', 'images_20091204_bentri475-476-02_guest_250_fpar.jp2', 2),
(1198, '20091204_bentri475-476-02_guest_250_change.jp2', 71, 6, '2009-12-04', ' ', 'images_20091204_bentri475-476-02_guest_250_change.jp2', 2),
(1199, '20091204_bentri475-476-02_guest_250_cir.jp2', 71, 2, '2009-12-04', ' ', 'images_20091204_bentri475-476-02_guest_250_cir.jp2', 2),
(1200, '20091204_bentri475-476-02_guest_250_rgb.jp2', 71, 1, '2009-12-04', ' ', 'images_20091204_bentri475-476-02_guest_250_rgb.jp2', 2),
(1201, '20091204_ind-her-golf_indiansprings_125_cir.jp2', 38, 2, '2009-12-04', ' ', 'images_20091204_ind-her-golf_indiansprings_125_cir.jp2', 5),
(1202, '20091204_ind-her-golf_indiansprings_125_ndvi.jp2', 38, 3, '2009-12-04', ' ', 'images_20091204_ind-her-golf_indiansprings_125_ndvi.jp2', 5),
(1203, '20091204_ind-her-golf_indiansprings_125_ndvihd.jp2', 38, 5, '2009-12-04', ' ', 'images_20091204_ind-her-golf_indiansprings_125_ndvihd.jp2', 5),
(1204, '20091204_ind-her-golf_indiansprings_125_rgb.jp2', 38, 1, '2009-12-04', ' ', 'images_20091204_ind-her-golf_indiansprings_125_rgb.jp2', 5),
(1205, '20091204_marriotdesert_marriot_125_cir.jp2', 64, 2, '2009-12-04', ' ', 'images_20091204_marriotdesert_marriot_125_cir.jp2', 13),
(1206, '20091204_marriotdesert_marriot_125_ndvi.jp2', 64, 3, '2009-12-04', ' ', 'images_20091204_marriotdesert_marriot_125_ndvi.jp2', 13),
(1207, '20091204_marriotdesert_marriot_125_ndvihd.jp2', 64, 5, '2009-12-04', ' ', 'images_20091204_marriotdesert_marriot_125_ndvihd.jp2', 13),
(1208, '20091204_marriotdesert_marriot_125_rgb.jp2', 64, 1, '2009-12-04', ' ', 'images_20091204_marriotdesert_marriot_125_rgb.jp2', 13),
(1209, '20091204_marriotrancho_marriot_125_cir.jp2', 69, 2, '2009-12-04', ' ', 'images_20091204_marriotrancho_marriot_125_cir.jp2', 13);
INSERT INTO `beiapp_image` (`id`, `name`, `property_id`, `imgtype_id`, `capture_date`, `description`, `layer`, `user_id`) VALUES
(1210, '20091204_marriotrancho_marriot_125_ndvi.jp2', 69, 3, '2009-12-04', ' ', 'images_20091204_marriotrancho_marriot_125_ndvi.jp2', 13),
(1211, '20091204_marriotrancho_marriot_125_ndvihd.jp2', 69, 5, '2009-12-04', ' ', 'images_20091204_marriotrancho_marriot_125_ndvihd.jp2', 13),
(1212, '20091204_marriotrancho_marriot_125_rgb.jp2', 69, 1, '2009-12-04', ' ', 'images_20091204_marriotrancho_marriot_125_rgb.jp2', 13),
(1213, '20091204_marriotshadow_marriot_125_cir.jp2', 65, 2, '2009-12-04', ' ', 'images_20091204_marriotshadow_marriot_125_cir.jp2', 13),
(1214, '20091204_marriotshadow_marriot_125_ndvi.jp2', 64, 3, '2009-12-04', ' ', 'images_20091204_marriotshadow_marriot_125_ndvi.jp2', 13),
(1215, '20091204_marriotshadow_marriot_125_ndvihd.jp2', 65, 5, '2009-12-04', ' ', 'images_20091204_marriotshadow_marriot_125_ndvihd.jp2', 13),
(1216, '20091204_marriotshadow_marriot_125_rgb.jp2', 65, 1, '2009-12-04', ' ', 'images_20091204_marriotshadow_marriot_125_rgb.jp2', 13),
(1217, '20091204_sharps103-104_guest_250_cir.jp2', 56, 2, '2009-12-04', ' ', 'images_20091204_sharps103-104_guest_250_cir.jp2', 2),
(1218, '20091204_sharps103-104_guest_250_ndvi.jp2', 56, 3, '2009-12-04', ' ', 'images_20091204_sharps103-104_guest_250_ndvi.jp2', 2),
(1219, '20091204_sharps103-104_guest_250_ndvihd.jp2', 56, 5, '2009-12-04', ' ', 'images_20091204_sharps103-104_guest_250_ndvihd.jp2', 2),
(1220, '20091204_sharps103-104_guest_250_rgb.jp2', 56, 1, '2009-12-04', ' ', 'images_20091204_sharps103-104_guest_250_rgb.jp2', 2),
(1221, '20091218_kalinr1_akalin_250_change.jp2', 76, 6, '2009-12-18', ' ', 'images_20091218_kalinr1_akalin_250_change.jp2', 17),
(1222, '20091218_kalinr1_akalin_250_cir.jp2', 76, 2, '2009-12-18', ' ', 'images_20091218_kalinr1_akalin_250_cir.jp2', 17),
(1223, '20091218_kalinr1_akalin_250_color.jp2', 76, 7, '2009-12-18', ' ', 'images_20091218_kalinr1_akalin_250_color.jp2', 17),
(1224, '20091218_kalinr1_akalin_250_fpar.jp2', 76, 8, '2009-12-18', ' ', 'images_20091218_kalinr1_akalin_250_fpar.jp2', 17),
(1225, '20091218_kalinr1_akalin_250_ndvi.jp2', 76, 3, '2009-12-18', ' ', 'images_20091218_kalinr1_akalin_250_ndvi.jp2', 17),
(1226, '20091218_kalinr1_akalin_250_ndvihd.jp2', 76, 5, '2009-12-18', ' ', 'images_20091218_kalinr1_akalin_250_ndvihd.jp2', 17),
(1227, '20091218_kalinr1_akalin_250_rgb.jp2', 76, 1, '2009-12-18', ' ', 'images_20091218_kalinr1_akalin_250_rgb.jp2', 17),
(1228, '20091218_redwood90e_osterkamp_250_cir.jp2', 81, 2, '2009-12-18', ' ', 'images_20091218_redwood90e_osterkamp_250_cir.jp2', 16),
(1229, '20091218_redwood90e_osterkamp_250_color.jp2', 81, 7, '2009-12-18', ' ', 'images_20091218_redwood90e_osterkamp_250_color.jp2', 16),
(1230, '20091218_redwood90e_osterkamp_250_ndvi.jp2', 81, 3, '2009-12-18', ' ', 'images_20091218_redwood90e_osterkamp_250_ndvi.jp2', 16),
(1231, '20091218_redwood90e_osterkamp_250_ndvihd.jp2', 81, 5, '2009-12-18', ' ', 'images_20091218_redwood90e_osterkamp_250_ndvihd.jp2', 16),
(1232, '20091218_redwood90e_osterkamp_250_rgb.jp2', 81, 1, '2009-12-18', ' ', 'images_20091218_redwood90e_osterkamp_250_rgb.jp2', 16),
(1233, '20091218_roselle7_guest_250_change.jp2', 80, 6, '2009-12-18', ' ', 'images_20091218_roselle7_guest_250_change.jp2', 20),
(1234, '20091218_roselle7_guest_250_cir.jp2', 80, 2, '2009-12-18', ' ', 'images_20091218_roselle7_guest_250_cir.jp2', 20),
(1235, '20091218_roselle7_guest_250_color.jp2', 80, 7, '2009-12-18', ' ', 'images_20091218_roselle7_guest_250_color.jp2', 20),
(1236, '20091218_roselle7_guest_250_fpar.jp2', 80, 8, '2009-12-18', ' ', 'images_20091218_roselle7_guest_250_fpar.jp2', 20),
(1237, '20091218_roselle7_guest_250_ndvi.jp2', 80, 3, '2009-12-18', ' ', 'images_20091218_roselle7_guest_250_ndvi.jp2', 20),
(1238, '20091218_roselle7_guest_250_ndvihd.jp2', 80, 5, '2009-12-18', ' ', 'images_20091218_roselle7_guest_250_ndvihd.jp2', 20),
(1239, '20091218_roselle7_guest_250_rgb.jp2', 80, 1, '2009-12-18', ' ', 'images_20091218_roselle7_guest_250_rgb.jp2', 20),
(1240, '20091218_bensentam222_aronq_250_change.jp2', 77, 6, '2009-12-18', ' ', 'images_20091218_bensentam222_aronq_250_change.jp2', 15),
(1241, '20091218_bensentam222_aronq_250_cir.jp2', 77, 2, '2009-12-18', ' ', 'images_20091218_bensentam222_aronq_250_cir.jp2', 15),
(1242, '20091218_bensentam222_aronq_250_color.jp2', 77, 7, '2009-12-18', ' ', 'images_20091218_bensentam222_aronq_250_color.jp2', 15),
(1243, '20091218_bensentam222_aronq_250_fpar.jp2', 77, 8, '2009-12-18', ' ', 'images_20091218_bensentam222_aronq_250_fpar.jp2', 15),
(1244, '20091218_bensentam222_aronq_250_ndvi.jp2', 77, 3, '2009-12-18', ' ', 'images_20091218_bensentam222_aronq_250_ndvi.jp2', 15),
(1245, '20091218_bensentam222_aronq_250_ndvihd.jp2', 77, 5, '2009-12-18', ' ', 'images_20091218_bensentam222_aronq_250_ndvihd.jp2', 15),
(1246, '20091218_bensentam222_aronq_250_rgb.jp2', 77, 1, '2009-12-18', ' ', 'images_20091218_bensentam222_aronq_250_rgb.jp2', 15),
(1247, '20091218_bentri-475-476_guest_250_change.jp2', 71, 6, '2009-12-18', ' ', 'images_20091218_bentri-475-476_guest_250_change.jp2', 2),
(1248, '20091218_bentri-475-476_guest_250_cir.jp2', 71, 2, '2009-12-18', ' ', 'images_20091218_bentri-475-476_guest_250_cir.jp2', 2),
(1249, '20091218_bentri-475-476_guest_250_color.jp2', 71, 7, '2009-12-18', ' ', 'images_20091218_bentri-475-476_guest_250_color.jp2', 2),
(1250, '20091218_bentri-475-476_guest_250_fpar.jp2', 71, 8, '2009-12-18', ' ', 'images_20091218_bentri-475-476_guest_250_fpar.jp2', 2),
(1251, '20091218_bentri-475-476_guest_250_ndvi.jp2', 71, 3, '2009-12-18', ' ', 'images_20091218_bentri-475-476_guest_250_ndvi.jp2', 2),
(1252, '20091218_bentri-475-476_guest_250_ndvihd.jp2', 71, 5, '2009-12-18', ' ', 'images_20091218_bentri-475-476_guest_250_ndvihd.jp2', 2),
(1253, '20091218_bentri-475-476_guest_250_rgb.jp2', 71, 1, '2009-12-18', ' ', 'images_20091218_bentri-475-476_guest_250_rgb.jp2', 2),
(1254, '20100116_000037_1250_0002_change_fixed.jp2', 37, 6, '2010-01-16', ' ', 'images_20100116_000037_1250_0002_change_fixed.jp2', 2),
(1255, '20100116_000037_1250_0002_cir_fixed.jp2', 37, 2, '2010-01-16', ' ', 'images_20100116_000037_1250_0002_cir_fixed.jp2', 2),
(1256, '20100116_000037_1250_0002_fpar_fixed.jp2', 37, 8, '2010-01-16', ' ', 'images_20100116_000037_1250_0002_fpar_fixed.jp2', 2),
(1257, '20100116_000037_1250_0002_ndvi_fixed.jp2', 37, 3, '2010-01-16', ' ', 'images_20100116_000037_1250_0002_ndvi_fixed.jp2', 2),
(1258, '20100116_000037_1250_0002_ndvihd_fixed.jp2', 37, 5, '2010-01-16', ' ', 'images_20100116_000037_1250_0002_ndvihd_fixed.jp2', 2),
(1259, '20100116_000037_1250_0002_rgb_fixed.jp2', 37, 1, '2010-01-16', ' ', 'images_20100116_000037_1250_0002_rgb_fixed.jp2', 2),
(1260, '20100116_000062_2500_0011_change.jp2', 62, 6, '2010-01-16', ' ', 'images_20100116_000062_2500_0011_change.jp2', 11),
(1262, '20100116_000062_2500_0011_cir.jp2', 62, 2, '2010-01-16', ' ', 'images_20100116_000062_2500_0011_cir.jp2', 11),
(1263, '20100116_000062_2500_0011_ndvi.jp2', 62, 3, '2010-01-16', ' ', 'images_20100116_000062_2500_0011_ndvi.jp2', 11),
(1264, '20100116_000062_2500_0011_ndvihd.jp2', 62, 5, '2010-01-16', ' ', 'images_20100116_000062_2500_0011_ndvihd.jp2', 11),
(1265, '20100116_000062_2500_0011_rgb.jp2', 62, 1, '2010-01-16', ' ', 'images_20100116_000062_2500_0011_rgb.jp2', 11),
(1266, '20100116_000076_2500_0017_Change.jp2', 76, 6, '2010-01-16', ' ', 'images_20100116_000076_2500_0017_Change.jp2', 17),
(1267, '20100116_000076_2500_0017_Cir.jp2', 76, 2, '2010-01-16', ' ', 'images_20100116_000076_2500_0017_Cir.jp2', 17),
(1268, '20100116_000076_2500_0017_Color.jp2', 76, 7, '2010-01-16', ' ', 'images_20100116_000076_2500_0017_Color.jp2', 17),
(1269, '20100116_000076_2500_0017_Fpar.jp2', 76, 8, '2010-01-16', ' ', 'images_20100116_000076_2500_0017_Fpar.jp2', 17),
(1270, '20100116_000076_2500_0017_Ndvi.jp2', 76, 3, '2010-01-16', ' ', 'images_20100116_000076_2500_0017_Ndvi.jp2', 17),
(1271, '20100116_000076_2500_0017_Ndvihd.jp2', 76, 5, '2010-01-16', ' ', 'images_20100116_000076_2500_0017_Ndvihd.jp2', 17),
(1272, '20100116_000076_2500_0017_RGB.jp2', 76, 1, '2010-01-16', ' ', 'images_20100116_000076_2500_0017_RGB.jp2', 17),
(1273, '20100116_000082_2500_0002_cir.jp2', 82, 2, '2010-01-16', ' ', 'images_20100116_000082_2500_0002_cir.jp2', 2),
(1274, '20100116_000082_2500_0002_fpar.jp2', 82, 8, '2010-01-16', ' ', 'images_20100116_000082_2500_0002_fpar.jp2', 2),
(1275, '20100116_000082_2500_0002_ndvi.jp2', 82, 3, '2010-01-16', ' ', 'images_20100116_000082_2500_0002_ndvi.jp2', 2),
(1276, '20100116_000082_2500_0002_ndvihd.jp2', 82, 5, '2010-01-16', ' ', 'images_20100116_000082_2500_0002_ndvihd.jp2', 2),
(1277, '20100116_000082_2500_0002_rgb.jp2', 82, 1, '2010-01-16', ' ', 'images_20100116_000082_2500_0002_rgb.jp2', 2),
(1278, '20100116_000081_2500_0016_change.jp2', 81, 6, '2010-01-16', ' ', 'images_20100116_000081_2500_0016_change.jp2', 16),
(1279, '20100116_000081_2500_0016_cir.jp2', 81, 2, '2010-01-16', ' ', 'images_20100116_000081_2500_0016_cir.jp2', 16),
(1280, '20100116_000081_2500_0016_color.jp2', 81, 7, '2010-01-16', ' ', 'images_20100116_000081_2500_0016_color.jp2', 16),
(1281, '20100116_000081_2500_0016_fpar.jp2', 81, 8, '2010-01-16', ' ', 'images_20100116_000081_2500_0016_fpar.jp2', 16),
(1282, '20100116_000081_2500_0016_ndvi.jp2', 81, 3, '2010-01-16', ' ', 'images_20100116_000081_2500_0016_ndvi.jp2', 16),
(1283, '20100116_000081_2500_0016_ndvihd.jp2', 81, 5, '2010-01-16', ' ', 'images_20100116_000081_2500_0016_ndvihd.jp2', 16),
(1284, '20100116_000081_2500_0016_rgb.jp2', 81, 1, '2010-01-16', ' ', 'images_20100116_000081_2500_0016_rgb.jp2', 16),
(1285, '20100116_000080_2500_0000_change.jp2', 80, 6, '2010-01-16', ' ', 'images_20100116_000080_2500_0000_change.jp2', 3),
(1286, '20100116_000080_2500_0000_cir.jp2', 80, 2, '2010-01-16', ' ', 'images_20100116_000080_2500_0000_cir.jp2', 3),
(1287, '20100116_000080_2500_0000_color.jp2', 80, 7, '2010-01-16', ' ', 'images_20100116_000080_2500_0000_color.jp2', 3),
(1288, '20100116_000080_2500_0000_fpar.jp2', 80, 8, '2010-01-16', ' ', 'images_20100116_000080_2500_0000_fpar.jp2', 3),
(1289, '20100116_000080_2500_0000_ndvi.jp2', 80, 3, '2010-01-16', ' ', 'images_20100116_000080_2500_0000_ndvi.jp2', 3),
(1290, '20100116_000080_2500_0000_ndvihd.jp2', 80, 5, '2010-01-16', ' ', 'images_20100116_000080_2500_0000_ndvihd.jp2', 3),
(1291, '20100116_000080_2500_0000_rgb.jp2', 80, 1, '2010-01-16', ' ', 'images_20100116_000080_2500_0000_rgb.jp2', 3),
(1292, '20100116_000077_2500_0015_change.jp2', 77, 6, '2010-01-16', ' ', 'images_20100116_000077_2500_0015_change.jp2', 15),
(1293, '20100116_000077_2500_0015_cir.jp2', 77, 2, '2010-01-16', ' ', 'images_20100116_000077_2500_0015_cir.jp2', 15),
(1294, '20100116_000077_2500_0015_color.jp2', 77, 7, '2010-01-16', ' ', 'images_20100116_000077_2500_0015_color.jp2', 15),
(1295, '20100116_000077_2500_0015_fpar.jp2', 77, 8, '2010-01-16', ' ', 'images_20100116_000077_2500_0015_fpar.jp2', 15),
(1296, '20100116_000077_2500_0015_ndvi.jp2', 77, 3, '2010-01-16', ' ', 'images_20100116_000077_2500_0015_ndvi.jp2', 15),
(1297, '20100116_000077_2500_0015_ndvihd.jp2', 77, 5, '2010-01-16', ' ', 'images_20100116_000077_2500_0015_ndvihd.jp2', 15),
(1298, '20100116_000077_2500_0015_rgb.jp2', 77, 1, '2010-01-16', ' ', 'images_20100116_000077_2500_0015_rgb.jp2', 15),
(1299, '20100116_000071_2500_0002_change.jp2', 71, 6, '2010-01-16', ' ', 'IMAGES_20100116_000071_2500_0002_change.jp2', 2),
(1300, '20100116_000071_2500_0002_cir.jp2', 71, 2, '2010-01-16', ' ', 'images_20100116_000071_2500_0002_cir.jp2', 2),
(1301, '20100116_000071_2500_0002_ndvi.jp2', 71, 3, '2010-01-16', ' ', 'images_20100116_000071_2500_0002_ndvi.jp2', 2),
(1302, '20100116_000071_2500_0002_ndvihd.jp2', 71, 5, '2010-01-16', ' ', 'images_20100116_000071_2500_0002_ndvihd.jp2', 2),
(1303, '20100116_000071_2500_0002_rgb.jp2', 71, 1, '2010-01-16', ' ', 'images_20100116_000071_2500_0002_rgb.jp2', 2),
(1304, '20100116_000005_1250_0002_change.jp2', 5, 6, '2010-01-16', ' ', 'images_20100116_000005_1250_0002_change.jp2', 21),
(1305, '20100116_000005_1250_0002_cir.jp2', 5, 2, '2010-01-16', ' ', 'images_20100116_000005_1250_0002_cir.jp2', 21),
(1306, '20100116_000005_1250_0002_color.jp2', 5, 7, '2010-01-16', ' ', 'images_20100116_000005_1250_0002_color.jp2', 21),
(1307, '20100116_000005_1250_0002_fpar.jp2', 5, 8, '2010-01-16', ' ', 'images_20100116_000005_1250_0002_fpar.jp2', 21),
(1308, '20100116_000005_1250_0002_ndvi.jp2', 5, 3, '2010-01-16', ' ', 'images_20100116_000005_1250_0002_ndvi.jp2', 21),
(1310, '20100116_000005_1250_0002_rgb.jp2', 5, 1, '2010-01-16', ' ', 'images_20100116_000005_1250_0002_rgb.jp2', 21),
(1312, '20100116_000005_1250_0020_ndvihd_fixed-02.jp2', 5, 5, '2010-01-16', ' ', 'images_20100116_000005_1250_0020_ndvihd_fixed-02.jp2', 21);


INSERT INTO `beiapp_imagetype` (`id`, `name`) VALUES
(1, 'RGB'),
(2, 'CIR'),
(3, 'NDVI'),
(5, 'HD NDVI'),
(6, 'Change Detection'),
(7, 'Color Variation'),
(8, 'Leaf Cover (FPAR)');


INSERT INTO `beiapp_property` (`id`, `user_id`, `name`, `center_lat`, `center_lon`, `resolution`) VALUES
(1, 2, 'Three Flags 2', 33.15448, -115.84847, 10),
(2, 2, 'Three Flags', 33.16928, -115.86525, 10),
(3, 2, 'Scheu', 33.13985, -115.34237, 10),
(4, 12, 'Salton City - 18 inch', 33.29712, -115.95556, 10),
(5, 21, 'Rucker', 33.56223, -116.02212, 5),
(6, 2, 'Rubber', 32.83820, -115.45678, 10),
(7, 2, 'RBW', 32.93090, -115.44889, 10),
(8, 2, 'Ranchos Dos Hermanos', 33.03048, -115.70973, 10),
(9, 2, 'Cuatro Del Mar', 33.08583, -115.73964, 10),
(10, 2, 'Pfister Sprinkler', 32.88509, -115.35167, 10),
(14, 2, 'Pfister Home Ranch', 32.88853, -115.34100, 10),
(15, 2, 'Paramount Flowing Wells', 33.22733, -115.45404, 10),
(18, 2, 'Osterkamp', 32.91288, -115.46193, 10),
(19, 2, 'Ohmar 26', 32.96394, -115.42767, 10),
(20, 2, '0-8', 33.20184, -115.47170, 10),
(21, 2, 'Niland', 33.42335, -115.68059, 10),
(22, 2, 'N4', 33.19465, -115.44495, 10),
(23, 2, 'Malva 2-9', 33.05736, -115.40934, 10),
(24, 2, 'Kalin Trif 9', 33.08043, -115.65282, 10),
(25, 2, 'IVC Dogwood', 32.83094, -115.50545, 10),
(26, 2, 'Ecco 25 E', 33.12241, -115.82440, 10),
(27, 2, 'Ecco 13E', 33.11706, -115.81574, 10),
(28, 2, 'Church Ranch', 32.94885, -115.55259, 10),
(29, 2, 'Brandenberg 1', 33.60587, -116.10318, 5),
(30, 2, 'Bojax', 33.23112, -115.44638, 10),
(31, 2, 'Bishop Wistyeria', 32.67547, -115.54667, 10),
(33, 2, 'Smilex 58 and 59', 33.00469, -115.54609, 10),
(34, 2, 'Smilex 65', 33.01012, -115.54828, 10),
(35, 2, 'Spruce 166', 33.01189, -115.53727, 10),
(36, 2, 'Kalin Fuller', 33.03547, -115.53961, 10),
(37, 2, 'Brandenberg 2', 33.54760, -116.03070, 5),
(38, 5, 'Indian Springs Golf Course', 33.71700, -116.26870, 5),
(40, 2, 'Kalin BN1, BN2', 33.05560, -115.66040, 10),
(41, 7, 'Heritage Palms Country Club', 33.72920, -116.26145, 5),
(42, 8, 'Rancho La Quinta Country Club', 33.69271, -116.28733, 5),
(43, 3, 'Test_AKoller', NULL, NULL, NULL),
(44, 2, 'Moss 20-24', 32.99720, -115.43610, 10),
(45, 2, 'Beachline / Highline 2', 33.28180, -115.52420, 10),
(46, 2, 'Beachline / Highline 1', 33.29990, -115.53630, 10),
(47, 2, 'Claverie', 32.71300, -115.40300, 10),
(48, 2, 'I-34', 33.16600, -115.53200, 10),
(49, 2, 'The Fig Tree', 33.31400, -115.54900, 10),
(50, 2, 'Myrtle 14-16', 33.02300, -115.39700, 10),
(51, 2, 'Nettle 5', 33.08600, -115.39400, 10),
(52, 2, 'J-12', 33.16900, -115.46700, 10),
(53, 2, 'Osage 8-9', 32.98000, -115.38100, 10),
(54, 2, 'Vail 221-217', 33.17300, -115.57500, 10),
(55, 10, 'Pecan Orchard', 31.97969, -110.95428, 10),
(56, 15, 'Sharps 103-104', 32.75151, -114.00081, 10),
(57, 2, 'ARP Farms 35-5, 35-6', 32.59267, -111.49561, 10),
(58, 2, 'G3', 33.14764, -115.39582, 10),
(60, 2, 'Osage Citrus', 32.97968, -115.31058, 10),
(61, 2, 'Desert Delight', 33.14019, -115.38510, 10),
(62, 11, 'Marsh Land Reclamation', 33.20912, -115.53262, 5),
(63, 12, 'Thomas Levy Recharge - 5 inch', 33.60568, -116.25886, 5),
(64, 13, 'Marriot Desert Springs Resort', 33.75256, -116.36536, 5),
(65, 13, 'Marriot Shadow Ridge', 33.78055, -116.38365, 5),
(66, 12, 'La Quinta Country Club - 5 inch', 33.69029, -116.30106, 5),
(67, 8, 'La Quinta Dunes', 33.68208, -116.29722, 5),
(68, 8, 'LA Quinta Mountain Course', 33.68632, -116.31341, 5),
(69, 13, 'Marriot Rancho Las Palmas', 33.74111, -116.40023, 5),
(70, 12, 'Dos Palmas Mitigation - 10 inch', 33.47924, -115.82799, 15),
(71, 2, 'Benson Tri 475-476', 33.05733, -115.61758, 10),
(72, 2, 'Ohmar 9', 32.96401, -115.35908, 10),
(73, 12, 'Dos Palmas Mitigation - 5 inch', 33.49488, -115.82385, 10),
(74, 12, 'Dos Palmas Mitigation - 2.5 inch', 33.49488, -115.82385, 10),
(75, 14, 'Sinclear Demo', 33.54760, -116.03070, 5),
(76, 17, 'Kalin R1', 33.07682, -115.65357, 5),
(77, 15, 'Bensen Tamarak 222', 33.07278, -115.58300, 5),
(78, 17, 'Audubon Site TriCounty', 33.08763, -115.69718, 5),
(79, 16, 'Osterkamp Red 94', 32.94574, -115.46677, 10),
(80, 20, 'Roselle 7', 32.83103, -115.47234, 10),
(81, 16, 'Redwood 90 E', 32.92767, -115.46229, 10),
(82, 2, 'Mayflower 7', 33.06447, -115.37514, 10),
(83, 2, 'Dove Mountain', 32.45762, -111.08798, 5);


INSERT INTO `django_admin_log` (`id`, `action_time`, `user_id`, `content_type_id`, `object_id`, `object_repr`, `action_flag`, `change_message`) VALUES
(1, '2009-06-15 11:40:56', 1, 3, '3', 'akoller', 1, ''),
(2, '2009-06-15 11:41:07', 1, 3, '4', 'kkoller', 1, ''),
(3, '2009-06-15 11:42:16', 1, 3, '3', 'akoller', 2, 'Changed first_name, last_name, email and is_staff.'),
(4, '2009-06-15 11:42:45', 1, 3, '4', 'kkoller', 2, 'Changed first_name, last_name, email and is_staff.'),
(5, '2009-06-15 12:48:34', 1, 3, '4', 'kkoller', 2, 'Changed is_superuser.'),
(6, '2009-06-15 13:51:09', 1, 10, '5', 'HD NDVI', 1, ''),
(7, '2009-06-17 17:27:20', 1, 9, '33', 'Smilex 58', 1, ''),
(8, '2009-06-17 17:27:39', 1, 9, '34', 'Smilex 65', 1, ''),
(9, '2009-06-17 17:28:20', 1, 9, '35', 'Spruce 166', 1, ''),
(10, '2009-06-17 17:29:46', 1, 9, '36', 'Al Kalin Fuller', 1, ''),
(11, '2009-06-17 17:31:31', 1, 9, '33', 'Smilex 58 and 69', 2, 'Changed name.'),
(12, '2009-06-18 23:22:42', 4, 9, '37', 'brandenberg2', 1, ''),
(13, '2009-06-18 23:23:18', 4, 8, '607', 'branden2_12band_georef_125_cropped_cir', 1, ''),
(14, '2009-06-18 23:24:21', 4, 8, '608', 'rucker1_12band_georef_125_cropped_cir.ecw', 1, ''),
(15, '2009-06-18 23:25:24', 4, 8, '609', 'threeflags2_12band_georef_250_cropped_cir.ecw', 1, ''),
(16, '2009-06-18 23:25:57', 4, 8, '610', 'threeflags_12band_georef_250_cropped_cir.ecw', 1, ''),
(17, '2009-06-18 23:26:56', 4, 8, '611', '_12band_georef_125_cropped_ndvi.ecw', 1, ''),
(18, '2009-06-18 23:27:29', 4, 8, '612', 'rucker1_12band_georef_125_cropped_ndvi.ecw', 1, ''),
(19, '2009-06-18 23:28:05', 4, 8, '613', '_12band_georef_250_cropped_ndvi.ecw', 1, ''),
(20, '2009-06-18 23:28:38', 4, 8, '614', 'threeflags_12band_georef_250_cropped_ndvi.ecw', 1, ''),
(21, '2009-06-18 23:30:32', 4, 8, '613', 'threeflags2_12band_georef_250_cropped_ndvi.ecw', 2, 'Changed name and layer.'),
(22, '2009-06-18 23:30:51', 4, 8, '611', 'branden2_12band_georef_125_cropped_ndvi.ecw', 2, 'Changed name and layer.'),
(23, '2009-06-18 23:35:23', 4, 8, '615', 'branden2_12band_georef_125_cropped_ndvihd.ecw', 1, ''),
(24, '2009-06-18 23:35:58', 4, 8, '616', 'rucker1_12band_georef_125_cropped_ndvihd.ecw', 1, ''),
(25, '2009-06-18 23:36:29', 4, 8, '617', 'threeflags2_12band_georef_250_cropped_ndvihd.ecw', 1, ''),
(26, '2009-06-18 23:37:03', 4, 8, '618', 'threeflags_12band_georef_250_cropped_ndvihd.ecw', 1, ''),
(27, '2009-06-18 23:37:43', 4, 8, '619', 'branden2_12band_georef_125_cropped_rgb.ecw', 1, ''),
(28, '2009-06-18 23:38:17', 4, 8, '620', 'rucker1_12band_georef_125_cropped_rgb.ecw', 1, ''),
(29, '2009-06-18 23:38:46', 4, 8, '621', 'threeflags2_12band_georef_250_cropped_rgb.ecw', 1, ''),
(30, '2009-06-18 23:39:13', 4, 8, '622', 'threeflags_12band_georef_250_cropped_rgb.ecw', 1, ''),
(31, '2009-06-20 13:55:46', 4, 9, '38', 'Indian Springs Golf Course', 1, ''),
(32, '2009-06-20 14:03:19', 4, 8, '623', 'indsprings_12band_georef_125_01_test.ecw', 1, ''),
(33, '2009-06-20 17:03:53', 4, 8, '623', 'indsprings_12band_georef_125_02_test_polynomial.ecw', 2, 'Changed name and layer.'),
(34, '2009-06-20 17:05:26', 4, 8, 'None', 'indsprings_12band_georef_125_02_test_polynomial.ecw', 3, ''),
(35, '2009-06-20 17:06:29', 4, 8, '624', 'indsprings_12band_georef_125_02_test_polynomial.ecw', 1, ''),
(36, '2009-06-20 20:59:00', 4, 8, 'None', 'indsprings_12band_georef_125_02_test_polynomial.ecw', 3, ''),
(37, '2009-06-20 20:59:33', 4, 8, '625', 'indsprings_12band_georef_125_07_linear_test.ecw', 1, ''),
(38, '2009-06-20 21:01:09', 4, 8, 'None', 'indsprings_12band_georef_125_07_linear_test.ecw', 3, ''),
(39, '2009-06-20 21:01:56', 4, 8, '626', 'indsprings_12band_georef_125_07_linear_test.ecw', 1, ''),
(40, '2009-06-20 21:02:54', 4, 8, 'None', 'indsprings_12band_georef_125_07_linear_test.ecw', 3, ''),
(41, '2009-06-20 21:03:48', 4, 8, '627', 'indsprings_08_12band_georef_125_08_linear_test.ecw', 1, ''),
(42, '2009-06-20 21:05:35', 4, 8, '627', 'indsprings_12band_georef_125_08_linear_test.ecw', 2, 'Changed name, capture_date and description.'),
(43, '2009-06-21 15:16:58', 4, 8, '628', 'bojax_12band_georef_cropped_cir.ecw', 1, ''),
(44, '2009-06-21 15:17:30', 4, 8, '629', 'churchran_12band_georef_250_cropped_cir.ecw', 1, ''),
(45, '2009-06-21 15:18:00', 4, 8, '630', 'ecco25e_12band_georef_250_cropped_cir.ecw', 1, ''),
(46, '2009-06-21 15:19:02', 4, 3, '5', 'IndianSprings', 1, ''),
(47, '2009-06-21 15:20:24', 4, 3, '5', 'IndianSprings', 2, 'Changed first_name, last_name and email.'),
(48, '2009-06-21 15:20:46', 4, 9, '39', 'Indian Springs Country Club', 1, ''),
(49, '2009-06-21 15:20:57', 4, 9, 'None', 'Indian Springs Country Club', 3, ''),
(50, '2009-06-21 15:21:05', 4, 9, '38', 'Indian Springs Golf Course', 2, 'Changed user.'),
(51, '2009-06-21 15:22:01', 4, 8, '631', 'indsprings_12band_georef_125_cropped_cir.ecw', 1, ''),
(52, '2009-06-21 15:24:46', 4, 8, '632', 'o8_12_band_georef_250_cropped_cir.ecw', 1, ''),
(53, '2009-06-21 15:25:22', 4, 8, '633', 'quatro_del_mar_georef_125_cropped_cir.img', 1, ''),
(54, '2009-06-21 15:26:10', 4, 8, '634', 'ranchosdh_12_band_georef_250_cropped_cir.ecw', 1, ''),
(55, '2009-06-21 15:28:36', 4, 8, '635', 'rbw_12band_georef_250_cropped_cir.ecw', 1, ''),
(56, '2009-06-21 15:29:07', 4, 8, '636', 'sheu_12_band_georef_250_cropped_cir.ecw', 1, ''),
(57, '2009-06-21 15:29:37', 4, 8, '637', 'bojax_12band_georef_cropped_ndvi.ecw', 1, ''),
(58, '2009-06-21 15:30:15', 4, 8, '638', 'churchran_12band_georef_250_cropped_ndvi.ecw', 1, ''),
(59, '2009-06-21 15:30:20', 4, 8, '637', 'bojax_12band_georef_cropped_ndvi.ecw', 2, 'Changed imgtype.'),
(60, '2009-06-21 15:31:00', 4, 8, '639', 'ecco25e_12band_georef_250_cropped_ndvi.ecw', 1, ''),
(61, '2009-06-21 15:31:32', 4, 8, '640', 'indsprings_12band_georef_125_cropped_ndvi.ecw', 1, ''),
(62, '2009-06-21 15:32:14', 4, 8, '641', 'o8_12_band_georef_250_cropped_ndvi.ecw', 1, ''),
(63, '2009-06-21 15:32:45', 4, 8, '642', 'quatro_del_mar_georef_125_cropped_ndvi.img', 1, ''),
(64, '2009-06-21 15:33:10', 4, 8, '643', 'ranchosdh_12_band_georef_250_cropped_ndvi.ecw', 1, ''),
(65, '2009-06-21 15:33:39', 4, 8, '644', 'rbw_12band_georef_250_cropped_ndvi.ecw', 1, ''),
(66, '2009-06-21 15:34:11', 4, 8, '645', 'sheu_12_band_georef_250_cropped_ndvi.ecw', 1, ''),
(67, '2009-06-21 15:34:47', 4, 8, '646', 'bojax_12band_georef_cropped_ndvihd.ecw', 1, ''),
(68, '2009-06-21 15:35:17', 4, 8, '647', 'churchran_12band_georef_250_cropped_ndvihd.ecw', 1, ''),
(69, '2009-06-21 15:35:50', 4, 8, '648', 'ecco25e_12band_georef_250_cropped_ndvihd.ecw', 1, ''),
(70, '2009-06-21 15:36:18', 4, 8, '649', 'indsprings_12band_georef_125_cropped_ndvihd.ecw', 1, ''),
(71, '2009-06-21 15:36:51', 4, 8, '650', 'o8_12_band_georef_250_cropped_ndvihd.ecw', 1, ''),
(72, '2009-06-21 15:37:50', 4, 8, '651', 'ranchosdh_12_band_georef_250_cropped_ndvihd.ecw', 1, ''),
(73, '2009-06-21 15:38:28', 4, 8, '652', 'rbw_12band_georef_250_cropped_ndvihd.ecw', 1, ''),
(74, '2009-06-21 15:38:58', 4, 8, '653', 'sheu_12_band_georef_250_cropped_ndvihd.ecw', 1, ''),
(75, '2009-06-21 15:39:57', 4, 8, '654', 'bojax_12band_georef_cropped_rgb.ecw', 1, ''),
(76, '2009-06-21 15:40:06', 4, 8, '654', 'bojax_12band_georef_cropped_rgb.ecw', 2, 'No fields changed.'),
(77, '2009-06-21 15:40:48', 4, 8, '655', 'churchran_12band_georef_250_cropped_rgb.ecw', 1, ''),
(78, '2009-06-21 15:41:19', 4, 8, '656', 'ecco25e_12band_georef_250_cropped_rgb.ecw', 1, ''),
(79, '2009-06-21 15:41:50', 4, 8, '657', 'indsprings_12band_georef_125_cropped_rgb.ecw', 1, ''),
(80, '2009-06-21 15:42:19', 4, 8, '658', 'o8_12_band_georef_250_cropped_rgb.ecw', 1, ''),
(81, '2009-06-21 15:42:57', 4, 8, '659', 'quatro_del_mar_georef_125_cropped_rgb.ecw', 1, ''),
(82, '2009-06-21 15:43:26', 4, 8, '660', 'ranchosdh_12_band_georef_250_cropped_rgb.ecw', 1, ''),
(83, '2009-06-21 15:43:57', 4, 8, '661', 'rbw_12band_georef_250_cropped_rgb.ecw', 1, ''),
(84, '2009-06-21 15:44:23', 4, 8, '662', 'sheu_12_band_georef_250_cropped_rgb.ecw', 1, ''),
(85, '2009-06-21 15:44:54', 4, 8, '633', 'quatro_del_mar_georef_125_cropped_cir.ecw', 2, 'Changed name and layer.'),
(86, '2009-06-21 15:45:53', 4, 8, '642', 'quatro_del_mar_georef_125_cropped_ndvi.ecw', 2, 'Changed name and layer.'),
(87, '2009-06-21 15:46:51', 4, 8, '663', 'quatro_del_mar_georef_125_cropped_ndvihd.ecw', 1, ''),
(88, '2009-06-21 15:47:30', 4, 8, '657', 'indsprings_12band_georef_125_cropped_rgb.ecw', 2, 'Changed user.'),
(89, '2009-06-21 16:11:06', 4, 8, '663', 'quatro_del_mar_georef_125_cropped_ndvihd.ecw', 2, 'No fields changed.'),
(90, '2009-06-21 16:32:39', 4, 8, '663', 'quatro_del_mar_georef_125_cropped_ndvihd.ecw', 2, 'No fields changed.'),
(91, '2009-06-21 16:41:19', 4, 8, '633', 'quatro_del_mar_georef_cropped_125_cir.ecw', 2, 'Changed name and layer.'),
(92, '2009-06-23 00:21:18', 4, 8, '664', 'branden1_12band_georef_01_cropped_rgb.ecw', 1, ''),
(93, '2009-06-23 00:21:55', 4, 8, '665', 'branden1_12band_georef_01_croppedndvihd.ecw', 1, ''),
(94, '2009-06-23 00:22:29', 4, 8, '666', 'branden1_12band_georef_01_cropped_ndvi.ecw', 1, ''),
(95, '2009-06-23 00:23:22', 4, 8, '667', 'branden1_12band_georef_01_cropped_cir.ecw', 1, ''),
(96, '2009-06-23 00:24:05', 4, 8, '668', 'branden1_10band_georef_125_cir.ecw', 1, ''),
(97, '2009-06-23 00:24:39', 4, 8, '669', 'branden2_10band_georef_125_cir.ecw', 1, ''),
(98, '2009-06-23 00:25:10', 4, 8, '670', 'church_ranch_10band_georef_250_cir.ecw', 1, ''),
(99, '2009-06-23 00:25:40', 4, 8, '671', 'quatrodm_10band_georef_250_cir.ecw', 1, ''),
(100, '2009-06-23 00:26:05', 4, 8, '672', 'ranchosdh_10band_georef_250_cir.ecw', 1, ''),
(101, '2009-06-23 00:26:46', 4, 8, '673', 'rbw_10band_georef_250_cir.ecw', 1, ''),
(102, '2009-06-23 00:27:20', 4, 8, '674', 'scheu_10band_georef_250_cir.ecw', 1, ''),
(103, '2009-06-23 00:27:54', 4, 8, '675', 'branden1_10band_georef_125_ndvi.ecw', 1, ''),
(104, '2009-06-23 00:28:30', 4, 8, '676', 'branden2_10band_georef_125_ndvi.ecw', 1, ''),
(105, '2009-06-23 00:28:56', 4, 8, '677', 'church_ranch_10band_georef_250_ndvi.ecw', 1, ''),
(106, '2009-06-23 00:29:33', 4, 8, '678', 'quatrodm_10band_georef_250_ndvi.ecw', 1, ''),
(107, '2009-06-23 00:29:55', 4, 8, '679', 'ranchosdh_10band_georef_250_ndvi.ecw', 1, ''),
(108, '2009-06-23 00:30:25', 4, 8, '680', 'rbw_10band_georef_250_ndvi.ecw', 1, ''),
(109, '2009-06-23 00:30:57', 4, 8, '681', 'scheu_10band_georef_250_ndvi.ecw', 1, ''),
(110, '2009-06-23 00:31:49', 4, 8, '682', 'branden1_10band_georef_125ndvihd.ecw', 1, ''),
(111, '2009-06-23 00:32:36', 4, 8, '683', 'branden2_10band_georef_125_ndvihd.ecw', 1, ''),
(112, '2009-06-23 00:33:19', 4, 8, '684', '_ranch_10band_georef_250_ndvihd.ecw', 1, ''),
(113, '2009-06-23 00:34:18', 4, 8, '684', 'church_ranch_10band_georef_250_ndvihd.ecw', 2, 'Changed name and layer.'),
(114, '2009-06-23 00:34:50', 4, 8, '685', 'quatrodm_10band_georef_250_ndvihd.ecw', 1, ''),
(115, '2009-06-23 00:35:15', 4, 8, '686', 'ranchosdh_10band_georef_250_ndvihd.ecw', 1, ''),
(116, '2009-06-23 00:35:38', 4, 8, '687', 'rbw_10band_georef_250_ndvihd.ecw', 1, ''),
(117, '2009-06-23 00:36:03', 4, 8, '688', 'scheu_10band_georef_250_ndvihd.ecw', 1, ''),
(118, '2009-06-23 00:36:27', 4, 8, '689', 'branden1_10band_georef_125_rgb.ecw', 1, ''),
(119, '2009-06-23 00:36:51', 4, 8, '690', 'branden2_10band_georef_125_rgb.ecw', 1, ''),
(120, '2009-06-23 00:37:14', 4, 8, '691', 'church_ranch_10band_georef_250_rgb.ecw', 1, ''),
(121, '2009-06-23 00:37:42', 4, 8, '692', 'quatrodm_10band_georef_250_rgb.ecw', 1, ''),
(122, '2009-06-23 00:38:05', 4, 8, '693', 'ranchosdh_10band_georef_250_rgb.ecw', 1, ''),
(123, '2009-06-23 00:38:26', 4, 8, '694', 'rbw_10band_georef_250_rgb.ecw', 1, ''),
(124, '2009-06-23 00:38:48', 4, 8, '695', 'scheu_10band_georef_250_rgb.ecw', 1, ''),
(125, '2009-06-23 00:39:55', 4, 8, '645', 'sheu_12_band_georef_250_01_cropped_ndvi.ecw', 2, 'Changed name and layer.'),
(126, '2009-06-23 00:40:34', 4, 8, '653', 'sheu_12_band_georef_250_01_cropped_ndvihd.ecw', 2, 'Changed name and layer.'),
(127, '2009-06-23 00:40:59', 4, 8, '636', 'sheu_12_band_georef_250_01_cropped_cir.ecw', 2, 'Changed name and layer.'),
(128, '2009-06-23 00:42:49', 4, 8, '634', 'ranchosdh_12_band_georef_250_01_cropped_cir.ecw', 2, 'Changed name and layer.'),
(129, '2009-06-26 12:59:31', 4, 9, '40', 'Kalin BN1, BN2', 1, ''),
(130, '2009-06-26 12:59:45', 4, 8, '595', 'al_kalin_bn1_bn2_12band_georef_250_cropped_rgb.ecw', 2, 'Changed property and description.'),
(131, '2009-06-26 13:00:19', 4, 8, '585', 'al_kalin_bn1_bn2_12band_georef_250_cropped_ndvihd.ecw', 2, 'Changed property and description.'),
(132, '2009-06-26 13:00:55', 4, 8, '574', 'al_kalin_bn1_bn2_12band_georef_250_cropped_ndvi.ecw', 2, 'Changed property and description.'),
(133, '2009-06-26 13:01:20', 4, 8, '563', 'al_kalin_bn1_bn2_12band_georef_250_cropped_cir.ecw', 2, 'Changed property and description.'),
(134, '2009-06-26 13:02:59', 4, 9, '27', 'Ecco 13E', 2, 'Changed name.'),
(135, '2009-06-26 13:04:24', 4, 8, '598', 'kalintrif9_12band_georef_250_cropped_ndvihd.ecw', 2, 'Changed imgtype and description.'),
(136, '2009-06-26 13:05:34', 4, 9, '24', 'Kalin Trif 9', 2, 'Changed name.'),
(137, '2009-06-26 13:06:33', 4, 9, '23', 'Malva 2-9', 2, 'Changed name.'),
(138, '2009-06-26 13:08:00', 4, 9, '19', 'Ohmar 26', 2, 'Changed name.'),
(139, '2009-06-26 13:09:20', 4, 9, '33', 'Smilex 58 and 59', 2, 'Changed name.'),
(140, '2009-06-26 13:10:52', 4, 9, '37', 'Brandenberg 2', 2, 'Changed name.'),
(141, '2009-06-26 13:10:57', 4, 9, '29', 'Brandenberg 1', 2, 'Changed name.'),
(142, '2009-06-26 13:14:51', 4, 8, 'None', 'indsprings_12band_georef_125_08_linear_test.ecw', 3, ''),
(143, '2009-06-26 13:16:28', 4, 9, '26', 'Ecco 25 E', 2, 'Changed name.'),
(144, '2009-06-26 13:23:28', 4, 8, '696', 'pfisterhr_12band_georef_250_cropped_01_cir.ecw', 1, ''),
(145, '2009-06-26 13:24:07', 4, 8, '697', 'pfisterhr_12band_georef_250_cropped_01_ndvi.ecw', 1, ''),
(146, '2009-06-26 13:24:43', 4, 8, '698', 'pfisterhr_12band_georef_250_cropped_01_ndvihd.ecw', 1, ''),
(147, '2009-06-26 13:25:22', 4, 8, '699', 'pfisterhr_12band_georef_250_cropped_01_rgb.ecw', 1, ''),
(148, '2009-06-26 13:34:11', 4, 3, '6', 'SaltonCity', 1, ''),
(149, '2009-06-26 13:34:30', 4, 8, '313', 'pass_1_2_3_01_geotiff_stitched_georef.ecw', 2, 'Changed property, description and user.'),
(150, '2009-06-26 13:34:47', 4, 8, '321', 'salton_city_pass_2a.ecw', 2, 'Changed description and user.'),
(151, '2009-06-26 13:35:13', 4, 8, 'None', 'salton_city_pass_1a.ecw', 3, ''),
(152, '2009-06-26 13:35:25', 4, 8, 'None', 'salton_city_pass_2a.ecw', 3, ''),
(153, '2009-06-26 13:35:45', 4, 8, 'None', 'pass_1_2_3_01_geotiff_stitched_georef.ecw', 3, ''),
(154, '2009-06-26 13:38:01', 4, 8, 'None', 'niland_rgb_ir.ecw', 3, ''),
(155, '2009-06-26 13:42:50', 4, 3, '7', 'HeritagePalms', 1, ''),
(156, '2009-06-26 13:43:14', 4, 3, '8', 'LaQuinta', 1, ''),
(157, '2009-06-26 13:43:34', 4, 9, '41', 'Heritage Palms Country Club', 1, ''),
(158, '2009-06-26 13:43:53', 4, 9, '42', 'Rancho La Quinta Country Club', 1, ''),
(159, '2009-06-28 18:26:39', 4, 3, '3', 'akoller', 2, 'Changed last_name and user_permissions.'),
(160, '2009-06-28 18:27:34', 4, 9, '43', 'Test_AKoller', 1, ''),
(161, '2009-06-28 18:32:48', 3, 8, '700', 'rancholaquintag_12band_georef_125_cropped_rg_test.ecw', 1, ''),
(162, '2009-06-28 21:28:19', 3, 8, 'None', 'rancholaquintag_12band_georef_125_cropped_rg_test.ecw', 3, ''),
(163, '2009-06-28 21:28:54', 3, 8, '701', 'rancholaquintag_12band_georef_125_cropped_rg_test.ecw', 1, ''),
(164, '2009-06-28 21:30:40', 3, 8, '702', '01_rancholaquinag.ecw', 1, ''),
(165, '2009-06-28 21:33:59', 3, 8, '702', '01_rancholaquinag.ecw', 2, 'Changed layer.'),
(166, '2009-06-28 21:35:04', 3, 8, '702', '01_rancholaquinag.ecw', 2, 'No fields changed.'),
(167, '2009-06-28 21:36:00', 3, 8, 'None', 'rancholaquintag_12band_georef_125_cropped_rg_test.ecw', 3, ''),
(168, '2009-06-28 21:42:03', 3, 8, '702', '01_rancholaquinag.ecw', 2, 'Changed capture_date, description and layer.'),
(169, '2009-06-28 21:45:59', 3, 8, '702', 'rancholaquinag.ecw', 2, 'Changed name and layer.'),
(170, '2009-06-28 21:46:56', 3, 8, '703', 'testout_cir.ecw', 1, ''),
(171, '2009-06-28 21:51:39', 3, 8, '704', 'rancholaquinag.ecw', 1, ''),
(172, '2009-06-28 21:51:45', 3, 8, 'None', 'rancholaquinag.ecw', 3, ''),
(173, '2009-06-28 21:52:37', 3, 8, '704', 'rancholaquinag.ecw', 2, 'Changed property and user.'),
(174, '2009-06-28 21:55:38', 3, 8, 'None', 'rancholaquinag.ecw', 3, ''),
(175, '2009-06-28 21:55:43', 3, 8, 'None', 'testout_cir.ecw', 3, ''),
(176, '2009-06-28 21:56:27', 3, 8, '705', 'rancholaquinag_3Band_RGB_0061209.ecw', 1, ''),
(177, '2009-06-28 21:56:55', 3, 8, '705', 'rancholaquinag_3Band_RGB_0061209.ecw', 2, 'Changed user.'),
(178, '2009-06-28 22:09:12', 3, 8, 'None', 'rancholaquinag_3Band_RGB_0061209.ecw', 3, ''),
(179, '2009-06-28 22:10:55', 3, 8, '706', '02_rancholaquintag_test.ecw', 1, ''),
(180, '2009-06-28 22:14:17', 3, 8, '706', '02_rancholaquintag_test.ecw', 2, 'Changed property, capture_date and user.'),
(181, '2009-06-28 22:18:09', 3, 8, '706', 'indsprings_rancholaquintag_test.ecw', 2, 'Changed name and layer.'),
(182, '2009-06-28 22:20:06', 4, 8, '706', 'indsprings_rancholaquintag_test.ecw', 2, 'Changed description.'),
(183, '2009-06-28 22:24:34', 3, 8, '707', '01_Indian_Springs_Golf.ecw', 1, ''),
(184, '2009-06-28 22:25:35', 4, 8, 'None', 'indsprings_rancholaquintag_test.ecw', 3, ''),
(185, '2009-06-28 22:30:29', 4, 8, '708', 'KK_indsprings_12band_georef_125_cropped_rgb.ecw', 1, ''),
(186, '2009-06-28 22:32:57', 4, 8, '708', 'KK_indsprings_12band_georef_125_cropped_rgb.ecw', 2, 'Changed user.'),
(187, '2009-06-28 22:44:05', 4, 8, '708', 'KK_indsprings_12band_georef_125_cropped_rgb.ecw', 2, 'No fields changed.'),
(188, '2009-06-29 07:02:31', 4, 8, '709', 'rancholaquintag_12band_georef_125_cropped_cir.ecw', 1, ''),
(189, '2009-06-29 07:03:35', 4, 8, '710', 'heriflag_12band_georef_125_01_cropped_cir.ecw', 1, ''),
(190, '2009-06-29 07:04:10', 4, 8, '711', 'heriflag_12band_georef_125_01_cropped_ndvi.ecw', 1, ''),
(191, '2009-06-29 07:04:46', 4, 8, '712', 'rancholaquintag_12band_georef_125_cropped_ndvi.ecw', 1, ''),
(192, '2009-06-29 07:05:23', 4, 8, '713', 'heriflag_12band_georef_125_01_cropped_ndvihd.ecw', 1, ''),
(193, '2009-06-29 07:05:59', 4, 8, '714', 'rancholaquintag_12band_georef_125_cropped_ndvihd.ecw', 1, ''),
(194, '2009-06-29 07:06:37', 4, 8, '715', 'heriflag_12band_georef_125_01_cropped_rgb.ecw', 1, ''),
(195, '2009-06-29 07:07:11', 4, 8, '716', 'rancholaquintag_12band_georef_125_cropped_rgb.ecw', 1, ''),
(196, '2009-06-29 22:27:30', 3, 8, '717', '02_rancholaquintag_test.ecw', 1, ''),
(197, '2009-06-29 22:29:42', 3, 8, '718', 'heriflag_12band_georef_125_01_cropped_rgb.ecw', 1, ''),
(198, '2009-07-13 13:45:48', 1, 8, '721', 'AJC_TEST', 1, ''),
(199, '2009-07-13 13:46:07', 1, 8, 'None', 'AJC_TEST', 3, ''),
(200, '2009-07-13 22:02:46', 1, 3, '9', 'test', 1, ''),
(201, '2009-07-13 22:37:06', 4, 8, '722', 'ohmar26_250_cir.ecw', 1, ''),
(202, '2009-07-13 22:45:04', 4, 8, '723', 'ohmar26_250_ndvi.ecw', 1, ''),
(203, '2009-07-13 22:45:32', 4, 8, '724', 'ohmar26_250_ndvihd.ecw', 1, ''),
(204, '2009-07-13 22:45:39', 4, 8, '723', 'ohmar26_250_ndvi.ecw', 2, 'Changed layer.'),
(205, '2009-07-13 22:46:07', 4, 8, '725', 'ohmar26_250_rgb.ecw', 1, ''),
(206, '2009-07-13 22:51:04', 4, 8, '726', 'bishopw_250_cir.ecw', 1, ''),
(207, '2009-07-13 22:51:36', 4, 8, '727', 'bishopw_250_ndvi.ecw', 1, ''),
(208, '2009-07-13 22:52:08', 4, 8, '728', 'bishopw_250_ndvihd.ecw', 1, ''),
(209, '2009-07-13 22:52:39', 4, 8, '729', 'bishopw_250_rgb.ecw', 1, ''),
(210, '2009-07-14 19:00:38', 4, 8, '730', 'bojax_indv_12band_rgb-cir-ndvihd-ndvi_georef250_cropped_cir.ecw', 1, ''),
(211, '2009-07-14 19:01:10', 4, 8, '731', 'bojax_indv_12band_rgb-cir-ndvihd-ndvi_georef250_cropped_ndvi.ecw', 1, ''),
(212, '2009-07-14 19:01:41', 4, 8, '732', 'bojax_indv_12band_rgb-cir-ndvihd-ndvi_georef250_cropped_ndvihd.ecw', 1, ''),
(213, '2009-07-14 19:02:09', 4, 8, '733', 'bojax_indv_12band_rgb-cir-ndvihd-ndvi_georef250_cropped_rgb.ecw', 1, ''),
(214, '2009-07-14 19:02:43', 4, 8, '734', 'churchran_indv_12band_rgb-cir-ndvihd-ndvi_georef250_cropped_cir.ecw', 1, ''),
(215, '2009-07-14 19:03:16', 4, 8, '735', 'churchran_indv_12band_rgb-cir-ndvihd-ndvi_georef250_cropped_ndvi.ecw', 1, ''),
(216, '2009-07-14 19:03:52', 4, 8, '736', 'churchran_indv_12band_rgb-cir-ndvihd-ndvi_georef250_cropped_ndvihd.ecw', 1, ''),
(217, '2009-07-14 19:04:28', 4, 8, '737', 'churchran_indv_12band_rgb-cir-ndvihd-ndvi_georef250_cropped_rgb.ecw', 1, ''),
(218, '2009-07-14 19:05:08', 4, 8, '738', 'kalintrif9_indv_12band_rgb-cir-ndvihd-ndvi_georef250_cropped_cir.ecw', 1, ''),
(219, '2009-07-14 19:05:35', 4, 8, '739', 'kalintrif9_indv_12band_rgb-cir-ndvihd-ndvi_georef250_cropped_ndvi.ecw', 1, ''),
(220, '2009-07-14 19:06:02', 4, 8, '740', 'kalintrif9_indv_12band_rgb-cir-ndvihd-ndvi_georef250_cropped_ndvihd.ecw', 1, ''),
(221, '2009-07-14 19:06:32', 4, 8, '741', 'kalintrif9_indv_12band_rgb-cir-ndvihd-ndvi_georef250_cropped_rgb.ecw', 1, ''),
(222, '2009-07-14 19:07:02', 4, 8, '742', 'malva29_indv_12band_rgb-cir-ndvihd-ndvi_georef250_cropped_cir.ecw', 1, ''),
(223, '2009-07-14 19:07:25', 4, 8, '743', 'malva29_indv_12band_rgb-cir-ndvihd-ndvi_georef250_cropped_ndvi.ecw', 1, ''),
(224, '2009-07-14 19:07:54', 4, 8, '744', 'malva29_indv_12band_rgb-cir-ndvihd-ndvi_georef250_cropped_ndvihd.ecw', 1, ''),
(225, '2009-07-14 19:08:25', 4, 8, '745', 'malva29_indv_12band_rgb-cir-ndvihd-ndvi_georef250_cropped_rgb.ecw', 1, ''),
(226, '2009-07-14 19:08:55', 4, 8, '746', 'n-4_indv_12band_rgb-cir-ndvihd-ndvi_georef250_cropped_cir.ecw', 1, ''),
(227, '2009-07-14 19:09:23', 4, 8, '747', 'n-4_indv_12band_rgb-cir-ndvihd-ndvi_georef250_cropped_ndvi.ecw', 1, ''),
(228, '2009-07-14 19:09:52', 4, 8, '748', 'n-4_indv_12band_rgb-cir-ndvihd-ndvi_georef250_cropped_ndvihd.ecw', 1, ''),
(229, '2009-07-14 19:10:20', 4, 8, '749', 'n-4_indv_12band_rgb-cir-ndvihd-ndvi_georef250_cropped_rgb.ecw', 1, ''),
(230, '2009-07-14 19:10:45', 4, 8, '750', 'o8_indv_12band_rgb-cir-ndvihd-ndvi_georef250_cropped_cir.ecw', 1, ''),
(231, '2009-07-14 19:11:10', 4, 8, '751', 'o8_indv_12band_rgb-cir-ndvihd-ndvi_georef250_cropped_ndvi.ecw', 1, ''),
(232, '2009-07-14 19:11:41', 4, 8, '752', 'o8_indv_12band_rgb-cir-ndvihd-ndvi_georef250_cropped_ndvihd.ecw', 1, ''),
(233, '2009-07-14 19:12:10', 4, 8, '753', 'o8_indv_12band_rgb-cir-ndvihd-ndvi_georef250_cropped_rgb.ecw', 1, ''),
(234, '2009-07-14 20:59:31', 4, 8, '754', 'branden1_125_cir.ecw', 1, ''),
(235, '2009-07-14 21:00:03', 4, 8, '755', 'branden1_125_ndvi.ecw', 1, ''),
(236, '2009-07-14 21:00:33', 4, 8, '756', 'branden1_125_ndvihd.ecw', 1, ''),
(237, '2009-07-14 21:01:04', 4, 8, '757', 'branden1_125_rgb.ecw', 1, ''),
(238, '2009-07-14 21:01:57', 4, 9, '37', 'Brandenberg 2', 2, 'Changed resolution.'),
(239, '2009-07-14 21:02:10', 4, 9, '29', 'Brandenberg 1', 2, 'No fields changed.'),
(240, '2009-07-14 21:02:14', 4, 9, '37', 'Brandenberg 2', 2, 'No fields changed.'),
(241, '2009-07-14 21:04:22', 4, 9, '42', 'Rancho La Quinta Country Club', 2, 'No fields changed.'),
(242, '2009-07-14 21:05:15', 4, 9, '44', 'Moss 20-24', 1, ''),
(243, '2009-07-14 21:05:27', 4, 9, '44', 'Moss 20-24', 2, 'Changed center_lon.'),
(244, '2009-07-14 21:06:02', 4, 8, '758', 'moss20_250_cir.ecw', 1, ''),
(245, '2009-07-14 21:06:28', 4, 8, '759', 'moss20_250_ndvi.ecw', 1, ''),
(246, '2009-07-14 21:06:55', 4, 8, '760', 'moss20_250_ndvihd.ecw', 1, ''),
(247, '2009-07-14 21:07:21', 4, 8, '761', 'moss20_250_rgb.ecw', 1, ''),
(248, '2009-07-14 21:09:49', 4, 9, '37', 'Brandenberg 2', 2, 'Changed center_lat and center_lon.'),
(249, '2009-07-14 21:14:45', 4, 9, '40', 'Kalin BN1, BN2', 2, 'Changed center_lat, center_lon and resolution.'),
(250, '2009-07-14 21:18:06', 4, 9, '4', 'Salton City', 2, 'Changed user.'),
(251, '2009-07-14 21:18:32', 4, 8, '319', 'Salton_City_Pass_1_2_3_4_Georef_250.ecw', 2, 'Changed description and user.'),
(252, '2009-07-14 21:21:15', 4, 9, '38', 'Indian Springs Golf Course', 2, 'Changed center_lat and center_lon.'),
(253, '2009-07-15 19:04:27', 4, 8, '762', 'branden2_125_cir.ecw', 1, ''),
(254, '2009-07-15 19:04:54', 4, 8, '763', 'branden2_125_ndvi.ecw', 1, ''),
(255, '2009-07-15 19:05:20', 4, 8, '764', 'branden2_125_ndvihd.ecw', 1, ''),
(256, '2009-07-15 19:05:50', 4, 8, '765', 'branden2_125_rgb.ecw', 1, ''),
(257, '2009-07-15 19:08:11', 4, 9, '45', 'Beachline / Highline 1', 1, ''),
(258, '2009-07-15 19:09:07', 4, 9, '45', 'Beachline / Highline 2', 2, 'Changed name.'),
(259, '2009-07-15 19:10:23', 4, 9, '46', 'Beachline / Highline 1', 1, ''),
(260, '2009-07-15 19:11:04', 4, 8, '766', 'beachline1_250_cir.ecw', 1, ''),
(261, '2009-07-15 19:11:30', 4, 8, '767', 'beachline1_250_ndvi.ecw', 1, ''),
(262, '2009-07-15 19:11:53', 4, 8, '768', 'beachline1_250_ndvihd.ecw', 1, ''),
(263, '2009-07-15 19:12:23', 4, 8, '769', 'beachline1_250_rgb.ecw', 1, ''),
(264, '2009-07-15 19:12:50', 4, 8, '770', 'beachline2_250_cir.ecw', 1, ''),
(265, '2009-07-15 19:13:18', 4, 8, '771', 'beachline2_250_ndvi.ecw', 1, ''),
(266, '2009-07-15 19:13:42', 4, 8, '772', 'beachline2_250_ndvihd.ecw', 1, ''),
(267, '2009-07-15 19:14:11', 4, 8, '773', 'beachline2_250_rgb.ecw', 1, ''),
(268, '2009-07-16 17:29:55', 4, 8, '774', 'alkalinbnx_250_cir.ecw', 1, ''),
(269, '2009-07-16 18:05:30', 4, 9, '47', 'claverie', 1, ''),
(270, '2009-07-16 18:06:28', 4, 9, '48', 'I-34', 1, ''),
(271, '2009-07-16 18:07:52', 4, 9, '49', 'The Fig Tree', 1, ''),
(272, '2009-07-16 18:08:13', 4, 9, '50', 'Myrtle 14-16', 1, ''),
(273, '2009-07-16 18:08:58', 4, 9, '51', 'Nettle 5', 1, ''),
(274, '2009-07-16 18:10:27', 4, 9, '52', 'J-12', 1, ''),
(275, '2009-07-16 18:11:02', 4, 9, '53', 'Osage 8-9', 1, ''),
(276, '2009-07-16 18:11:50', 4, 9, '54', 'Vail 221-217', 1, ''),
(277, '2009-07-16 18:12:33', 4, 8, '775', 'claverie_250_cir.ecw', 1, ''),
(278, '2009-07-16 18:12:43', 4, 9, '47', 'Claverie', 2, 'Changed name.'),
(279, '2009-07-16 18:13:13', 4, 8, '776', 'heritagegolf_125_cir.ecw', 1, ''),
(280, '2009-07-16 18:13:37', 4, 8, '777', 'i34_250_cir.ecw', 1, ''),
(281, '2009-07-16 18:14:10', 4, 8, '778', 'indiansprings_125_cir.ecw', 1, ''),
(282, '2009-07-16 18:14:32', 4, 8, '779', 'j12_250_cir.ecw', 1, ''),
(283, '2009-07-16 18:15:06', 4, 8, '780', 'myrtle14_250_cir.ecw', 1, ''),
(284, '2009-07-16 18:15:57', 4, 8, '781', 'nettle5_250_cir.ecw', 1, ''),
(285, '2009-07-16 18:16:23', 4, 8, '782', 'osage89_250_cir.ecw', 1, ''),
(286, '2009-07-16 18:16:45', 4, 8, '783', 'osterkamp_250_cir.ecw', 1, ''),
(287, '2009-07-16 18:17:14', 4, 8, '784', 'parafw_250_cir.ecw', 1, ''),
(288, '2009-07-16 18:17:46', 4, 8, '785', 'pfisterhreast_250_cir.ecw', 1, ''),
(289, '2009-07-16 18:18:07', 4, 8, '786', 'quatrodm_250_cir.ecw', 1, ''),
(290, '2009-07-16 18:18:28', 4, 8, '787', 'ranchosdh_250_cir.ecw', 1, ''),
(291, '2009-07-16 18:18:46', 4, 8, '788', 'rbw_250_cir.ecw', 1, ''),
(292, '2009-07-16 18:19:03', 4, 8, '789', 'rucker1_125_cir.ecw', 1, ''),
(293, '2009-07-16 18:19:27', 4, 8, '790', 'scheu_250_cir.ecw', 1, ''),
(294, '2009-07-16 18:19:49', 4, 8, '791', 'threeflag2_250_cir.ecw', 1, ''),
(295, '2009-07-16 18:20:10', 4, 8, '792', 'threeflags_250_cir.ecw', 1, ''),
(296, '2009-07-16 18:20:24', 4, 10, 'None', 'ALG', 3, ''),
(297, '2009-07-16 18:24:11', 4, 8, '793', 'alkalinbnx_250_ndvi.ecw', 1, ''),
(298, '2009-07-16 18:24:42', 4, 8, '794', 'claverie_250_ndvi.ecw', 1, ''),
(299, '2009-07-16 18:26:51', 4, 8, '795', 'heritagegolf_125_ndvi.ecw', 1, ''),
(300, '2009-07-16 18:27:38', 4, 8, '796', 'i34_250_ndvi.ecw', 1, ''),
(301, '2009-07-16 18:28:04', 4, 8, '797', 'indiansprings_125_ndvi.ecw', 1, ''),
(302, '2009-07-16 18:28:52', 4, 8, '798', 'j12_250_ndvi.ecw', 1, ''),
(303, '2009-07-16 18:31:20', 4, 8, '799', 'myrtle14_250_ndvi.ecw', 1, ''),
(304, '2009-07-16 18:32:48', 4, 8, '800', 'nettle5_250_ndvi.ecw', 1, ''),
(305, '2009-07-16 18:34:43', 4, 8, '801', 'osage89_250_ndvi.ecw', 1, ''),
(306, '2009-07-16 18:35:10', 4, 8, '802', 'osterkamp_250_ndvi.ecw', 1, ''),
(307, '2009-07-16 18:35:42', 4, 8, '803', 'parafw_250_ndvi.ecw', 1, ''),
(308, '2009-07-16 18:37:52', 4, 8, '804', 'pfisterhreast_250_ndvi.ecw', 1, ''),
(309, '2009-07-16 18:38:59', 4, 8, '805', 'quatrodm_250_ndvi.ecw', 1, ''),
(310, '2009-07-16 18:39:22', 4, 8, '806', 'ranchosdh_250_ndvi.ecw', 1, ''),
(311, '2009-07-16 18:39:47', 4, 8, '807', 'rbw_250_ndvi.ecw', 1, ''),
(312, '2009-07-16 18:40:12', 4, 8, '808', 'rucker1_125_ndvi.ecw', 1, ''),
(313, '2009-07-16 18:40:35', 4, 8, '809', 'scheu_250_ndvi.ecw', 1, ''),
(314, '2009-07-16 18:40:56', 4, 8, '810', 'threeflag2_250_ndvi.ecw', 1, ''),
(315, '2009-07-16 18:41:16', 4, 8, '811', 'threeflags_250_ndvi.ecw', 1, ''),
(316, '2009-07-16 18:42:04', 4, 8, '812', 'alkalinbnx_250_ndvihd.ecw', 1, ''),
(317, '2009-07-16 18:42:31', 4, 8, '813', 'claverie_250_ndvihd.ecw', 1, ''),
(318, '2009-07-16 18:43:31', 4, 8, '814', 'heritagegolf_125_ndvihd.ecw', 1, ''),
(319, '2009-07-16 18:44:14', 4, 8, '815', 'i34_250_ndvihd.ecw', 1, ''),
(320, '2009-07-16 18:44:45', 4, 8, '816', 'indiansprings_125_ndvihd.ecw', 1, ''),
(321, '2009-07-16 18:45:15', 4, 8, '817', 'j12_250_ndvihd.ecw', 1, ''),
(322, '2009-07-16 18:47:06', 4, 8, '818', 'myrtle14_250_ndvihd.ecw', 1, ''),
(323, '2009-07-16 18:47:30', 4, 8, '819', 'nettle5_250_ndvihd.ecw', 1, ''),
(324, '2009-07-16 18:48:29', 4, 8, '820', 'osage89_250_ndvihd.ecw', 1, ''),
(325, '2009-07-16 18:49:04', 4, 8, '821', 'osterkamp_250_ndvihd.ecw', 1, ''),
(326, '2009-07-16 18:49:34', 4, 8, '822', 'parafw_250_ndvihd.ecw', 1, ''),
(327, '2009-07-16 18:50:04', 4, 8, '823', 'pfisterhreast_250_ndvihd.ecw', 1, ''),
(328, '2009-07-16 18:50:26', 4, 8, '824', 'quatrodm_250_ndvihd.ecw', 1, ''),
(329, '2009-07-16 18:51:39', 4, 8, '825', 'ranchosdh_250_ndvihd.ecw', 1, ''),
(330, '2009-07-16 18:52:01', 4, 8, '826', 'rbw_250_ndvihd.ecw', 1, ''),
(331, '2009-07-16 18:52:23', 4, 8, '827', 'rucker1_125_ndvihd.ecw', 1, ''),
(332, '2009-07-16 18:52:43', 4, 8, '828', 'scheu_250_ndvihd.ecw', 1, ''),
(333, '2009-07-16 18:53:06', 4, 8, '829', 'threeflag2_250_ndvihd.ecw', 1, ''),
(334, '2009-07-16 18:53:38', 4, 8, '830', 'threeflags_250_ndvihd.ecw', 1, ''),
(335, '2009-07-16 18:54:22', 4, 8, '831', 'alkalinbnx_250_rgb.ecw', 1, ''),
(336, '2009-07-16 18:54:47', 4, 8, '832', 'claverie_250_rgb.ecw', 1, ''),
(337, '2009-07-16 18:55:13', 4, 8, '833', 'heritagegolf_125_rgb.ecw', 1, ''),
(338, '2009-07-16 18:55:44', 4, 8, '834', 'i34_250_rgb.ecw', 1, ''),
(339, '2009-07-16 18:56:10', 4, 8, '835', 'indiansprings_125_rgb.ecw', 1, ''),
(340, '2009-07-16 18:56:31', 4, 8, '836', 'j12_250_rgb.ecw', 1, ''),
(341, '2009-07-16 18:57:03', 4, 8, '837', 'myrtle14_250_rgb.ecw', 1, ''),
(342, '2009-07-16 18:57:30', 4, 8, '838', 'nettle5_250_rgb.ecw', 1, ''),
(343, '2009-07-16 18:58:05', 4, 8, '839', 'osage89_250_rgb.ecw', 1, ''),
(344, '2009-07-16 18:58:44', 4, 8, '840', 'osterkamp_250_RGB.ecw', 1, ''),
(345, '2009-07-16 19:26:39', 4, 8, '841', 'parafw_250_rgb.ecw', 1, ''),
(346, '2009-07-16 19:26:58', 4, 8, '842', 'pfisterhreast_250_rgb.ecw', 1, ''),
(347, '2009-07-16 19:27:22', 4, 8, '843', 'quatrodm_250_rgb.ecw', 1, ''),
(348, '2009-07-16 19:27:52', 4, 8, '844', 'ranchosdh_250_rgb.ecw', 1, ''),
(349, '2009-07-16 19:28:12', 4, 8, '845', 'rbw_250_rgb.ecw', 1, ''),
(350, '2009-07-16 19:28:36', 4, 8, '846', 'rucker1_125_rgb.ecw', 1, ''),
(351, '2009-07-16 19:28:58', 4, 8, '847', 'scheu_250_rgb.ecw', 1, ''),
(352, '2009-07-16 19:29:16', 4, 8, '848', 'threeflag2_250_rgb.ecw', 1, ''),
(353, '2009-07-16 19:29:36', 4, 8, '849', 'threeflags_250_rgb.ecw', 1, ''),
(354, '2009-07-16 19:41:19', 4, 8, '814', 'heritagegolf_125_ndvihd.ecw', 2, 'Changed user.'),
(355, '2009-07-17 21:53:08', 3, 8, '850', 'thefigtree_250_rgb.ecw', 1, ''),
(356, '2009-07-17 21:54:09', 3, 8, '851', 'thefigtree_250_cir.ecw', 1, ''),
(357, '2009-07-17 21:55:08', 3, 8, '852', 'thefigtree_250_ndvi.ecw', 1, ''),
(358, '2009-07-17 21:55:24', 3, 8, '851', 'thefigtree_250_cir.ecw', 2, 'Changed imgtype.'),
(359, '2009-07-17 21:56:11', 3, 8, '853', 'thefigtree_250_ndvihd.ecw', 1, ''),
(360, '2009-07-17 21:56:21', 3, 8, '852', 'thefigtree_250_ndvi.ecw', 2, 'No fields changed.'),
(361, '2009-07-17 21:57:09', 3, 8, '854', 'vail221_250_rgb.ecw', 1, ''),
(362, '2009-07-17 21:57:50', 3, 8, '855', 'vail221_250_cir.ecw', 1, ''),
(363, '2009-07-17 21:58:32', 3, 8, '856', 'vail221_250_ndvi.ecw', 1, ''),
(364, '2009-07-17 21:59:08', 3, 8, '857', 'vail221_250_ndvihd.ecw', 1, ''),
(365, '2009-07-17 21:59:24', 3, 8, '856', 'vail221_250_ndvi.ecw', 2, 'No fields changed.'),
(366, '2009-07-31 22:01:01', 4, 8, '853', 'thefigtree_250_ndvihd.ecw', 2, 'Changed layer.'),
(367, '2009-08-03 06:24:05', 4, 3, '10', 'randyh', 1, ''),
(368, '2009-08-03 06:24:42', 4, 3, '10', 'randyh', 2, 'Changed first_name, last_name and email.'),
(369, '2009-08-03 06:25:00', 4, 3, '10', 'rholleschau', 2, 'Changed username.'),
(370, '2009-08-03 06:29:05', 4, 9, '55', '55', 1, ''),
(371, '2009-08-03 06:31:45', 4, 8, '858', 'pecanorc_125_cir.ecw', 1, ''),
(372, '2009-08-03 06:32:10', 4, 8, '859', 'pecanorc_125_ndvi.ecw', 1, ''),
(373, '2009-08-03 06:32:51', 4, 8, '860', 'pecanorc_125_ndvihd.ecw', 1, ''),
(374, '2009-08-03 06:33:24', 4, 8, '861', 'pecanorc_125_rgb.ecw', 1, ''),
(375, '2009-08-04 21:59:48', 3, 8, '862', 'alkalin-bn1-bn2_250_rgb.jp2', 1, ''),
(376, '2009-08-04 22:31:35', 3, 8, '863', 'alkalin-bn1-bn2_250_cir.jp2', 1, ''),
(377, '2009-08-04 23:10:31', 4, 9, '36', '36', 2, 'Changed name.'),
(378, '2009-09-13 18:14:00', 3, 8, '864', 'beachhighnw02_250_rgb.jp2', 1, ''),
(379, '2009-09-13 18:22:03', 3, 8, '865', 'beachhighnw02_250_cir.jp2', 1, ''),
(380, '2009-09-13 18:23:15', 3, 8, '866', 'beachhighnw02_250_ndvi.jp2', 1, ''),
(381, '2009-09-13 18:24:10', 3, 8, '867', 'beachhighnw02_250_ndvihd.jp2', 1, ''),
(382, '2009-09-13 22:02:31', 3, 9, '46', 'Beachline / Highline 1', 2, 'No fields changed.'),
(383, '2009-09-13 22:04:33', 3, 9, '56', 'Sharps 103-104', 1, ''),
(384, '2009-09-13 22:08:31', 3, 9, '57', 'Casa Grande', 1, ''),
(385, '2009-09-13 22:12:09', 3, 8, '868', 'beachhighse02_250_cir.jp2', 1, ''),
(386, '2009-09-13 22:12:39', 3, 8, '869', 'casagrande_250_cir.jp2', 1, ''),
(387, '2009-09-13 22:14:18', 3, 8, '870', 'sharps103-104_250_cir.jp2', 1, ''),
(388, '2009-09-13 22:14:52', 3, 8, '871', 'thefigtree02_250_cir.jp2', 1, ''),
(389, '2009-09-13 22:16:07', 3, 8, '872', 'beachhighse02_250_ndvi.jp2', 1, ''),
(390, '2009-09-13 22:16:45', 3, 8, '873', 'casagrande_250_ndvi.jp2', 1, ''),
(391, '2009-09-13 23:21:17', 3, 8, '874', 'sharps103-104_250_ndvi.jp2', 1, ''),
(392, '2009-09-13 23:21:43', 3, 8, '875', 'thefigtree02_250_ndvi.jp2', 1, ''),
(393, '2009-09-13 23:22:21', 3, 8, '876', 'beachhighse02_250_ndvihd.jp2', 1, ''),
(394, '2009-09-13 23:22:37', 3, 8, '877', 'casagrande_250_ndvihd.jp2', 1, ''),
(395, '2009-09-13 23:23:08', 3, 8, '878', 'sharps103-104_250_ndvihd.jp2', 1, ''),
(396, '2009-09-13 23:23:23', 3, 8, '879', 'thefigtree02_250_ndvihd.jp2', 1, ''),
(397, '2009-09-13 23:23:40', 3, 8, '880', 'beachhighse02_250_rgb.jp2', 1, ''),
(398, '2009-09-13 23:23:58', 3, 8, '881', 'casagrande_250_rgb.jp2', 1, ''),
(399, '2009-09-13 23:24:15', 3, 8, '882', 'sharps103-104_250_rgb.jp2', 1, ''),
(400, '2009-09-13 23:24:46', 3, 8, '883', 'thefigtree02_250_rgb.jp2', 1, ''),
(401, '2009-09-13 23:30:44', 3, 8, '883', 'thefigtree02_250_rgb.jp2', 2, 'Changed layer.'),
(402, '2009-09-14 08:27:58', 4, 8, '881', 'casagrande_250_rgb.jp2', 2, 'Changed layer.'),
(403, '2009-09-14 08:28:13', 4, 8, '882', 'sharps103-104_250_rgb.jp2', 2, 'Changed layer.'),
(404, '2009-09-15 00:45:33', 3, 8, '883', 'thefigtree02_250_rgb.jp2', 2, 'No fields changed.'),
(405, '2009-09-15 00:47:01', 3, 8, '883', 'thefigtree02_250_rgb.jp2', 2, 'No fields changed.'),
(406, '2009-09-15 00:49:30', 3, 8, 'None', 'thefigtree02_250_rgb.jp2', 3, ''),
(407, '2009-09-15 00:50:38', 3, 8, '884', 'thefigtree02_250_rgb.jp2', 1, ''),
(408, '2009-09-15 00:53:12', 3, 8, '874', 'sharps103-104_250_ndvi.jp2', 2, 'Changed layer.'),
(409, '2009-09-15 00:53:24', 3, 8, '875', 'thefigtree02_250_ndvi.jp2', 2, 'Changed layer.'),
(410, '2009-09-15 00:53:34', 3, 8, '876', 'beachhighse02_250_ndvihd.jp2', 2, 'Changed layer.'),
(411, '2009-09-15 00:53:46', 3, 8, '877', 'casagrande_250_ndvihd.jp2', 2, 'Changed layer.'),
(412, '2009-09-15 00:53:54', 3, 8, '878', 'sharps103-104_250_ndvihd.jp2', 2, 'Changed layer.'),
(413, '2009-09-15 00:54:02', 3, 8, '879', 'thefigtree02_250_ndvihd.jp2', 2, 'Changed layer.'),
(414, '2009-09-15 00:54:38', 3, 8, '880', 'beachhighse02_250_rgb.jp2', 2, 'Changed layer.'),
(415, '2009-09-22 14:52:07', 4, 9, '57', 'ARP Farms 35-5, 35-6', 2, 'Changed name.'),
(416, '2009-09-22 22:04:23', 3, 8, '885', 'sharps_test_rgb_11ncropped.jp2', 1, ''),
(417, '2009-09-22 22:04:58', 3, 8, '886', 'sharps_test_rgb_11ncropped.jp2', 1, ''),
(418, '2009-09-22 22:05:36', 3, 8, 'None', 'sharps_test_rgb_11ncropped.jp2', 3, ''),
(419, '2009-10-04 17:16:57', 3, 8, '886', 'o-8_250_rgb.jp2', 1, ''),
(420, '2009-10-04 17:35:02', 3, 8, '887', 'o-8_rgb_250b.jp2', 1, ''),
(421, '2009-10-04 21:42:34', 3, 8, '888', 'n4--01_250_rgb.jp2', 1, ''),
(422, '2009-10-04 21:48:26', 3, 8, '889', 'n4--01_250_cir.jp2', 1, ''),
(423, '2009-10-04 21:48:52', 3, 8, '889', 'n4--01_250_cir.jp2', 2, 'Changed layer.'),
(424, '2009-10-04 21:49:31', 3, 8, '890', 'n4--01_250_ndvi.jp2', 1, ''),
(425, '2009-10-04 21:52:00', 3, 8, '891', 'n4--01_250_ndvihd.jp2', 1, ''),
(426, '2009-10-04 22:13:22', 4, 3, '11', 'IID', 1, ''),
(427, '2009-10-04 22:13:34', 4, 3, '12', 'CWD', 1, ''),
(428, '2009-10-04 22:33:07', 3, 9, '56', 'Sharps 103-104', 2, 'No fields changed.'),
(429, '2009-10-04 22:34:38', 3, 9, '58', 'G3', 1, ''),
(430, '2009-10-04 22:37:28', 3, 8, '892', 'g3_250_cir.jp2', 1, ''),
(431, '2009-10-04 22:38:15', 3, 8, '893', 'g3_250_ndvi.jp2', 1, ''),
(432, '2009-10-04 22:38:40', 3, 8, '894', 'g3_250_ndvihd.jp2', 1, ''),
(433, '2009-10-04 22:39:00', 3, 8, '895', 'g3_250_rgb.jp2', 1, ''),
(434, '2009-10-05 11:00:14', 3, 9, '59', 'Casa Grande', 1, ''),
(435, '2009-10-05 11:00:47', 3, 8, '896', 'casagrande_250_cir.jp2', 1, ''),
(436, '2009-10-05 11:01:01', 3, 8, '897', 'casagrande_250_ndvi.jp2', 1, ''),
(437, '2009-10-05 11:01:17', 3, 8, '898', 'casagrande_250_ndvihd.jp2', 1, ''),
(438, '2009-10-05 11:01:37', 3, 8, '899', 'casagrande_250_rgb.jp2', 1, ''),
(439, '2009-10-05 11:28:38', 3, 8, '900', 'o-8_250_cir.jp2', 1, ''),
(440, '2009-10-05 11:29:06', 3, 8, '901', 'o-8_250_cir.jp2', 1, ''),
(441, '2009-10-05 11:30:43', 3, 8, '902', 'o-8_250_ndvi.jp2', 1, ''),
(442, '2009-10-05 11:31:17', 3, 8, '903', 'o-8_250_ndvihd.jp2', 1, ''),
(443, '2009-10-05 11:32:18', 3, 8, '904', 'o-8_250_rgb.jp2', 1, ''),
(444, '2009-10-05 11:32:41', 3, 8, 'None', 'o-8_250_cir.jp2', 3, ''),
(445, '2009-10-05 11:32:58', 3, 8, '901', 'o-8_250_cir.jp2', 2, 'No fields changed.'),
(446, '2009-10-05 11:33:08', 3, 8, '902', 'o-8_250_ndvi.jp2', 2, 'No fields changed.'),
(447, '2009-10-05 11:33:14', 3, 8, '903', 'o-8_250_ndvihd.jp2', 2, 'No fields changed.'),
(448, '2009-10-05 11:33:19', 3, 8, '904', 'o-8_250_rgb.jp2', 2, 'No fields changed.'),
(449, '2009-10-05 12:11:44', 3, 9, '60', 'Osage Citrus', 1, ''),
(450, '2009-10-05 12:12:39', 3, 8, '905', 'osagecit_250_cir.jp2', 1, ''),
(451, '2009-10-05 12:13:03', 3, 8, '906', 'osagecit_250_ndvi.jp2', 1, ''),
(452, '2009-10-05 12:13:25', 3, 8, '907', 'osagecit_250_ndvihd.jp2', 1, ''),
(453, '2009-10-05 12:13:46', 3, 8, '908', 'osagecit_250_rgb.jp2', 1, ''),
(454, '2009-10-05 12:40:29', 3, 8, '909', 'quatrodm_250_rgb.jp2', 1, ''),
(455, '2009-10-05 12:40:52', 3, 8, '910', 'quatrodm_250_ndvihd.jp2', 1, ''),
(456, '2009-10-05 12:41:12', 3, 8, '911', 'quatrodm_250_ndvi.jp2', 1, ''),
(457, '2009-10-05 12:41:35', 3, 8, '912', 'quatrodm_250_cir.jp2', 1, ''),
(458, '2009-10-05 12:41:52', 3, 8, '909', 'quatrodm_250_rgb.jp2', 2, 'No fields changed.'),
(459, '2009-10-05 12:42:02', 3, 8, '910', 'quatrodm_250_ndvihd.jp2', 2, 'No fields changed.'),
(460, '2009-10-05 12:42:09', 3, 8, '911', 'quatrodm_250_ndvi.jp2', 2, 'No fields changed.'),
(461, '2009-10-05 12:42:15', 3, 8, '912', 'quatrodm_250_cir.jp2', 2, 'No fields changed.'),
(462, '2009-10-05 13:01:25', 3, 8, '913', 'ranchosdh_250_cir.jp2', 1, ''),
(463, '2009-10-05 13:01:47', 3, 8, '914', 'ranchosdh_250_ndvi.jp2', 1, ''),
(464, '2009-10-05 13:02:06', 3, 8, '915', 'ranchosdh_250_ndvihd.jp2', 1, ''),
(465, '2009-10-05 13:02:25', 3, 8, '916', 'ranchosdh_250_rgb.jp2', 1, ''),
(466, '2009-10-05 13:13:17', 3, 8, '917', 'scheu_250_cir.jp2', 1, ''),
(467, '2009-10-05 13:13:34', 3, 8, '918', 'scheu_250_ndvi.jp2', 1, ''),
(468, '2009-10-05 13:13:52', 3, 8, '919', 'scheu_250_ndvihd.jp2', 1, ''),
(469, '2009-10-05 13:14:09', 3, 8, '920', 'scheu_250_rgb.jp2', 1, ''),
(470, '2009-10-05 13:55:35', 4, 9, '9', 'Cuatro Del Mar', 2, 'Changed name.'),
(471, '2009-10-05 14:24:35', 3, 8, '921', 'sharps103-104_250_cir.jp2', 1, ''),
(472, '2009-10-05 14:24:55', 3, 8, '922', 'sharps103-104_250_ndvi.jp2', 1, ''),
(473, '2009-10-05 14:25:19', 3, 8, '923', 'sharps103-104_250_ndvihd.jp2', 1, ''),
(474, '2009-10-05 14:25:37', 3, 8, '924', 'sharps103-104_250_rgb.jp2', 1, ''),
(475, '2009-10-05 21:16:44', 3, 9, '61', 'Desert Delight', 1, ''),
(476, '2009-10-05 21:17:31', 3, 8, '925', 'desertdel_250_cir.jp2', 1, ''),
(477, '2009-10-05 21:17:53', 3, 8, '926', 'desertdel_250_ndvi.jp2', 1, ''),
(478, '2009-10-05 21:18:21', 3, 8, '927', 'desertdel_250_ndvihd.jp2', 1, ''),
(479, '2009-10-05 21:18:55', 3, 8, '928', 'desertdel_250_rgb.jp2', 1, ''),
(480, '2009-10-05 22:10:17', 4, 9, '62', 'IID Marsh Land Reclamation', 1, ''),
(481, '2009-10-05 22:10:38', 4, 8, '929', 'iid-marshrec_250_rgb.jp2', 1, ''),
(482, '2009-10-05 22:11:11', 4, 8, '930', 'iid-marshrec_250_cir.jp2', 1, ''),
(483, '2009-10-05 22:11:37', 4, 8, '931', 'iid-marshrec_250_ndvi.jp2', 1, ''),
(484, '2009-10-05 22:12:13', 4, 8, '932', 'iid-marshrec_250_ndvihd.jp2', 1, ''),
(485, '2009-10-06 07:36:44', 4, 8, '896', 'casagrande_250_cir.jp2', 2, 'Changed property.'),
(486, '2009-10-06 07:36:55', 4, 8, '897', 'casagrande_250_ndvi.jp2', 2, 'Changed property.'),
(487, '2009-10-06 07:37:03', 4, 8, '898', 'casagrande_250_ndvihd.jp2', 2, 'Changed property.'),
(488, '2009-10-06 07:37:11', 4, 8, '899', 'casagrande_250_rgb.jp2', 2, 'Changed property.'),
(489, '2009-10-06 07:37:51', 4, 9, 'None', 'Casa Grande', 3, ''),
(490, '2009-10-06 22:29:05', 4, 3, '12', 'CVWD', 2, 'Changed username.'),
(491, '2009-10-06 23:29:39', 3, 9, '63', 'CVWD Recharge', 1, ''),
(492, '2009-10-06 23:31:16', 3, 8, '933', 'cvwd-recharge_125_rgb.jp2', 1, ''),
(493, '2009-10-07 00:22:54', 4, 8, '929', 'iid-marshrec_250_rgb.jp2', 2, 'Changed layer.'),
(494, '2009-10-07 00:23:19', 3, 8, '934', 'cvwd-recharge_125_cir.jp2', 1, ''),
(495, '2009-10-07 00:24:28', 3, 8, '935', 'cvwd-recharge_125_ndvi.jp2', 1, ''),
(496, '2009-10-07 00:24:56', 3, 8, '936', 'cvwd-recharge_125_ndvihd.jp2', 1, ''),
(497, '2009-10-07 14:54:51', 3, 9, '64', 'Marriot Desert Springs Resort', 1, ''),
(498, '2009-10-07 14:56:12', 3, 9, '65', 'Marriot Shadow Ridge', 1, ''),
(499, '2009-10-07 14:57:15', 3, 8, '937', 'mardesgolf_125_cir.jp2', 1, ''),
(500, '2009-10-07 14:57:44', 3, 8, '938', 'marshagolf_125_cir.jp2', 1, ''),
(501, '2009-10-07 14:58:35', 3, 8, '939', 'mardesgolf_125_ndvi.jp2', 1, ''),
(502, '2009-10-07 14:59:00', 3, 8, '940', 'marshagolf_125_ndvi.jp2', 1, ''),
(503, '2009-10-07 14:59:42', 3, 8, '941', 'mardesgolf_125_ndvihd.jp2', 1, ''),
(504, '2009-10-07 15:00:10', 3, 8, '942', 'marshagolf_125_ndvihd.jp2', 1, ''),
(505, '2009-10-07 15:00:37', 3, 8, '943', 'mardesgolf_125_rgb.jp2', 1, ''),
(506, '2009-10-07 15:01:01', 3, 8, '944', 'marshagolf_125_rgb.jp2', 1, ''),
(507, '2009-10-07 18:50:12', 3, 8, '945', 'indianheritage_125_cir.jp2', 1, ''),
(508, '2009-10-07 18:50:35', 3, 8, '946', 'indianheritage_125_ndvi.jp2', 1, ''),
(509, '2009-10-07 18:51:05', 3, 8, '947', 'indianheritage_125_ndvihd.jp2', 1, ''),
(510, '2009-10-07 18:51:25', 3, 8, '948', 'indianheritage_125_rgb.jp2', 1, ''),
(511, '2009-10-07 20:08:17', 3, 9, '66', 'La Quinta Country Club', 1, ''),
(512, '2009-10-07 20:08:53', 3, 8, '949', 'laquinta_125_cir.jp2', 1, ''),
(513, '2009-10-07 20:09:13', 3, 8, '950', 'laquinta_125_ndvi.jp2', 1, ''),
(514, '2009-10-07 20:09:31', 3, 8, '951', 'laquinta_125_ndvihd.jp2', 1, ''),
(515, '2009-10-07 20:09:48', 3, 8, '952', 'laquinta_125_rgb.jp2', 1, ''),
(516, '2009-10-10 10:10:18', 4, 8, '952', 'laquinta_125_rgb.jp2', 2, 'Changed user.'),
(517, '2009-10-10 10:10:28', 4, 8, '951', 'laquinta_125_ndvihd.jp2', 2, 'Changed user.'),
(518, '2009-10-10 10:10:38', 4, 8, '950', 'laquinta_125_ndvi.jp2', 2, 'Changed user.'),
(519, '2009-10-10 10:10:47', 4, 8, '949', 'laquinta_125_cir.jp2', 2, 'Changed user.'),
(520, '2009-10-10 10:11:02', 4, 8, '948', 'indianheritage_125_rgb.jp2', 2, 'Changed user.'),
(521, '2009-10-10 10:11:10', 4, 8, '947', 'indianheritage_125_ndvihd.jp2', 2, 'Changed user.'),
(522, '2009-10-10 10:11:16', 4, 8, '946', 'indianheritage_125_ndvi.jp2', 2, 'Changed user.'),
(523, '2009-10-10 10:11:24', 4, 8, '945', 'indianheritage_125_cir.jp2', 2, 'Changed user.'),
(524, '2009-10-10 10:11:55', 4, 3, '13', 'Marriot', 1, ''),
(525, '2009-10-10 10:11:59', 4, 8, '944', 'marshagolf_125_rgb.jp2', 2, 'Changed user.'),
(526, '2009-10-10 10:12:13', 4, 8, '943', 'mardesgolf_125_rgb.jp2', 2, 'Changed user.'),
(527, '2009-10-10 10:12:20', 4, 8, '942', 'marshagolf_125_ndvihd.jp2', 2, 'Changed user.'),
(528, '2009-10-10 10:12:28', 4, 8, '940', 'marshagolf_125_ndvi.jp2', 2, 'Changed user.'),
(529, '2009-10-10 10:12:37', 4, 8, '939', 'mardesgolf_125_ndvi.jp2', 2, 'Changed user.'),
(530, '2009-10-10 10:12:47', 4, 8, '941', 'mardesgolf_125_ndvihd.jp2', 2, 'Changed user.'),
(531, '2009-10-10 10:13:01', 4, 8, '939', 'mardesgolf_125_ndvi.jp2', 2, 'No fields changed.'),
(532, '2009-10-10 10:13:09', 4, 8, '938', 'marshagolf_125_cir.jp2', 2, 'Changed user.'),
(533, '2009-10-10 10:13:20', 4, 8, '937', 'mardesgolf_125_cir.jp2', 2, 'Changed user.'),
(534, '2009-10-13 20:16:47', 4, 9, '66', 'La Quinta Country Club', 2, 'Changed user.'),
(535, '2009-10-13 20:17:07', 4, 9, '42', 'Rancho La Quinta Country Club', 2, 'No fields changed.'),
(536, '2009-10-13 20:17:43', 4, 9, '65', 'Marriot Shadow Ridge', 2, 'Changed user.'),
(537, '2009-10-13 20:17:48', 4, 9, '64', 'Marriot Desert Springs Resort', 2, 'Changed user.'),
(538, '2009-10-13 20:17:52', 4, 9, '63', 'CVWD Recharge', 2, 'No fields changed.'),
(539, '2009-10-13 20:17:56', 4, 9, '62', 'IID Marsh Land Reclamation', 2, 'No fields changed.'),
(540, '2009-10-13 20:18:02', 4, 9, '57', 'ARP Farms 35-5, 35-6', 2, 'No fields changed.'),
(541, '2009-10-13 21:40:12', 3, 9, '67', 'La Quinta Dunes', 1, ''),
(542, '2009-10-13 21:41:23', 3, 8, '953', 'laquintadunes_125_cir.jp2', 1, ''),
(543, '2009-10-13 21:41:45', 3, 8, '954', 'laquintadunes_125_ndvi.jp2', 1, ''),
(544, '2009-10-13 21:42:04', 3, 8, '955', 'laquintadunes_125_ndvihd.jp2', 1, ''),
(545, '2009-10-13 21:42:22', 3, 8, '956', 'laquintadunes_125_rgb.jp2', 1, ''),
(546, '2009-10-13 21:43:00', 3, 8, '956', 'laquintadunes_125_rgb.jp2', 2, 'Changed user.'),
(547, '2009-10-13 21:43:07', 3, 8, '955', 'laquintadunes_125_ndvihd.jp2', 2, 'Changed user.'),
(548, '2009-10-13 21:43:17', 3, 8, '954', 'laquintadunes_125_ndvi.jp2', 2, 'Changed user.'),
(549, '2009-10-13 21:43:25', 3, 8, '953', 'laquintadunes_125_cir.jp2', 2, 'Changed user.'),
(550, '2009-10-13 21:46:01', 3, 9, '67', 'La Quinta Dunes', 2, 'Changed user.'),
(551, '2009-10-13 22:17:02', 3, 9, '68', 'LA Quinta Mountain Course', 1, ''),
(552, '2009-10-13 22:17:35', 3, 8, '957', 'laquintamountain_125_cir.jp2', 1, ''),
(553, '2009-10-13 22:18:00', 3, 8, '958', 'laquintamountain_125_ndvi.jp2', 1, ''),
(554, '2009-10-13 22:18:22', 3, 8, '959', 'laquintamountain_125_ndvihd.jp2', 1, ''),
(555, '2009-10-13 22:18:51', 3, 8, '960', 'laquintamountain_125_rgb.jp2', 1, ''),
(556, '2009-10-13 22:18:56', 3, 8, '960', 'laquintamountain_125_rgb.jp2', 2, 'No fields changed.'),
(557, '2009-10-13 22:19:00', 3, 8, '959', 'laquintamountain_125_ndvihd.jp2', 2, 'No fields changed.'),
(558, '2009-10-13 22:19:04', 3, 8, '958', 'laquintamountain_125_ndvi.jp2', 2, 'No fields changed.'),
(559, '2009-10-13 22:19:08', 3, 8, '957', 'laquintamountain_125_cir.jp2', 2, 'No fields changed.'),
(560, '2009-10-13 23:02:57', 3, 8, '961', 'laquintacountryclub_125_cir.jp2', 1, ''),
(561, '2009-10-13 23:03:17', 3, 8, '962', 'laquintacountryclub_125_ndvi.jp2', 1, ''),
(562, '2009-10-13 23:03:32', 3, 8, '963', 'laquintacountryclub_125_ndvihd.jp2', 1, ''),
(563, '2009-10-13 23:03:50', 3, 8, '964', 'laquintacountryclub_125_rgb.jp2', 1, ''),
(564, '2009-10-13 23:21:56', 3, 9, '69', 'Marriot Rancho Las Palmas', 1, ''),
(565, '2009-10-13 23:23:23', 3, 8, '965', 'heritpalms_125_cir.jp2', 1, ''),
(566, '2009-10-13 23:23:42', 3, 8, '966', 'indsprings_125_cir.jp2', 1, ''),
(567, '2009-10-13 23:24:01', 3, 8, '967', 'marrangolf_125_cir.jp2', 1, ''),
(568, '2009-10-13 23:24:18', 3, 8, '968', 'heritpalms_125_ndvi.jp2', 1, ''),
(569, '2009-10-13 23:24:37', 3, 8, '969', 'indsprings_125_ndvi.jp2', 1, ''),
(570, '2009-10-13 23:25:11', 3, 8, '970', 'marrangolf_125_ndvi.jp2', 1, ''),
(571, '2009-10-13 23:25:29', 3, 8, '967', 'marrangolf_125_cir.jp2', 2, 'Changed property.'),
(572, '2009-10-13 23:25:53', 3, 8, '971', 'marrangolf_125_ndvihd.jp2', 1, ''),
(573, '2009-10-13 23:26:10', 3, 8, '972', 'indsprings_125_ndvihd.jp2', 1, ''),
(574, '2009-10-13 23:26:26', 3, 8, '973', 'heritpalms_125_ndvihd.jp2', 1, ''),
(575, '2009-10-13 23:26:43', 3, 8, '974', 'heritpalms_125_rgb.jp2', 1, ''),
(576, '2009-10-13 23:26:58', 3, 8, '975', 'indsprings_125_rgb.jp2', 1, ''),
(577, '2009-10-13 23:27:16', 3, 8, '976', 'marrangolf_125_rgb.jp2', 1, ''),
(578, '2009-10-14 21:27:30', 4, 8, '319', 'Salton_City_Pass_1_2_3_4_Georef_250.ecw', 2, 'Changed user.'),
(579, '2009-10-14 21:29:35', 4, 8, '319', 'Salton_City_Pass_1_2_3_4_Georef_250.ecw', 2, 'No fields changed.'),
(580, '2009-10-14 21:29:52', 4, 9, '4', 'Salton City', 2, 'Changed user.'),
(581, '2009-10-15 23:45:09', 3, 9, '70', 'Dos Palm Mitigation', 1, ''),
(582, '2009-10-15 23:47:18', 3, 8, '977', 'dospalmmit_250_cir.jp2', 1, ''),
(583, '2009-10-15 23:47:44', 3, 8, '978', 'dospalmmit_250_ndvi.jp2', 1, ''),
(584, '2009-10-15 23:48:04', 3, 8, '979', 'dospalmmit_250_ndvihd.jp2', 1, ''),
(585, '2009-10-15 23:48:20', 3, 8, '980', 'dospalmmit_250_rgb.jp2', 1, ''),
(586, '2009-10-16 00:52:19', 3, 9, '70', 'Dos Palm Mitigation', 2, 'Changed resolution.'),
(587, '2009-10-16 00:52:39', 3, 9, '70', 'Dos Palm Mitigation', 2, 'No fields changed.'),
(588, '2009-10-16 08:42:18', 4, 9, '70', 'Dos Palm Mitigation - 10 inch', 2, 'Changed name.'),
(589, '2009-10-16 08:43:32', 4, 9, '63', 'CVWD Recharge - 6 inch', 2, 'Changed name.'),
(590, '2009-10-16 08:43:48', 4, 9, '4', 'Salton City - 18 inch', 2, 'Changed name.'),
(591, '2009-10-16 08:44:03', 4, 9, '68', 'LA Quinta Mountain Course - 5 inch', 2, 'Changed name.'),
(592, '2009-10-16 08:44:10', 4, 9, '63', 'CVWD Recharge - 5 inch', 2, 'Changed name.'),
(593, '2009-10-16 08:44:26', 4, 9, '68', 'LA Quinta Mountain Course - 5 inch', 2, 'Changed user.'),
(594, '2009-10-16 08:44:43', 4, 8, '960', 'laquintamountain_125_rgb.jp2', 2, 'Changed user.');
INSERT INTO `django_admin_log` (`id`, `action_time`, `user_id`, `content_type_id`, `object_id`, `object_repr`, `action_flag`, `change_message`) VALUES
(595, '2009-10-16 08:44:52', 4, 8, '959', 'laquintamountain_125_ndvihd.jp2', 2, 'Changed user.'),
(596, '2009-10-16 08:44:59', 4, 8, '958', 'laquintamountain_125_ndvi.jp2', 2, 'Changed user.'),
(597, '2009-10-16 08:45:11', 4, 8, '957', 'laquintamountain_125_cir.jp2', 2, 'Changed user.'),
(598, '2009-10-16 08:47:33', 4, 9, '68', 'LA Quinta Mountain Course', 2, 'Changed user and name.'),
(599, '2009-10-16 08:47:42', 4, 9, '66', 'La Quinta Country Club - 5 inch', 2, 'Changed name.'),
(600, '2009-10-16 08:47:52', 4, 8, '964', 'laquintacountryclub_125_rgb.jp2', 2, 'Changed user.'),
(601, '2009-10-16 08:47:57', 4, 8, '963', 'laquintacountryclub_125_ndvihd.jp2', 2, 'Changed user.'),
(602, '2009-10-16 08:48:02', 4, 8, '962', 'laquintacountryclub_125_ndvi.jp2', 2, 'Changed user.'),
(603, '2009-10-16 08:48:09', 4, 8, '961', 'laquintacountryclub_125_cir.jp2', 2, 'Changed user.'),
(604, '2009-10-16 08:48:20', 4, 9, '66', 'La Quinta Country Club - 5 inch', 2, 'Changed user.'),
(605, '2009-10-16 09:46:31', 4, 9, '70', 'Dos Palms Mitigation - 10 inch', 2, 'Changed name.'),
(606, '2009-10-16 09:47:04', 4, 9, '63', 'Thomas Levy Recharge - 5 inch', 2, 'Changed name.'),
(607, '2009-10-16 09:47:48', 4, 9, '70', 'Dos Palmas Mitigation - 10 inch', 2, 'Changed name.'),
(608, '2009-10-18 15:27:00', 3, 8, '981', 'desertdel_250_cir.jp2', 1, ''),
(609, '2009-10-18 15:27:14', 3, 8, '982', 'desertdel_250_ndvi.jp2', 1, ''),
(610, '2009-10-18 15:27:29', 3, 8, '983', 'desertdel_250_ndvihd.jp2', 1, ''),
(611, '2009-10-18 15:27:41', 3, 8, '984', 'desertdel_250_rgb.jp2', 1, ''),
(612, '2009-10-18 17:42:05', 3, 9, '71', 'Benson Tri476A', 1, ''),
(613, '2009-10-18 17:43:42', 3, 8, '985', 'bensent467a_250_cir.jp2', 1, ''),
(614, '2009-10-18 17:44:00', 3, 8, '986', 'bensent467a_250_ndvi.jp2', 1, ''),
(615, '2009-10-18 17:44:15', 3, 8, '987', 'bensent467a_250_ndvihd.jp2', 1, ''),
(616, '2009-10-18 17:44:32', 3, 8, '988', 'bensent467a_250_rgb.jp2', 1, ''),
(617, '2009-10-18 19:10:15', 3, 8, '989', 'sharps103-104_250_cir.jp2', 1, ''),
(618, '2009-10-18 19:10:42', 3, 8, '990', 'sharps103-104_250_ndvi.jp2', 1, ''),
(619, '2009-10-18 19:10:59', 3, 8, '991', 'sharps103-104_250_ndvihd.jp2', 1, ''),
(620, '2009-10-18 19:11:19', 3, 8, '992', 'sharps103-104_250_rgb.jp2', 1, ''),
(621, '2009-10-18 19:26:57', 3, 8, '993', 'n4_250_cir.jp2', 1, ''),
(622, '2009-10-18 19:27:09', 3, 8, '994', 'n4_250_ndvi.jp2', 1, ''),
(623, '2009-10-18 19:27:22', 3, 8, '995', 'n4_250_ndvihd.jp2', 1, ''),
(624, '2009-10-18 19:27:34', 3, 8, '996', 'n4_250_rgb.jp2', 1, ''),
(625, '2009-10-18 20:41:19', 3, 8, '997', 'g3_250_cir.jp2', 1, ''),
(626, '2009-10-18 20:41:32', 3, 8, '998', 'g3_250_ndvi.jp2', 1, ''),
(627, '2009-10-18 20:41:45', 3, 8, '999', 'g3_250_ndvihd.jp2', 1, ''),
(628, '2009-10-18 20:42:03', 3, 8, '1000', 'g3_250_rgb.jp2', 1, ''),
(629, '2009-10-18 21:00:39', 3, 8, '1001', 'iidmarchrec_250_cir.jp2', 1, ''),
(630, '2009-10-18 21:00:56', 3, 8, '1002', 'iidmarchrec_250_ndvi.jp2', 1, ''),
(631, '2009-10-18 21:01:27', 3, 8, '1003', 'iidmarchrec_250_ndvihd.jp2', 1, ''),
(632, '2009-10-18 21:01:47', 3, 8, '1004', 'iidmarchrec_250_rgb.jp2', 1, ''),
(633, '2009-10-18 21:27:52', 3, 8, '1005', 'ranchosdh_250_cir.jp2', 1, ''),
(634, '2009-10-18 21:29:18', 3, 8, '1006', 'ranchosdh_250_cir.jp2', 1, ''),
(635, '2009-10-18 21:29:32', 3, 8, '1007', 'ranchosdh_250_ndvi.jp2', 1, ''),
(636, '2009-10-18 21:30:01', 3, 8, '1008', 'ranchosdh_250_ndvihd.jp2', 1, ''),
(637, '2009-10-18 21:30:24', 3, 8, '1009', 'ranchosdh_250_rgb.jp2', 1, ''),
(638, '2009-10-18 21:50:34', 3, 8, '1010', 'o8_250_cir.jp2', 1, ''),
(639, '2009-10-18 21:50:48', 3, 8, '1011', 'o8_250_ndvi.jp2', 1, ''),
(640, '2009-10-18 21:51:13', 3, 8, '1012', 'o8_250_ndvihd.jp2', 1, ''),
(641, '2009-10-18 21:51:42', 3, 8, '1013', 'o8_250_rgb.jp2', 1, ''),
(642, '2009-10-18 22:11:37', 3, 8, '1014', 'scheu_250_cir.jp2', 1, ''),
(643, '2009-10-18 22:11:49', 3, 8, '1015', 'scheu_250_ndvi.jp2', 1, ''),
(644, '2009-10-18 22:12:01', 3, 8, '1016', 'scheu_250_ndvihd.jp2', 1, ''),
(645, '2009-10-18 22:12:15', 3, 8, '1017', 'scheu_250_rgb.jp2', 1, ''),
(646, '2009-10-18 22:38:35', 3, 8, '1018', 'quatrodm_250_cir.jp2', 1, ''),
(647, '2009-10-18 22:38:54', 3, 8, '1019', 'quatrodm_250_ndvi.jp2', 1, ''),
(648, '2009-10-18 22:39:12', 3, 8, '1020', 'quatrodm_250_ndvihd.jp2', 1, ''),
(649, '2009-10-18 22:39:28', 3, 8, '1021', 'quatrodm_250_rgb.jp2', 1, ''),
(650, '2009-10-19 11:34:37', 3, 8, '981', '20091017_desertdel_250_cir.jp2', 2, 'Changed name and layer.'),
(651, '2009-10-19 11:35:12', 3, 8, '982', '20091017_desertdel_250_ndvi.jp2', 2, 'Changed name and layer.'),
(652, '2009-10-19 11:35:27', 3, 8, '983', '20091017_desertdel_250_ndvihd.jp2', 2, 'Changed name and layer.'),
(653, '2009-10-19 11:35:40', 3, 8, '984', '20091017_desertdel_250_rgb.jp2', 2, 'Changed name and layer.'),
(654, '2009-10-19 11:35:56', 3, 8, '985', '20091017_bensent467a_250_cir.jp2', 2, 'Changed name and layer.'),
(655, '2009-10-19 11:36:11', 3, 8, '986', '20091017_bensent467a_250_ndvi.jp2', 2, 'Changed name and layer.'),
(656, '2009-10-19 11:36:20', 3, 8, '987', '20091017_bensent467a_250_ndvihd.jp2', 2, 'Changed name and layer.'),
(657, '2009-10-19 11:36:31', 3, 8, '988', '20091017_bensent467a_250_rgb.jp2', 2, 'Changed name and layer.'),
(658, '2009-10-19 11:36:44', 3, 8, '989', '20091017_sharps103-104_250_cir.jp2', 2, 'Changed name and layer.'),
(659, '2009-10-19 11:36:53', 3, 8, '990', '20091017_sharps103-104_250_ndvi.jp2', 2, 'Changed name and layer.'),
(660, '2009-10-19 11:37:04', 3, 8, '991', '20091017_sharps103-104_250_ndvihd.jp2', 2, 'Changed name and layer.'),
(661, '2009-10-19 11:37:13', 3, 8, '992', '20091017_sharps103-104_250_rgb.jp2', 2, 'Changed name and layer.'),
(662, '2009-10-19 11:37:24', 3, 8, '993', '20091017_n4_250_cir.jp2', 2, 'Changed name and layer.'),
(663, '2009-10-19 11:37:33', 3, 8, '994', '20091017_n4_250_ndvi.jp2', 2, 'Changed name and layer.'),
(664, '2009-10-19 11:37:43', 3, 8, '995', '20091017_n4_250_ndvihd.jp2', 2, 'Changed name and layer.'),
(665, '2009-10-19 11:37:55', 3, 8, '996', '20091017_n4_250_rgb.jp2', 2, 'Changed name and layer.'),
(666, '2009-10-19 11:38:08', 3, 8, '997', '20091017_g3_250_cir.jp2', 2, 'Changed name and layer.'),
(667, '2009-10-19 11:38:20', 3, 8, '998', '20091017_g3_250_ndvi.jp2', 2, 'Changed name and layer.'),
(668, '2009-10-19 11:38:30', 3, 8, '999', '20091017_g3_250_ndvihd.jp2', 2, 'Changed name and layer.'),
(669, '2009-10-19 11:38:40', 3, 8, '1000', '20091017_g3_250_rgb.jp2', 2, 'Changed name and layer.'),
(670, '2009-10-19 11:38:49', 3, 8, '1001', '20091017_iidmarchrec_250_cir.jp2', 2, 'Changed name and layer.'),
(671, '2009-10-19 11:38:58', 3, 8, '1002', '20091017_iidmarchrec_250_ndvi.jp2', 2, 'Changed name and layer.'),
(672, '2009-10-19 11:39:09', 3, 8, '1003', '20091017_iidmarchrec_250_ndvihd.jp2', 2, 'Changed name and layer.'),
(673, '2009-10-19 11:39:20', 3, 8, '1004', '20091017_iidmarchrec_250_rgb.jp2', 2, 'Changed name and layer.'),
(674, '2009-10-19 11:39:31', 3, 8, '1005', '20091017_ranchosdh_250_cir.jp2', 2, 'Changed name and layer.'),
(675, '2009-10-19 11:39:46', 3, 8, '1006', '20091017_ranchosdh_250_cir.jp2', 2, 'Changed name and layer.'),
(676, '2009-10-19 11:39:57', 3, 8, '1007', '20091017_ranchosdh_250_ndvi.jp2', 2, 'Changed name and layer.'),
(677, '2009-10-19 11:40:06', 3, 8, '1008', '20091017_ranchosdh_250_ndvihd.jp2', 2, 'Changed name and layer.'),
(678, '2009-10-19 11:40:14', 3, 8, '1009', '20091017_ranchosdh_250_rgb.jp2', 2, 'Changed name and layer.'),
(679, '2009-10-19 11:40:24', 3, 8, '1010', '20091017_o8_250_cir.jp2', 2, 'Changed name and layer.'),
(680, '2009-10-19 11:40:32', 3, 8, '1011', '20091017_o8_250_ndvi.jp2', 2, 'Changed name and layer.'),
(681, '2009-10-19 11:40:42', 3, 8, '1012', '20091017_o8_250_ndvihd.jp2', 2, 'Changed name and layer.'),
(682, '2009-10-19 11:40:56', 3, 8, '1013', '20091017_o8_250_rgb.jp2', 2, 'Changed name and layer.'),
(683, '2009-10-19 11:41:07', 3, 8, '1014', '20091017_scheu_250_cir.jp2', 2, 'Changed name and layer.'),
(684, '2009-10-19 11:41:18', 3, 8, '1015', '20091017_scheu_250_ndvi.jp2', 2, 'Changed name and layer.'),
(685, '2009-10-19 11:41:28', 3, 8, '1016', '20091017_scheu_250_ndvihd.jp2', 2, 'Changed name and layer.'),
(686, '2009-10-19 11:41:39', 3, 8, '1017', '20091017_scheu_250_rgb.jp2', 2, 'Changed name and layer.'),
(687, '2009-10-19 11:41:48', 3, 8, '1018', '20091017_quatrodm_250_cir.jp2', 2, 'Changed name and layer.'),
(688, '2009-10-19 11:41:57', 3, 8, '1019', '20091017_quatrodm_250_ndvi.jp2', 2, 'Changed name and layer.'),
(689, '2009-10-19 11:42:12', 3, 8, '1020', '20091017_quatrodm_250_ndvihd.jp2', 2, 'Changed name and layer.'),
(690, '2009-10-19 11:42:23', 3, 8, '1021', '20091017_quatrodm_250_rgb.jp2', 2, 'Changed name and layer.'),
(691, '2009-10-19 12:01:11', 3, 8, '1005', '20091017_ranchosdh_250_cir_crop.jp2', 2, 'Changed name and layer.'),
(692, '2009-10-19 12:01:25', 3, 8, '1006', '20091017_ranchosdh_250_cir_crop.jp2', 2, 'Changed name and layer.'),
(693, '2009-10-19 12:01:45', 3, 8, '1007', '20091017_ranchosdh_250_ndvi_crop.jp2', 2, 'Changed name and layer.'),
(694, '2009-10-19 12:01:59', 3, 8, '1008', '20091017_ranchosdh_250_ndvihd_crop.jp2', 2, 'Changed name and layer.'),
(695, '2009-10-19 12:02:25', 3, 8, '1009', '20091017_ranchosdh_250_rgb_crop.jp2', 2, 'Changed name and layer.'),
(696, '2009-10-19 12:02:55', 3, 8, 'None', '20091017_ranchosdh_250_cir_crop.jp2', 3, ''),
(697, '2009-10-19 18:48:23', 4, 8, '1009', '20091017_ranchosdh_250_rgb_crop.jp2', 2, 'Changed layer.'),
(698, '2009-10-19 23:15:27', 3, 9, '72', 'Ohmar 9', 1, ''),
(699, '2009-10-19 23:16:08', 3, 8, '1022', '20091017_Ohmar9_250_cir.jp2', 1, ''),
(700, '2009-10-19 23:16:27', 3, 8, '1023', '20091017_Ohmar9_250_ndvi.jp2', 1, ''),
(701, '2009-10-19 23:16:46', 3, 8, '1024', '20091017_Ohmar9_250_ndvihd.jp2', 1, ''),
(702, '2009-10-19 23:17:05', 3, 8, '1025', '20091017_Ohmar9_250_rgb.jp2', 1, ''),
(703, '2009-10-20 09:15:32', 1, 8, '1009', '20091017_ranchosdh_250_rgb_crop.jp2', 2, 'Changed imgtype.'),
(704, '2009-10-20 09:16:59', 1, 8, '1009', '20091017_ranchosdh_250_rgb_crop.jp2', 2, 'No fields changed.'),
(705, '2009-10-21 17:26:55', 3, 8, '1026', 'indsprings1017_125_cir.jp2', 1, ''),
(706, '2009-10-21 17:27:19', 3, 8, '1027', 'indsprings1017_125_ndvi.jp2', 1, ''),
(707, '2009-10-21 17:27:39', 3, 8, '1028', 'indsprings1017_125_ndvihd.jp2', 1, ''),
(708, '2009-10-21 17:28:02', 3, 8, '1029', 'indsprings1017_125_rgb.jp2', 1, ''),
(709, '2009-10-21 21:00:48', 3, 8, '1030', '20091017_ARP Farms_250_cir.jp2', 1, ''),
(710, '2009-10-21 21:01:23', 3, 8, '1031', '20091017_casagrande_250_cir.jp2', 1, ''),
(711, '2009-10-21 21:01:38', 3, 8, '1032', '20091017_casagrande_250_ndvi.jp2', 1, ''),
(712, '2009-10-21 21:01:54', 3, 8, '1033', '20091017_casagrande_250_ndvihd.jp2', 1, ''),
(713, '2009-10-21 21:02:10', 3, 8, '1034', '20091017_casagrande_250_rgb.jp2', 1, ''),
(714, '2009-10-21 21:02:26', 3, 8, 'None', '20091017_ARP Farms_250_cir.jp2', 3, ''),
(715, '2009-10-21 22:44:05', 3, 8, '1035', '20091017_heritagepalms_125_cir.jp2', 1, ''),
(716, '2009-10-21 22:44:25', 3, 8, '1036', '20091017_heritagepalms_125_ndvi.jp2', 1, ''),
(717, '2009-10-21 22:44:45', 3, 8, '1037', '20091017_heritagepalms_125_ndvihd.jp2', 1, ''),
(718, '2009-10-21 22:45:12', 3, 8, '1038', '20091017_heritagepalms_125_rgb.jp2', 1, ''),
(719, '2009-10-21 22:49:45', 3, 8, '1039', '20091017_cvwdrecharge_125_cir.jp2', 1, ''),
(720, '2009-10-21 22:50:12', 3, 8, '1040', '20091017_cvwdrecharge_125_ndvi.jp2', 1, ''),
(721, '2009-10-21 22:50:43', 3, 8, '1041', '20091017_cvwdrecharge_125_ndvihd.jp2', 1, ''),
(722, '2009-10-21 22:51:52', 3, 8, '1042', '20091017_cvwdrecharge_125_rgb.jp2', 1, ''),
(723, '2009-10-22 00:35:42', 3, 8, '1043', '20091017_mardesgolf_125_cir.jp2', 1, ''),
(724, '2009-10-22 00:36:03', 3, 8, '1044', '20091017_mardesgolf_125_ndvi.jp2', 1, ''),
(725, '2009-10-22 00:36:19', 3, 8, '1045', '20091017_mardesgolf_125_ndvihd.jp2', 1, ''),
(726, '2009-10-22 00:36:38', 3, 8, '1046', '20091017_mardesgolf_125_rgb.jp2', 1, ''),
(727, '2009-10-22 01:57:49', 3, 8, '1039', '20091017_cvwdrechargeck_125_cir.jp2', 2, 'Changed name and layer.'),
(728, '2009-10-22 01:58:11', 3, 8, '1040', '20091017_cvwdrechargeck_125_ndvi.jp2', 2, 'Changed name and layer.'),
(729, '2009-10-22 01:58:31', 3, 8, '1041', '20091017_cvwdrechargeck_125_ndvihd.jp2', 2, 'Changed name and layer.'),
(730, '2009-10-22 01:58:46', 3, 8, '1042', '20091017_cvwdrechargeck_125_rgb.jp2', 2, 'Changed name and layer.'),
(731, '2009-10-22 02:00:54', 3, 8, '1047', '20091017_marrangolf_125_cir.jp2', 1, ''),
(732, '2009-10-22 02:01:53', 3, 8, '1048', '20091017_marrangolf_125_ndvi.jp2', 1, ''),
(733, '2009-10-22 02:02:20', 3, 8, '1049', '20091017_marrangolf_125_ndvihd.jp2', 1, ''),
(734, '2009-10-22 02:02:47', 3, 8, '1050', '20091017_marrangolf_125_rgb.jp2', 1, ''),
(735, '2009-10-22 02:12:10', 3, 8, '1051', '20091017_laquintadunes_125_cir.jp2', 1, ''),
(736, '2009-10-22 02:12:44', 3, 8, '1052', '20091017_laquintadunes_125_ndvi.jp2', 1, ''),
(737, '2009-10-22 02:13:23', 3, 8, '1053', '20091017_laquintadunes_125_ndvihd.jp2', 1, ''),
(738, '2009-10-22 02:13:51', 3, 8, '1054', '20091017_laquintadunes_125_rgb.jp2', 1, ''),
(739, '2009-10-22 02:20:13', 3, 8, '1055', '20091017_laquintacc_125_cir.jp2', 1, ''),
(740, '2009-10-22 02:20:34', 3, 8, '1056', '20091017_laquintacc_125_ndvi.jp2', 1, ''),
(741, '2009-10-22 02:21:23', 3, 8, '1057', '20091017_laquintacc_125_ndvihd.jp2', 1, ''),
(742, '2009-10-22 02:21:45', 3, 8, '1058', '20091017_laquintacc_125_rgb.jp2', 1, ''),
(743, '2009-10-26 22:39:04', 3, 8, '881', '20090912_casagrande_250_rgb.jp2', 2, 'Changed name and layer.'),
(744, '2009-10-26 22:39:29', 3, 8, '877', '20090912_casagrande_250_ndvihd.jp2', 2, 'Changed name and layer.'),
(745, '2009-10-26 22:39:51', 3, 8, '873', '20090912_casagrande_250_ndvi.jp2', 2, 'Changed name and layer.'),
(746, '2009-10-26 22:40:11', 3, 8, '869', '20090912_casagrande_250_cir.jp2', 2, 'Changed name and layer.'),
(747, '2009-10-28 13:53:49', 4, 8, '1059', 'test1_out.jp2', 1, ''),
(748, '2009-11-02 14:26:06', 3, 8, '1059', 'test1_out.jp2', 2, 'No fields changed.'),
(749, '2009-11-02 14:28:17', 3, 8, '1060', '20091031_sharps_rgb_test.jp2', 1, ''),
(750, '2009-11-02 18:59:26', 3, 8, '1061', '20091031_arp35-5,35-6_250_cir.jp2', 1, ''),
(751, '2009-11-02 19:00:07', 3, 8, '1062', '20091031_arp35-5,35-6_250_ndvi.jp2', 1, ''),
(752, '2009-11-02 19:00:27', 3, 8, '1063', '20091031_arp35-5,35-6_250_ndvi.jp2', 1, ''),
(753, '2009-11-02 19:01:14', 3, 8, '1064', '20091031_arp35-5,35-6_250_rgb.jp2', 1, ''),
(754, '2009-11-02 21:13:01', 3, 8, '1065', '20091031_Bensen467A_Guest_250_cir.jp2', 1, ''),
(755, '2009-11-02 21:13:12', 3, 8, '1066', '20091031_Bensen467A_Guest_250_ndvi.jp2', 1, ''),
(756, '2009-11-02 21:13:24', 3, 8, '1067', '20091031_Bensen467A_Guest_250_ndvihd.jp2', 1, ''),
(757, '2009-11-02 21:13:37', 3, 8, '1068', '20091031_Bensen467A_Guest_250_rgb.jp2', 1, ''),
(758, '2009-11-02 21:13:49', 3, 8, '1069', '20091031_DosPalmMit_CVWD_125_cir.jp2', 1, ''),
(759, '2009-11-02 21:16:32', 3, 9, '73', 'Dos Palmas Mitigation - 5 inch', 1, ''),
(760, '2009-11-02 21:17:06', 3, 9, '74', 'Dos Palmas Mitigation - 2.5 inch', 1, ''),
(761, '2009-11-02 21:17:43', 3, 8, '1069', '20091031_DosPalmMit_CVWD_125_cir.jp2', 2, 'Changed property.'),
(762, '2009-11-02 21:18:01', 3, 8, '1070', '20091031_DosPalmMit_CVWD_125_ndvi.jp2', 1, ''),
(763, '2009-11-02 21:18:18', 3, 8, '1071', '20091031_DosPalmMit_CVWD_125_ndvihd.jp2', 1, ''),
(764, '2009-11-02 21:19:15', 3, 8, '1072', '20091031_DosPalmMit_CVWD_125_rgb.jp2', 1, ''),
(765, '2009-11-02 21:19:50', 3, 9, '62', 'Marsh Land Reclamation', 2, 'Changed name.'),
(766, '2009-11-02 21:20:07', 3, 8, '1073', '20091031_MarshLandRec_IID_250_cir.jp2', 1, ''),
(767, '2009-11-02 21:20:22', 3, 8, '1074', '20091031_MarshLandRec_IID_250_ndvi.jp2', 1, ''),
(768, '2009-11-02 21:20:38', 3, 8, '1075', '20091031_MarshLandRec_IID_250_ndvihd.jp2', 1, ''),
(769, '2009-11-02 21:20:49', 3, 8, '1076', '20091031_MarshLandRec_IID_250_rgb.jp2', 1, ''),
(770, '2009-11-02 21:21:34', 3, 8, '1077', '20091031_OsageCit_Guest_250_cir.jp2', 1, ''),
(771, '2009-11-02 21:21:54', 3, 8, '1078', '20091031_OsageCit_Guest_250_ndvi.jp2', 1, ''),
(772, '2009-11-02 21:22:11', 3, 8, '1079', '20091031_OsageCit_Guest_250_ndvihd.jp2', 1, ''),
(773, '2009-11-02 21:22:27', 3, 8, '1080', '20091031_OsageCit_Guest_250_rgb.jp2', 1, ''),
(774, '2009-11-02 21:22:38', 3, 8, '1081', '20091031_Sharps103-104_Guest_250_cir.jp2', 1, ''),
(775, '2009-11-02 21:22:49', 3, 8, '1082', '20091031_Sharps103-104_Guest_250_ndvi.jp2', 1, ''),
(776, '2009-11-02 21:22:59', 3, 8, '1083', '20091031_Sharps103-104_Guest_250_ndvihd.jp2', 1, ''),
(777, '2009-11-02 21:23:11', 3, 8, '1084', '20091031_Sharps103-104_Guest_250_rgb.jp2', 1, ''),
(778, '2009-11-02 22:59:19', 4, 8, '1063', '20091031_arp35-5,35-6_250_ndvihd.jp2', 2, 'Changed name.'),
(779, '2009-11-02 22:59:27', 4, 8, '1062', '20091031_arp35-5,35-6_250_ndvi.jp2', 2, 'No fields changed.'),
(780, '2009-11-02 22:59:34', 4, 8, '1061', '20091031_arp35-5,35-6_250_cir.jp2', 2, 'No fields changed.'),
(781, '2009-11-02 22:59:43', 4, 8, '1064', '20091031_arp35-5,35-6_250_rgb.jp2', 2, 'No fields changed.'),
(782, '2009-11-02 23:07:06', 4, 8, '1085', '20091031_DosPalmMit_CVWD_125_rgb.jp2', 1, ''),
(783, '2009-11-02 23:07:45', 4, 8, 'None', '20091031_DosPalmMit_CVWD_125_rgb.jp2', 3, ''),
(784, '2009-11-02 23:08:02', 4, 8, '1072', '20091031_DosPalmMit_CVWD_125_rgb.jp2', 2, 'No fields changed.'),
(785, '2009-11-02 23:20:45', 3, 8, '1069', '20091031_DosPalmMit-demo_CVWD_125_cir.jp2', 2, 'Changed name and layer.'),
(786, '2009-11-02 23:20:57', 3, 8, '1070', '20091031_DosPalmMit-demo_CVWD_125_ndvi.jp2', 2, 'Changed name and layer.'),
(787, '2009-11-02 23:21:07', 3, 8, '1071', '20091031_DosPalmMit-demo_CVWD_125_ndvihd.jp2', 2, 'Changed name and layer.'),
(788, '2009-11-02 23:21:21', 3, 8, '1072', '20091031_DosPalmMit-demo_CVWD_125_rgb.jp2', 2, 'Changed name and layer.'),
(789, '2009-11-02 23:39:28', 3, 8, '1086', '20091017_osagecit_guest_250_cir.jp2', 1, ''),
(790, '2009-11-02 23:39:44', 3, 8, '1087', '20091017_osagecit_guest_250_ndvi.jp2', 1, ''),
(791, '2009-11-02 23:40:01', 3, 8, '1088', '20091017_osagecit_guest_250_ndvihd.jp2', 1, ''),
(792, '2009-11-02 23:40:18', 3, 8, '1089', '20091017_osagecit_guest_250_rgb.jp2', 1, ''),
(793, '2009-11-02 23:52:44', 3, 8, '1065', '20091031_Bensen467A-2ndTry_Guest_250_cir.jp2', 2, 'Changed name and layer.'),
(794, '2009-11-02 23:52:58', 3, 8, '1066', '20091031_Bensen467A-2ndTry_Guest_250_ndvi.jp2', 2, 'Changed name and layer.'),
(795, '2009-11-02 23:53:12', 3, 8, '1067', '20091031_Bensen467A-2ndTry_Guest_250_ndvihd.jp2', 2, 'Changed name and layer.'),
(796, '2009-11-02 23:53:28', 3, 8, '1068', '20091031_Bensen467A-2ndTry_Guest_250_rgb.jp2', 2, 'Changed name and layer.'),
(797, '2009-11-03 06:29:47', 4, 8, '1072', '20091031_DosPalmMit-demo_CVWD_125_rgb.jp2', 2, 'Changed property.'),
(798, '2009-11-03 19:32:52', 4, 9, '71', 'BENSON Tri476A', 2, 'Changed name.'),
(799, '2009-11-03 19:33:18', 4, 9, '71', 'BENSON TRI 475-476', 2, 'Changed name.'),
(800, '2009-11-04 14:05:25', 3, 8, '1090', '20091031_dospalmamit_cvwd_63_cir.jp2', 1, ''),
(801, '2009-11-04 14:06:30', 3, 8, '1091', '20091031_dospalmamit_cvwd_63_ndvi.jp2', 1, ''),
(802, '2009-11-04 14:07:11', 3, 8, '1092', '20091031_dospalmamit_cvwd_63_ndvihd.jp2', 1, ''),
(803, '2009-11-04 14:07:50', 3, 8, '1093', '20091031_dospalmamit_cvwd_63_rgb.jp2', 1, ''),
(804, '2009-11-08 11:57:11', 4, 3, '14', 'ssinclear', 1, ''),
(805, '2009-11-08 11:57:49', 4, 3, '14', 'ssinclear', 2, 'Changed first_name, last_name and email.'),
(806, '2009-11-08 12:00:03', 4, 9, '75', 'Sinclear Demo', 1, ''),
(807, '2009-11-08 12:00:35', 4, 8, '1094', 'branden2_demo_125_cir.ecw', 1, ''),
(808, '2009-11-08 12:01:17', 4, 8, '1095', 'branden2_demo_125_ndvi.ecw', 1, ''),
(809, '2009-11-08 12:01:56', 4, 8, '1096', 'branden2_demo_125_ndvihd.ecw', 1, ''),
(810, '2009-11-08 12:02:37', 4, 8, '1097', 'branden2_demo_125_rgb.ecw', 1, ''),
(811, '2009-11-09 14:43:56', 3, 8, '1098', '20091031_heritagepalms_heritagepalms_125_cir.jp2', 1, ''),
(812, '2009-11-09 14:44:26', 3, 8, '1099', '20091031_heritagepalms_heritagepalms_125_ndvi.jp2', 1, ''),
(813, '2009-11-09 14:45:01', 3, 8, '1100', '20091031_heritagepalms_heritagepalms_125_ndvihd.jp2', 1, ''),
(814, '2009-11-09 14:45:12', 3, 8, '1101', '20091031_heritagepalms_heritagepalms_125_rgb.jp2', 1, ''),
(815, '2009-11-09 14:45:24', 3, 8, '1102', '20091031_indiansprings_indiansprings_125_cir.jp2', 1, ''),
(816, '2009-11-09 14:45:36', 3, 8, '1103', '20091031_indiansprings_indiansprings_125_ndvi.jp2', 1, ''),
(817, '2009-11-09 14:45:49', 3, 8, '1104', '20091031_indiansprings_indiansprings_125_ndvihd.jp2', 1, ''),
(818, '2009-11-09 14:46:02', 3, 8, '1105', '20091031_indiansprings_indiansprings_125_rgb.jp2', 1, ''),
(819, '2009-11-11 14:13:45', 3, 8, '1106', '20091031_marriotdesert_marriot_125_cir.jp2', 1, ''),
(820, '2009-11-11 14:14:00', 3, 8, '1107', '20091031_marriotdesert_marriot_125_ndvi.jp2', 1, ''),
(821, '2009-11-11 14:14:15', 3, 8, '1108', '20091031_marriotdesert_marriot_125_ndvihd.jp2', 1, ''),
(822, '2009-11-11 14:14:28', 3, 8, '1109', '20091031_marriotdesert_marriot_125_rgb.jp2', 1, ''),
(823, '2009-11-11 14:27:31', 3, 8, '1110', '20091031_marriotrancho_marriot_125_cir.jp2', 1, ''),
(824, '2009-11-11 14:27:54', 3, 8, '1111', '20091031_marriotshadow_marriot_125_cir.jp2', 1, ''),
(825, '2009-11-11 14:28:24', 3, 8, '1112', '20091031_marriotrancho_marriot_125_ndvi.jp2', 1, ''),
(826, '2009-11-11 14:28:42', 3, 8, '1113', '20091031_marriotshadow_marriot_125_ndvi.jp2', 1, ''),
(827, '2009-11-11 14:29:02', 3, 8, '1114', '20091031_marriotrancho_marriot_125_ndvihd.jp2', 1, ''),
(828, '2009-11-11 14:29:21', 3, 8, '1115', '20091031_marriotshadow_marriot_125_ndvihd.jp2', 1, ''),
(829, '2009-11-11 14:30:12', 3, 8, '1116', '20091031_marriotrancho_marriot_125_rgb.jp2', 1, ''),
(830, '2009-11-11 14:30:33', 3, 8, '1117', '20091031_marriotshadow_marriot_125_rgb.jp2', 1, ''),
(831, '2009-11-11 15:02:20', 3, 8, '1118', 'laquintamountain_125_cir.jp2', 1, ''),
(832, '2009-11-11 15:03:17', 3, 8, '1119', 'laquintamountain_125_ndvi.jp2', 1, ''),
(833, '2009-11-11 15:04:25', 3, 8, '1120', 'laquintamountain_125_ndvihd.jp2', 1, ''),
(834, '2009-11-11 15:05:14', 3, 8, '1121', 'laquintamountain_125_rgb.jp2', 1, ''),
(835, '2009-11-13 09:38:29', 4, 3, '15', 'aquist', 1, ''),
(836, '2009-11-13 09:38:36', 4, 9, '56', 'Sharps 103-104', 2, 'Changed user.'),
(837, '2009-11-13 09:38:54', 4, 8, '1084', '20091031_Sharps103-104_Guest_250_rgb.jp2', 2, 'Changed user.'),
(838, '2009-11-13 09:39:06', 4, 8, '1083', '20091031_Sharps103-104_Guest_250_ndvihd.jp2', 2, 'Changed user.'),
(839, '2009-11-13 09:39:20', 4, 8, '1082', '20091031_Sharps103-104_Guest_250_ndvi.jp2', 2, 'Changed user.'),
(840, '2009-11-13 09:39:28', 4, 8, '1081', '20091031_Sharps103-104_Guest_250_cir.jp2', 2, 'Changed user.'),
(841, '2009-11-13 09:40:01', 4, 8, '992', '20091017_sharps103-104_250_rgb.jp2', 2, 'Changed user.'),
(842, '2009-11-13 09:40:13', 4, 8, '923', 'sharps103-104_250_ndvihd.jp2', 2, 'Changed user.'),
(843, '2009-11-13 09:40:27', 4, 8, '922', 'sharps103-104_250_ndvi.jp2', 2, 'Changed user.'),
(844, '2009-11-13 09:40:40', 4, 8, '922', 'sharps103-104_250_ndvi.jp2', 2, 'No fields changed.'),
(845, '2009-11-13 09:40:49', 4, 8, '921', 'sharps103-104_250_cir.jp2', 2, 'Changed user.'),
(846, '2009-11-13 09:42:16', 4, 8, '991', '20091017_sharps103-104_250_ndvihd.jp2', 2, 'Changed user.'),
(847, '2009-11-13 09:42:27', 4, 8, '990', '20091017_sharps103-104_250_ndvi.jp2', 2, 'Changed user.'),
(848, '2009-11-13 09:42:36', 4, 8, '989', '20091017_sharps103-104_250_cir.jp2', 2, 'Changed user.'),
(849, '2009-11-13 09:42:45', 4, 8, '924', 'sharps103-104_250_rgb.jp2', 2, 'Changed user.'),
(850, '2009-11-13 09:42:54', 4, 8, '923', 'sharps103-104_250_ndvihd.jp2', 2, 'No fields changed.'),
(851, '2009-11-13 09:45:16', 4, 8, '882', 'sharps103-104_250_rgb.jp2', 2, 'Changed user.'),
(852, '2009-11-13 09:45:26', 4, 8, '882', 'sharps103-104_250_rgb.jp2', 2, 'No fields changed.'),
(853, '2009-11-13 09:45:43', 4, 8, '878', 'sharps103-104_250_ndvihd.jp2', 2, 'Changed user.'),
(854, '2009-11-13 09:45:58', 4, 8, '874', 'sharps103-104_250_ndvi.jp2', 2, 'Changed user.'),
(855, '2009-11-13 09:46:14', 4, 8, '870', 'sharps103-104_250_cir.jp2', 2, 'Changed user.'),
(856, '2009-11-13 09:49:25', 4, 8, '882', 'sharps103-104_250_rgb.jp2', 2, 'Changed capture_date.'),
(857, '2009-11-13 09:49:35', 4, 8, '882', 'sharps103-104_250_rgb.jp2', 2, 'No fields changed.'),
(858, '2009-11-13 09:49:51', 4, 8, '878', 'sharps103-104_250_ndvihd.jp2', 2, 'Changed capture_date.'),
(859, '2009-11-13 09:50:07', 4, 8, '874', 'sharps103-104_250_ndvi.jp2', 2, 'Changed capture_date.'),
(860, '2009-11-13 09:50:26', 4, 8, '870', 'sharps103-104_250_cir.jp2', 2, 'Changed capture_date.'),
(861, '2009-11-13 10:02:18', 4, 9, '56', 'Sharps 103-104', 2, 'No fields changed.'),
(862, '2009-11-13 10:16:06', 4, 3, '15', 'aronq', 2, 'Changed username.'),
(863, '2009-11-13 10:17:21', 4, 8, '1084', '20091031_Sharps103-104_Guest_250_rgb.jp2', 2, 'No fields changed.'),
(864, '2009-11-13 15:23:02', 3, 8, '1122', '20091017_marriotshadow_marriot_125_cir.jp2', 1, ''),
(865, '2009-11-13 15:23:23', 3, 8, '1123', '20091017_marriotshadow_marriot_125_ndvi.jp2', 1, ''),
(866, '2009-11-13 15:23:45', 3, 8, '1124', '20091017_marriotshadow_marriot_125_ndvihd.jp2', 1, ''),
(867, '2009-11-13 15:24:07', 3, 8, '1125', '20091017_marriotshadow_marriot_125_rgb.jp2', 1, ''),
(868, '2009-11-13 15:34:35', 3, 8, '1126', '2009912_heritagepalms_heritagepalms_125_cir.jp2', 1, ''),
(869, '2009-11-13 15:34:57', 3, 8, '1127', '2009912_heritagepalms_heritagepalms_125_ndvi.jp2', 1, ''),
(870, '2009-11-13 15:35:17', 3, 8, '1128', '2009912_heritagepalms_heritagepalms_125_ndvihd.jp2', 1, ''),
(871, '2009-11-13 15:35:39', 3, 8, '1129', '2009912_heritagepalms_heritagepalms_125_rgb.jp2', 1, ''),
(872, '2009-11-14 20:14:06', 4, 3, '16', 'osterkamp', 1, ''),
(873, '2009-11-14 20:14:36', 4, 3, '16', 'osterkamp', 2, 'Changed first_name, last_name and email.'),
(874, '2009-11-14 20:50:50', 3, 8, '845', 'rbw_250_rgb.ecw', 2, 'Changed user.'),
(875, '2009-11-14 20:59:59', 3, 8, '826', 'rbw_250_ndvihd.ecw', 2, 'Changed user.'),
(876, '2009-11-14 21:01:02', 3, 8, '807', 'rbw_250_ndvi.ecw', 2, 'Changed user.'),
(877, '2009-11-14 21:01:28', 3, 8, '788', 'rbw_250_cir.ecw', 2, 'Changed user.'),
(878, '2009-11-14 21:02:14', 3, 8, '694', 'rbw_10band_georef_250_rgb.ecw', 2, 'Changed user.'),
(879, '2009-11-14 21:02:39', 3, 8, '687', 'rbw_10band_georef_250_ndvihd.ecw', 2, 'Changed user.'),
(880, '2009-11-14 21:03:25', 3, 8, '680', 'rbw_10band_georef_250_ndvi.ecw', 2, 'Changed user.'),
(881, '2009-11-14 21:03:42', 3, 8, '673', 'rbw_10band_georef_250_cir.ecw', 2, 'Changed user.'),
(882, '2009-11-14 21:03:59', 3, 8, '661', 'rbw_12band_georef_250_cropped_rgb.ecw', 2, 'Changed user.'),
(883, '2009-11-14 21:04:15', 3, 8, '652', 'rbw_12band_georef_250_cropped_ndvihd.ecw', 2, 'Changed user.'),
(884, '2009-11-14 21:04:34', 3, 8, '644', 'rbw_12band_georef_250_cropped_ndvi.ecw', 2, 'Changed user.'),
(885, '2009-11-14 21:04:53', 3, 8, '635', 'rbw_12band_georef_250_cropped_cir.ecw', 2, 'Changed user.'),
(886, '2009-11-14 21:06:08', 3, 8, '488', 'rbw_4band_georef_250.tif', 2, 'Changed description and user.'),
(887, '2009-11-14 21:06:28', 3, 8, '463', 'rbw_4-band_georef_rgb_250.ecw', 2, 'Changed description and user.'),
(888, '2009-11-14 21:06:52', 3, 8, '438', 'rbw_ndvi_georef_250.ecw', 2, 'Changed description and user.'),
(889, '2009-11-14 21:07:16', 3, 8, '413', 'rbw_4band_georef_cir_250.ecw', 2, 'Changed description and user.'),
(890, '2009-11-14 21:10:30', 3, 8, '380', 'rbw_rgb_georef250_cropped_250.ecw', 2, 'Changed description and user.'),
(891, '2009-11-14 21:15:24', 4, 9, '7', 'RBW', 2, 'Changed user.'),
(892, '2009-11-22 22:09:24', 4, 3, '17', 'akalin', 1, ''),
(893, '2009-11-22 22:09:47', 4, 3, '17', 'akalin', 2, 'Changed first_name, last_name and email.'),
(894, '2009-11-22 22:10:14', 4, 3, '18', 'jachenbach', 1, ''),
(895, '2009-11-22 22:13:55', 4, 3, '18', 'jcachen', 2, 'Changed username, first_name, last_name, email and is_staff.'),
(896, '2009-11-22 23:49:31', 3, 9, '76', 'Kalin R1', 1, ''),
(897, '2009-11-22 23:50:45', 3, 9, '77', 'Bensen Tamarak 222', 1, ''),
(898, '2009-11-22 23:51:23', 3, 8, '1130', '20091121_alkalinr1_akalin_125_cir.jp2', 1, ''),
(899, '2009-11-22 23:51:41', 3, 8, '1131', '20091121_alkalinr1_akalin_125_ndvi.jp2', 1, ''),
(900, '2009-11-22 23:51:54', 3, 8, '1132', '20091121_alkalinr1_akalin_125_ndvihd.jp2', 1, ''),
(901, '2009-11-22 23:52:21', 3, 8, '1133', '20091121_alkalinr1_akalin_125_rgb.jp2', 1, ''),
(902, '2009-11-22 23:52:37', 3, 8, '1134', '20091121_bensentam222_aronq_125_cir.jp2', 1, ''),
(903, '2009-11-22 23:52:54', 3, 8, '1135', '20091121_bensentam222_aronq_125_ndvi.jp2', 1, ''),
(904, '2009-11-22 23:53:05', 3, 8, '1136', '20091121_bensentam222_aronq_125_ndvihd.jp2', 1, ''),
(905, '2009-11-22 23:53:18', 3, 8, '1137', '20091121_bensentam222_aronq_125_rgb.jp2', 1, ''),
(906, '2009-11-23 14:24:25', 3, 8, '1138', '20091121_marshlandrec_iid_250_cir.jp2', 1, ''),
(907, '2009-11-23 14:24:41', 3, 8, '1139', '20091121_marshlandrec_iid_250_ndvi.jp2', 1, ''),
(908, '2009-11-23 14:24:59', 3, 8, '1140', '20091121_marshlandrec_iid_250_ndvihd.jp2', 1, ''),
(909, '2009-11-23 14:25:13', 3, 8, '1141', '20091121_marshlandrec_iid_250_rgb.jp2', 1, ''),
(910, '2009-11-24 18:47:47', 3, 8, '1142', '20091121_rucker1_guest_125_cir.jp2', 1, ''),
(911, '2009-11-24 18:48:01', 3, 8, '1143', '20091121_rucker1_guest_125_ndvi.jp2', 1, ''),
(912, '2009-11-24 18:48:15', 3, 8, '1144', '20091121_rucker1_guest_125_ndvihd.jp2', 1, ''),
(913, '2009-11-24 18:48:28', 3, 8, '1145', '20091121_rucker1_guest_125_rgb.jp2', 1, ''),
(914, '2009-11-24 18:50:08', 3, 8, '1146', '20091121_brandenberg2_guest_125_rgb.jp2', 1, ''),
(915, '2009-11-24 18:50:29', 3, 8, '1147', '20091121_brandenberg2_guest_125_ndvihd.jp2', 1, ''),
(916, '2009-11-24 18:50:46', 3, 8, '1148', '20091121_brandenberg2_guest_125_ndvi.jp2', 1, ''),
(917, '2009-11-24 18:51:33', 3, 8, '1149', '20091121_brandenberg2_guest_125_cir.jp2', 1, ''),
(918, '2009-11-25 14:44:15', 3, 8, '1150', '20091121_dospalmmit-10in-demo_cvwd_250_cir.jp2', 1, ''),
(919, '2009-11-25 14:44:34', 3, 8, '1151', '20091121_dospalmmit-10in-demo_cvwd_250_rgb.jp2', 1, ''),
(920, '2009-11-25 14:44:44', 3, 8, '1152', '20091121_dospalmmit-10in-demo_cvwd_250_ndvihd.jp2', 1, ''),
(921, '2009-11-25 14:44:55', 3, 8, '1153', '20091121_dospalmmit-10in-demo_cvwd_250_cir.jp2', 1, ''),
(922, '2009-11-25 14:47:48', 3, 9, '78', 'Audubon Site TriCounty', 1, ''),
(923, '2009-11-25 14:48:10', 3, 8, '1154', '20091121_audubonsitetri_akalin_125_ndvihd.jp2', 1, ''),
(924, '2009-11-25 14:48:24', 3, 8, '1155', '20091121_audubonsitetri_akalin_125_ndvi.jp2', 1, ''),
(925, '2009-11-25 14:48:35', 3, 8, '1156', '20091121_audubonsitetri_akalin_125_rgb.jp2', 1, ''),
(926, '2009-11-25 14:48:49', 3, 8, '1157', '20091121_audubonsitetri_akalin_125_cir.jp2', 1, ''),
(927, '2009-11-29 19:19:34', 4, 3, '13', 'Marriott', 2, 'Changed username.'),
(928, '2009-11-29 22:09:36', 4, 9, '78', 'Audubon Site TriCounty', 2, 'Changed center_lat and center_lon.'),
(929, '2009-11-30 22:54:44', 4, 3, '19', 'osterkampfarms', 1, ''),
(930, '2009-11-30 22:55:03', 4, 3, '19', 'osterkampfarms', 2, 'Changed first_name, last_name and email.'),
(931, '2009-11-30 22:55:20', 4, 3, 'None', 'osterkampfarms', 3, ''),
(932, '2009-12-01 01:54:36', 3, 9, '79', 'Osterkamp Red 94', 1, ''),
(933, '2009-12-01 01:56:50', 3, 8, '1158', '20091121_osterkampred94_guest_250_cir.jp2', 1, ''),
(934, '2009-12-01 01:57:11', 3, 8, '1159', '20091121_osterkampred94_guest_250_ndvi.jp2', 1, ''),
(935, '2009-12-01 01:57:27', 3, 8, '1160', '20091121_osterkampred94_guest_250_ndvihd.jp2', 1, ''),
(936, '2009-12-01 01:57:40', 3, 8, '1161', '20091121_osterkampred94_guest_250_rgb.jp2', 1, ''),
(937, '2009-12-01 02:08:15', 3, 9, '79', 'Osterkamp Red 94', 2, 'Changed center_lat and center_lon.'),
(938, '2009-12-02 10:26:59', 4, 9, '79', 'Osterkamp Red 94', 2, 'Changed user.'),
(939, '2009-12-02 10:27:57', 4, 8, '1161', '20091121_osterkampred94_guest_250_rgb.jp2', 2, 'Changed user.'),
(940, '2009-12-02 10:28:06', 4, 8, '1160', '20091121_osterkampred94_guest_250_ndvihd.jp2', 2, 'Changed user.'),
(941, '2009-12-02 10:28:13', 4, 8, '1159', '20091121_osterkampred94_guest_250_ndvi.jp2', 2, 'Changed user.'),
(942, '2009-12-02 10:28:21', 4, 8, '1158', '20091121_osterkampred94_guest_250_cir.jp2', 2, 'Changed user.'),
(943, '2009-12-05 22:11:22', 4, 10, '6', 'Change', 1, ''),
(944, '2009-12-05 22:11:38', 4, 10, '7', 'Color Var', 1, ''),
(945, '2009-12-05 22:13:10', 4, 10, '8', 'FPAR', 1, ''),
(946, '2009-12-05 22:50:24', 3, 8, '1162', '2009124_kalinr1_akalin_250_change.jp2', 1, ''),
(947, '2009-12-05 22:51:06', 3, 8, '1163', '20091204_kalinr1_akalin_250_cir.jp2', 1, ''),
(948, '2009-12-05 22:51:41', 3, 8, '1162', '20091204_kalinr1_akalin_250_change.jp2', 2, 'Changed name, property, capture_date and layer.'),
(949, '2009-12-05 22:52:17', 3, 8, '1164', '20091204_kalinr1_akalin_250_color.jp2', 1, ''),
(950, '2009-12-05 22:52:29', 3, 8, '1165', '20091204_kalinr1_akalin_250_ndvi.jp2', 1, ''),
(951, '2009-12-05 22:52:51', 3, 8, '1166', '20091204_kalinr1_akalin_250_ndvihd.jp2', 1, ''),
(952, '2009-12-05 22:53:06', 3, 8, '1167', '20091204_kalinr1_akalin_250_rgb.jp2', 1, ''),
(953, '2009-12-06 00:20:22', 3, 9, '80', 'Roselle 7', 1, ''),
(954, '2009-12-06 00:20:47', 3, 8, '1168', '20091204_roselle7_guest_250_cir.jp2', 1, ''),
(955, '2009-12-06 00:20:59', 3, 8, '1169', '20091204_roselle7_guest_250_color.jp2', 1, ''),
(956, '2009-12-06 00:22:04', 3, 8, '1170', '20091204_roselle7_guest_250_ndvi.jp2', 1, ''),
(957, '2009-12-06 00:22:15', 3, 8, '1171', '20091204_roselle7_guest_250_ndvihd.jp2', 1, ''),
(958, '2009-12-06 00:22:24', 3, 8, '1172', '20091204_roselle7_guest_250_rgb.jp2', 1, ''),
(959, '2009-12-06 09:52:34', 4, 10, '7', 'Color Variation', 2, 'Changed name.'),
(960, '2009-12-06 09:52:45', 4, 10, '6', 'Change Detection', 2, 'Changed name.'),
(961, '2009-12-06 09:53:21', 4, 10, '8', 'Leaf Cover (FPAR)', 2, 'Changed name.'),
(962, '2009-12-06 20:11:25', 3, 8, '1173', '20091204_bentri475-476_guest_250_change.jp2', 1, ''),
(963, '2009-12-06 20:11:35', 3, 8, '1174', '20091204_bentri475-476_guest_250_cir.jp2', 1, ''),
(964, '2009-12-06 20:11:47', 3, 8, '1175', '20091204_bentri475-476_guest_250_color.jp2', 1, ''),
(965, '2009-12-06 20:11:59', 3, 8, '1176', '20091204_bentri475-476_guest_250_fpar.jp2', 1, ''),
(966, '2009-12-06 20:12:21', 3, 8, '1177', '20091204_bentri475-476_guest_250_ndvi.jp2', 1, ''),
(967, '2009-12-06 20:12:33', 3, 8, '1178', '20091204_bentri475-476_guest_250_ndvihd.jp2', 1, ''),
(968, '2009-12-06 20:12:45', 3, 8, '1179', '20091204_bentri475-476_guest_250_rgb.jp2', 1, ''),
(969, '2009-12-06 22:11:28', 4, 3, '20', 'OceanoProduce', 1, ''),
(970, '2009-12-06 22:11:38', 4, 3, '20', 'OceanoProduce', 2, 'No fields changed.'),
(971, '2009-12-06 22:11:53', 4, 9, '80', 'Roselle 7', 2, 'Changed user.'),
(972, '2009-12-06 22:12:04', 4, 8, '1172', '20091204_roselle7_guest_250_rgb.jp2', 2, 'Changed user.'),
(973, '2009-12-06 22:12:12', 4, 8, '1171', '20091204_roselle7_guest_250_ndvihd.jp2', 2, 'Changed user.'),
(974, '2009-12-06 22:12:18', 4, 8, '1170', '20091204_roselle7_guest_250_ndvi.jp2', 2, 'Changed user.'),
(975, '2009-12-06 22:12:26', 4, 8, '1169', '20091204_roselle7_guest_250_color.jp2', 2, 'Changed user.'),
(976, '2009-12-06 22:12:33', 4, 8, '1168', '20091204_roselle7_guest_250_cir.jp2', 2, 'Changed user.'),
(977, '2009-12-06 22:25:07', 4, 8, 'None', '20091204_bentri475-476_guest_250_rgb.jp2', 3, ''),
(978, '2009-12-06 22:25:11', 4, 8, 'None', '20091204_bentri475-476_guest_250_ndvihd.jp2', 3, ''),
(979, '2009-12-06 22:25:17', 4, 8, 'None', '20091204_bentri475-476_guest_250_ndvi.jp2', 3, ''),
(980, '2009-12-06 22:25:21', 4, 8, 'None', '20091204_bentri475-476_guest_250_fpar.jp2', 3, ''),
(981, '2009-12-06 22:25:25', 4, 8, 'None', '20091204_bentri475-476_guest_250_color.jp2', 3, ''),
(982, '2009-12-06 22:25:31', 4, 8, 'None', '20091204_bentri475-476_guest_250_cir.jp2', 3, ''),
(983, '2009-12-06 22:25:36', 4, 8, 'None', '20091204_bentri475-476_guest_250_change.jp2', 3, ''),
(984, '2009-12-06 22:29:37', 4, 8, '1180', '20091204_benTam222_aronq_250_rgb', 1, ''),
(985, '2009-12-06 22:30:13', 4, 8, '1181', '20091204_benTam222_aronq_250_ndvihd', 1, ''),
(986, '2009-12-06 22:30:49', 4, 8, '1182', '20091204_benTam222_aronq_250_ndvi', 1, ''),
(987, '2009-12-06 22:31:19', 4, 8, '1183', '20091204_benTam222_aronq_250_fpar', 1, ''),
(988, '2009-12-06 22:31:47', 4, 8, '1184', '20091204_benTam222_aronq_250_color', 1, ''),
(989, '2009-12-06 22:32:12', 4, 8, '1185', '20091204_benTam222_aronq_250_cir', 1, ''),
(990, '2009-12-06 22:32:40', 4, 8, '1186', '20091204_benTam222_aronq_250_change', 1, ''),
(991, '2009-12-06 22:51:53', 4, 8, '1186', '20091204_benTam222_aronq_250_change.jp2', 2, 'Changed name and layer.'),
(992, '2009-12-06 22:52:18', 4, 8, '1185', '20091204_benTam222_aronq_250_cir.jp2', 2, 'Changed name and layer.'),
(993, '2009-12-06 22:52:31', 4, 8, '1184', '20091204_benTam222_aronq_250_color.jp2', 2, 'Changed name and layer.'),
(994, '2009-12-06 22:52:42', 4, 8, '1183', '20091204_benTam222_aronq_250_fpar.jp2', 2, 'Changed name and layer.'),
(995, '2009-12-06 22:52:54', 4, 8, '1182', '20091204_benTam222_aronq_250_ndvi.jp2', 2, 'Changed name and layer.'),
(996, '2009-12-06 22:53:04', 4, 8, '1181', '20091204_benTam222_aronq_250_ndvihd.jp2', 2, 'Changed name and layer.'),
(997, '2009-12-06 22:53:16', 4, 8, '1180', '20091204_benTam222_aronq_250_rgb.jp2', 2, 'Changed name and layer.'),
(998, '2009-12-06 23:18:45', 3, 8, 'None', '20091204_benTam222_aronq_250_change.jp2', 3, ''),
(999, '2009-12-06 23:18:51', 3, 8, 'None', '20091204_benTam222_aronq_250_cir.jp2', 3, ''),
(1000, '2009-12-06 23:18:56', 3, 8, 'None', '20091204_benTam222_aronq_250_color.jp2', 3, ''),
(1001, '2009-12-06 23:19:01', 3, 8, 'None', '20091204_benTam222_aronq_250_fpar.jp2', 3, ''),
(1002, '2009-12-06 23:19:07', 3, 8, 'None', '20091204_benTam222_aronq_250_ndvi.jp2', 3, ''),
(1003, '2009-12-06 23:19:12', 3, 8, 'None', '20091204_benTam222_aronq_250_ndvihd.jp2', 3, ''),
(1004, '2009-12-06 23:19:19', 3, 8, 'None', '20091204_benTam222_aronq_250_rgb.jp2', 3, ''),
(1005, '2009-12-06 23:36:15', 3, 8, '1187', '20091204_benTam222-02_aronq_250_change.jp2', 1, ''),
(1006, '2009-12-06 23:36:35', 3, 8, '1188', '20091204_benTam222-02_aronq_250_cir.jp2', 1, ''),
(1007, '2009-12-06 23:36:48', 3, 8, '1189', '20091204_benTam222-02_aronq_250_color.jp2', 1, ''),
(1008, '2009-12-06 23:37:05', 3, 8, '1190', '20091204_benTam222-02_aronq_250_fpar.jp2', 1, ''),
(1009, '2009-12-06 23:37:18', 3, 8, '1191', '20091204_benTam222-02_aronq_250_ndvi.jp2', 1, ''),
(1010, '2009-12-06 23:37:30', 3, 8, '1192', '20091204_benTam222-02_aronq_250_ndvihd.jp2', 1, ''),
(1011, '2009-12-06 23:37:46', 3, 8, '1193', '20091204_benTam222-02_aronq_250_rgb.jp2', 1, ''),
(1012, '2009-12-07 00:03:37', 3, 8, '1194', '20091204_bentri475-476-02_guest_250_ndvihd.jp2', 1, ''),
(1013, '2009-12-07 00:03:49', 3, 8, '1195', '20091204_bentri475-476-02_guest_250_ndvi.jp2', 1, ''),
(1014, '2009-12-07 00:03:58', 3, 8, '1196', '20091204_bentri475-476-02_guest_250_color.jp2', 1, ''),
(1015, '2009-12-07 00:04:09', 3, 8, '1197', '20091204_bentri475-476-02_guest_250_fpar.jp2', 1, ''),
(1016, '2009-12-07 00:04:20', 3, 8, '1198', '20091204_bentri475-476-02_guest_250_change.jp2', 1, ''),
(1017, '2009-12-07 00:04:30', 3, 8, '1199', '20091204_bentri475-476-02_guest_250_cir.jp2', 1, ''),
(1018, '2009-12-07 00:04:45', 3, 8, '1200', '20091204_bentri475-476-02_guest_250_rgb.jp2', 1, ''),
(1019, '2009-12-07 07:44:05', 4, 8, '1192', '20091204_benTam222-02_aronq_250_ndvihd.jp2', 2, 'No fields changed.'),
(1020, '2009-12-07 07:44:11', 4, 8, '1193', '20091204_benTam222-02_aronq_250_rgb.jp2', 2, 'No fields changed.'),
(1021, '2009-12-07 07:44:18', 4, 8, '1192', '20091204_benTam222-02_aronq_250_ndvihd.jp2', 2, 'No fields changed.'),
(1022, '2009-12-07 07:44:23', 4, 8, '1191', '20091204_benTam222-02_aronq_250_ndvi.jp2', 2, 'No fields changed.'),
(1023, '2009-12-07 07:44:27', 4, 8, '1190', '20091204_benTam222-02_aronq_250_fpar.jp2', 2, 'No fields changed.'),
(1024, '2009-12-07 07:44:33', 4, 8, '1189', '20091204_benTam222-02_aronq_250_color.jp2', 2, 'No fields changed.'),
(1025, '2009-12-07 07:44:37', 4, 8, '1188', '20091204_benTam222-02_aronq_250_cir.jp2', 2, 'No fields changed.'),
(1026, '2009-12-07 07:44:42', 4, 8, '1187', '20091204_benTam222-02_aronq_250_change.jp2', 2, 'No fields changed.'),
(1027, '2009-12-13 02:12:26', 3, 8, '1201', '20091204_ind-her-golf_indiansprings_125_cir.jp2', 1, ''),
(1028, '2009-12-13 02:12:47', 3, 8, '1202', '20091204_ind-her-golf_indiansprings_125_ndvi.jp2', 1, ''),
(1029, '2009-12-13 02:12:58', 3, 8, '1203', '20091204_ind-her-golf_indiansprings_125_ndvihd.jp2', 1, ''),
(1030, '2009-12-13 02:13:14', 3, 8, '1204', '20091204_ind-her-golf_indiansprings_125_rgb.jp2', 1, ''),
(1031, '2009-12-13 02:13:27', 3, 8, '1205', '20091204_marriotdesert_marriot_125_cir.jp2', 1, ''),
(1032, '2009-12-13 02:13:41', 3, 8, '1206', '20091204_marriotdesert_marriot_125_ndvi.jp2', 1, ''),
(1033, '2009-12-13 02:13:53', 3, 8, '1207', '20091204_marriotdesert_marriot_125_ndvihd.jp2', 1, ''),
(1034, '2009-12-13 02:14:06', 3, 8, '1208', '20091204_marriotdesert_marriot_125_rgb.jp2', 1, ''),
(1035, '2009-12-13 02:14:34', 3, 8, '1209', '20091204_marriotrancho_marriot_125_cir.jp2', 1, ''),
(1036, '2009-12-13 02:14:56', 3, 8, '1210', '20091204_marriotrancho_marriot_125_ndvi.jp2', 1, ''),
(1037, '2009-12-13 02:15:13', 3, 8, '1211', '20091204_marriotrancho_marriot_125_ndvihd.jp2', 1, ''),
(1038, '2009-12-13 02:15:32', 3, 8, '1212', '20091204_marriotrancho_marriot_125_rgb.jp2', 1, ''),
(1039, '2009-12-13 02:15:46', 3, 8, '1213', '20091204_marriotshadow_marriot_125_cir.jp2', 1, ''),
(1040, '2009-12-13 02:16:05', 3, 8, '1214', '20091204_marriotshadow_marriot_125_ndvi.jp2', 1, ''),
(1041, '2009-12-13 02:16:21', 3, 8, '1215', '20091204_marriotshadow_marriot_125_ndvihd.jp2', 1, ''),
(1042, '2009-12-13 02:16:35', 3, 8, '1216', '20091204_marriotshadow_marriot_125_rgb.jp2', 1, ''),
(1043, '2009-12-13 02:16:47', 3, 8, '1217', '20091204_sharps103-104_guest_250_cir.jp2', 1, ''),
(1044, '2009-12-13 02:16:57', 3, 8, '1218', '20091204_sharps103-104_guest_250_ndvi.jp2', 1, ''),
(1045, '2009-12-13 02:17:08', 3, 8, '1219', '20091204_sharps103-104_guest_250_ndvihd.jp2', 1, ''),
(1046, '2009-12-13 02:17:19', 3, 8, '1220', '20091204_sharps103-104_guest_250_rgb.jp2', 1, ''),
(1047, '2009-12-19 15:51:16', 3, 9, '81', 'Redwood 90 E', 1, ''),
(1048, '2009-12-19 15:52:53', 3, 8, '1221', '20091218_kalinr1_akalin_250_change.jp2', 1, ''),
(1049, '2009-12-19 15:55:45', 3, 8, '1222', '20091218_kalinr1_akalin_250_cir.jp2', 1, ''),
(1050, '2009-12-19 15:56:14', 3, 8, '1223', '20091218_kalinr1_akalin_250_color.jp2', 1, ''),
(1051, '2009-12-19 15:56:29', 3, 8, '1224', '20091218_kalinr1_akalin_250_fpar.jp2', 1, ''),
(1052, '2009-12-19 15:56:44', 3, 8, '1225', '20091218_kalinr1_akalin_250_ndvi.jp2', 1, ''),
(1053, '2009-12-19 15:57:00', 3, 8, '1226', '20091218_kalinr1_akalin_250_ndvihd.jp2', 1, ''),
(1054, '2009-12-19 15:57:20', 3, 8, '1227', '20091218_kalinr1_akalin_250_rgb.jp2', 1, ''),
(1055, '2009-12-19 15:57:37', 3, 8, '1228', '20091218_redwood90e_osterkamp_250_cir.jp2', 1, ''),
(1056, '2009-12-19 15:57:49', 3, 8, '1229', '20091218_redwood90e_osterkamp_250_color.jp2', 1, ''),
(1057, '2009-12-19 15:57:58', 3, 8, '1230', '20091218_redwood90e_osterkamp_250_ndvi.jp2', 1, ''),
(1058, '2009-12-19 15:58:10', 3, 8, '1231', '20091218_redwood90e_osterkamp_250_ndvihd.jp2', 1, ''),
(1059, '2009-12-19 15:58:23', 3, 8, '1232', '20091218_redwood90e_osterkamp_250_rgb.jp2', 1, ''),
(1060, '2009-12-19 15:58:41', 3, 8, '1233', '20091218_roselle7_guest_250_change.jp2', 1, ''),
(1061, '2009-12-19 15:58:52', 3, 8, '1234', '20091218_roselle7_guest_250_cir.jp2', 1, ''),
(1062, '2009-12-19 15:59:03', 3, 8, '1235', '20091218_roselle7_guest_250_color.jp2', 1, ''),
(1063, '2009-12-19 15:59:15', 3, 8, '1236', '20091218_roselle7_guest_250_fpar.jp2', 1, ''),
(1064, '2009-12-19 15:59:27', 3, 8, '1237', '20091218_roselle7_guest_250_ndvi.jp2', 1, ''),
(1065, '2009-12-19 15:59:39', 3, 8, '1238', '20091218_roselle7_guest_250_ndvihd.jp2', 1, ''),
(1066, '2009-12-19 15:59:54', 3, 8, '1239', '20091218_roselle7_guest_250_rgb.jp2', 1, ''),
(1067, '2009-12-19 16:11:45', 3, 8, '1233', '20091218_roselle7_guest_250_change.jp2', 2, 'Changed user.'),
(1068, '2009-12-19 16:11:54', 3, 8, '1234', '20091218_roselle7_guest_250_cir.jp2', 2, 'Changed user.'),
(1069, '2009-12-19 16:12:03', 3, 8, '1235', '20091218_roselle7_guest_250_color.jp2', 2, 'Changed user.'),
(1070, '2009-12-19 16:12:14', 3, 8, '1236', '20091218_roselle7_guest_250_fpar.jp2', 2, 'Changed user.'),
(1071, '2009-12-19 16:12:22', 3, 8, '1237', '20091218_roselle7_guest_250_ndvi.jp2', 2, 'Changed user.'),
(1072, '2009-12-19 16:12:33', 3, 8, '1238', '20091218_roselle7_guest_250_ndvihd.jp2', 2, 'Changed user.'),
(1073, '2009-12-19 16:12:43', 3, 8, '1239', '20091218_roselle7_guest_250_rgb.jp2', 2, 'Changed user.'),
(1074, '2009-12-20 22:12:34', 4, 9, '7', 'RBW', 2, 'Changed user.'),
(1075, '2009-12-22 00:47:46', 3, 8, '1240', '20091218_bensentam222_aronq_250_change.jp2', 1, ''),
(1076, '2009-12-22 00:48:01', 3, 8, '1241', '20091218_bensentam222_aronq_250_cir.jp2', 1, ''),
(1077, '2009-12-22 00:48:33', 3, 8, '1242', '20091218_bensentam222_aronq_250_color.jp2', 1, ''),
(1078, '2009-12-22 00:48:59', 3, 8, '1243', '20091218_bensentam222_aronq_250_fpar.jp2', 1, ''),
(1079, '2009-12-22 00:49:19', 3, 8, '1244', '20091218_bensentam222_aronq_250_ndvi.jp2', 1, ''),
(1080, '2009-12-22 00:49:32', 3, 8, '1245', '20091218_bensentam222_aronq_250_ndvihd.jp2', 1, ''),
(1081, '2009-12-22 00:49:47', 3, 8, '1246', '20091218_bensentam222_aronq_250_rgb.jp2', 1, ''),
(1082, '2009-12-22 00:50:11', 3, 8, '1247', '20091218_bentri-475-476_guest_250_change.jp2', 1, ''),
(1083, '2009-12-22 00:50:24', 3, 8, '1248', '20091218_bentri-475-476_guest_250_cir.jp2', 1, ''),
(1084, '2009-12-22 00:50:39', 3, 8, '1249', '20091218_bentri-475-476_guest_250_color.jp2', 1, ''),
(1085, '2009-12-22 00:50:53', 3, 8, '1250', '20091218_bentri-475-476_guest_250_fpar.jp2', 1, ''),
(1086, '2009-12-22 00:51:11', 3, 8, '1251', '20091218_bentri-475-476_guest_250_ndvi.jp2', 1, ''),
(1087, '2009-12-22 00:51:24', 3, 8, '1252', '20091218_bentri-475-476_guest_250_ndvihd.jp2', 1, ''),
(1088, '2009-12-22 00:55:06', 3, 8, '1253', '20091218_bentri-475-476_guest_250_rgb.jp2', 1, ''),
(1089, '2009-12-31 13:17:29', 4, 3, '14', 'ssinclear', 2, 'Changed is_active.'),
(1090, '2010-01-15 23:13:57', 3, 9, '82', 'Mayaflower 7', 1, ''),
(1091, '2010-01-15 23:15:00', 3, 9, '71', 'Benson Tri 475-476', 2, 'Changed name.'),
(1092, '2010-01-15 23:28:05', 3, 9, '83', 'Dove Mountain', 1, ''),
(1093, '2010-01-18 02:03:42', 3, 8, '1254', '20100116_000037_1250_0002_change.jp2', 1, ''),
(1094, '2010-01-18 02:04:31', 3, 8, '1255', '20100116_000037_1250_0002_cir.jp2', 1, ''),
(1095, '2010-01-18 02:05:24', 3, 8, '1256', '20100116_000037_1250_0002_fpar.jp2', 1, ''),
(1096, '2010-01-18 02:06:02', 3, 8, '1257', '20100116_000037_1250_0002_ndvi.jp2', 1, ''),
(1097, '2010-01-18 02:06:31', 3, 8, '1258', '20100116_000037_1250_0002_ndvihd.jp2', 1, ''),
(1098, '2010-01-18 02:08:12', 3, 8, '1259', '20100116_000037_1250_0002_rgb.jp2', 1, ''),
(1099, '2010-01-18 02:08:57', 3, 8, '1260', '20100116_000062_2500_0011_change.jp2', 1, ''),
(1100, '2010-01-18 02:10:53', 3, 8, '1261', '20100116_000062_2500_0011_change.jp2', 1, ''),
(1101, '2010-01-18 02:11:19', 3, 8, '1262', '20100116_000062_2500_0011_cir.jp2', 1, ''),
(1102, '2010-01-18 02:20:48', 3, 8, '1263', '20100116_000062_2500_0011_ndvi.jp2', 1, ''),
(1103, '2010-01-18 02:21:25', 3, 8, '1264', '20100116_000062_2500_0011_ndvihd.jp2', 1, ''),
(1104, '2010-01-18 02:22:06', 3, 8, '1265', '20100116_000062_2500_0011_rgb.jp2', 1, ''),
(1105, '2010-01-18 02:23:25', 3, 8, '1266', '20100116_000076_2500_0017_Change.jp2', 1, ''),
(1106, '2010-01-18 02:24:20', 3, 8, '1267', '20100116_000076_2500_0017_Cir.jp2', 1, ''),
(1107, '2010-01-18 02:24:54', 3, 8, '1268', '20100116_000076_2500_0017_Color.jp2', 1, ''),
(1108, '2010-01-18 02:25:17', 3, 8, '1268', '20100116_000076_2500_0017_Color.jp2', 2, 'No fields changed.'),
(1109, '2010-01-18 02:25:52', 3, 8, '1269', '20100116_000076_2500_0017_Fpar.jp2', 1, ''),
(1110, '2010-01-18 02:26:24', 3, 8, '1270', '20100116_000076_2500_0017_Ndvi.jp2', 1, ''),
(1111, '2010-01-18 02:27:01', 3, 8, '1271', '20100116_000076_2500_0017_Ndvihd.jp2', 1, ''),
(1112, '2010-01-18 02:27:32', 3, 8, '1272', '20100116_000076_2500_0017_RGB.jp2', 1, ''),
(1113, '2010-01-18 02:29:03', 3, 8, '1273', '20100116_000082_2500_0002_cir.jp2', 1, ''),
(1114, '2010-01-18 02:29:36', 3, 8, '1274', '20100116_000082_2500_0002_fpar.jp2', 1, ''),
(1115, '2010-01-18 02:30:34', 3, 8, '1275', '20100116_000082_2500_0002_ndvi.jp2', 1, ''),
(1116, '2010-01-18 02:31:11', 3, 8, '1276', '20100116_000082_2500_0002_ndvihd.jp2', 1, ''),
(1117, '2010-01-18 02:31:38', 3, 8, '1277', '20100116_000082_2500_0002_rgb.jp2', 1, ''),
(1118, '2010-01-18 02:33:42', 3, 8, 'None', '20100116_000062_2500_0011_change.jp2', 3, ''),
(1119, '2010-01-18 02:43:16', 3, 8, '1260', '20100116_000062_2500_0011_change.jp2', 2, 'Changed property and user.'),
(1120, '2010-01-18 02:46:30', 3, 8, '1266', '20100116_000076_2500_0017_Change.jp2', 2, 'Changed layer.'),
(1121, '2010-01-18 12:52:48', 3, 8, '1254', '20100116_000037_1250_0002_change_fixed.jp2', 2, 'Changed name and layer.'),
(1122, '2010-01-18 12:53:08', 3, 8, '1255', '20100116_000037_1250_0002_cir_fixed.jp2', 2, 'Changed name and layer.'),
(1123, '2010-01-18 12:53:42', 3, 8, '1263', '20100116_000062_2500_0011_ndvi_fixed.jp2', 2, 'Changed name and layer.'),
(1124, '2010-01-18 12:54:05', 3, 8, '1263', '20100116_000062_2500_0011_ndvi.jp2', 2, 'Changed name and layer.'),
(1125, '2010-01-18 12:55:35', 3, 8, '1256', '20100116_000037_1250_0002_fpar_fixed.jp2', 2, 'Changed name and layer.'),
(1126, '2010-01-18 12:55:54', 3, 8, '1257', '20100116_000037_1250_0002_ndvi_fixed.jp2', 2, 'Changed name and layer.'),
(1127, '2010-01-18 12:56:16', 3, 8, '1258', '20100116_000037_1250_0002_ndvihd_fixed.jp2', 2, 'Changed name and layer.'),
(1128, '2010-01-18 12:56:38', 3, 8, '1259', '20100116_000037_1250_0002_rgb_fixed.jp2', 2, 'Changed name and layer.'),
(1129, '2010-01-18 22:01:48', 4, 9, '82', 'Mayflower 7', 2, 'Changed name.'),
(1130, '2010-01-20 19:27:47', 3, 8, '1278', '20100116_000077_2500_0015_change.jp2', 1, ''),
(1131, '2010-01-20 19:28:19', 3, 8, '1279', '20100116_000077_2500_0015_cir.jp2', 1, '');
INSERT INTO `django_admin_log` (`id`, `action_time`, `user_id`, `content_type_id`, `object_id`, `object_repr`, `action_flag`, `change_message`) VALUES
(1132, '2010-01-20 19:45:59', 3, 8, '1280', '20100116_000077_2500_0015_color.jp2', 1, ''),
(1133, '2010-01-20 19:47:03', 3, 8, '1281', '20100116_000077_2500_0015_fpar.jp2', 1, ''),
(1134, '2010-01-20 19:48:26', 3, 8, '1282', '20100116_000077_2500_0015_ndvi.jp2', 1, ''),
(1135, '2010-01-20 19:48:59', 3, 8, '1283', '20100116_000077_2500_0015_ndvihd.jp2', 1, ''),
(1136, '2010-01-20 19:49:32', 3, 8, '1284', '20100116_000077_2500_0015_rgb.jp2', 1, ''),
(1137, '2010-01-20 19:51:24', 3, 8, '1285', '20100116_000080_2500_0000_change.jp2', 1, ''),
(1138, '2010-01-20 19:52:27', 3, 8, '1286', '20100116_000080_2500_0000_cir.jp2', 1, ''),
(1139, '2010-01-20 19:53:18', 3, 8, '1287', '20100116_000080_2500_0000_color.jp2', 1, ''),
(1140, '2010-01-20 19:54:02', 3, 8, '1288', '20100116_000080_2500_0000_fpar.jp2', 1, ''),
(1141, '2010-01-20 19:55:21', 3, 8, '1289', '20100116_000080_2500_0000_ndvi.jp2', 1, ''),
(1142, '2010-01-20 19:56:07', 3, 8, '1290', '20100116_000080_2500_0000_ndvihd.jp2', 1, ''),
(1143, '2010-01-20 19:56:36', 3, 8, '1291', '20100116_000080_2500_0000_rgb.jp2', 1, ''),
(1144, '2010-01-20 19:58:17', 3, 8, '1292', '20100116_000081_2500_0016_change.jp2', 1, ''),
(1145, '2010-01-20 19:58:55', 3, 8, '1293', '20100116_000081_2500_0016_cir.jp2', 1, ''),
(1146, '2010-01-20 19:59:49', 3, 8, '1294', '20100116_000081_2500_0016_color.jp2', 1, ''),
(1147, '2010-01-20 20:00:24', 3, 8, '1295', '20100116_000081_2500_0016_fpar.jp2', 1, ''),
(1148, '2010-01-20 20:01:15', 3, 8, '1296', '20100116_000081_2500_0016_ndvi.jp2', 1, ''),
(1149, '2010-01-20 20:01:47', 3, 8, '1297', '20100116_000081_2500_0016_ndvihd.jp2', 1, ''),
(1150, '2010-01-20 20:02:19', 3, 8, '1298', '20100116_000081_2500_0016_rgb.jp2', 1, ''),
(1151, '2010-01-21 00:46:56', 3, 8, '1291', '20100116_000080_2500_0000_rgb.jp2', 2, 'Changed user.'),
(1152, '2010-01-21 00:47:07', 3, 8, '1290', '20100116_000080_2500_0000_ndvihd.jp2', 2, 'Changed user.'),
(1153, '2010-01-21 00:47:15', 3, 8, '1289', '20100116_000080_2500_0000_ndvi.jp2', 2, 'Changed user.'),
(1154, '2010-01-21 00:47:23', 3, 8, '1289', '20100116_000080_2500_0000_ndvi.jp2', 2, 'No fields changed.'),
(1155, '2010-01-21 00:47:34', 3, 8, '1288', '20100116_000080_2500_0000_fpar.jp2', 2, 'Changed user.'),
(1156, '2010-01-21 00:47:43', 3, 8, '1287', '20100116_000080_2500_0000_color.jp2', 2, 'Changed user.'),
(1157, '2010-01-21 00:47:53', 3, 8, '1286', '20100116_000080_2500_0000_cir.jp2', 2, 'Changed user.'),
(1158, '2010-01-21 00:48:01', 3, 8, '1285', '20100116_000080_2500_0000_change.jp2', 2, 'Changed user.'),
(1159, '2010-01-21 12:21:05', 3, 8, '1278', '20100116_000081_2500_0015_change.jp2', 2, 'Changed name and layer.'),
(1160, '2010-01-21 12:21:22', 3, 8, '1279', '20100116_000081_2500_0015_cir.jp2', 2, 'Changed name and layer.'),
(1161, '2010-01-21 12:21:39', 3, 8, '1280', '20100116_000081_2500_0015_color.jp2', 2, 'Changed name and layer.'),
(1162, '2010-01-21 12:22:35', 3, 8, '1281', '20100116_000081_2500_0016_fpar.jp2', 2, 'Changed name and layer.'),
(1163, '2010-01-21 12:22:52', 3, 8, '1280', '20100116_000081_2500_0016_color.jp2', 2, 'Changed name and layer.'),
(1164, '2010-01-21 12:23:09', 3, 8, '1279', '20100116_000081_2500_0016_cir.jp2', 2, 'Changed name and layer.'),
(1165, '2010-01-21 12:23:25', 3, 8, '1278', '20100116_000081_2500_0016_change.jp2', 2, 'Changed name and layer.'),
(1166, '2010-01-21 12:23:53', 3, 8, '1282', '20100116_000081_2500_0016_ndvi.jp2', 2, 'Changed name and layer.'),
(1167, '2010-01-21 12:24:18', 3, 8, '1283', '20100116_000081_2500_0016_ndvihd.jp2', 2, 'Changed name and layer.'),
(1168, '2010-01-21 12:24:45', 3, 8, '1284', '20100116_000081_2500_0016_rgb.jp2', 2, 'Changed name and layer.'),
(1169, '2010-01-21 12:26:02', 3, 8, '1282', '20100116_000081_2500_0016_ndvi.jp2', 2, 'No fields changed.'),
(1170, '2010-01-21 12:26:38', 3, 8, '1292', '20100116_000077_2500_0015_change.jp2', 2, 'Changed name and layer.'),
(1171, '2010-01-21 12:27:01', 3, 8, '1293', '20100116_000077_2500_0015_cir.jp2', 2, 'Changed name and layer.'),
(1172, '2010-01-21 12:27:25', 3, 8, '1294', '20100116_000077_2500_0015_color.jp2', 2, 'Changed name and layer.'),
(1173, '2010-01-21 12:27:49', 3, 8, '1295', '20100116_000077_2500_0015_fpar.jp2', 2, 'Changed name and layer.'),
(1174, '2010-01-21 12:28:14', 3, 8, '1296', '20100116_000077_2500_0015_ndvi.jp2', 2, 'Changed name and layer.'),
(1175, '2010-01-21 12:28:36', 3, 8, '1297', '20100116_000077_2500_0015_ndvihd.jp2', 2, 'Changed name and layer.'),
(1176, '2010-01-21 12:28:55', 3, 8, '1298', '20100116_000077_2500_0015_rgb.jp2', 2, 'Changed name and layer.'),
(1177, '2010-01-21 12:31:56', 3, 8, '1295', '20100116_000077_2500_0015_fpar.jp2', 2, 'No fields changed.'),
(1178, '2010-01-21 12:32:33', 3, 8, '1281', '20100116_000081_2500_0016_fpar.jp2', 2, 'Changed layer.'),
(1179, '2010-01-21 12:43:26', 3, 8, '1280', '20100116_000081_2500_0016_color.jp2', 2, 'Changed layer.'),
(1180, '2010-01-22 16:46:33', 3, 8, '1299', '20100116_000071_2500_0002_change.jp2', 1, ''),
(1181, '2010-01-22 16:47:51', 3, 8, '1300', '20100116_000071_2500_0002_cir.jp2', 1, ''),
(1182, '2010-01-22 16:49:33', 3, 8, '1301', '20100116_000071_2500_0002_ndvi.jp2', 1, ''),
(1183, '2010-01-22 16:50:18', 3, 8, '1302', '20100116_000071_2500_0002_ndvihd.jp2', 1, ''),
(1184, '2010-01-22 16:50:52', 3, 8, '1303', '20100116_000071_2500_0002_rgb.jp2', 1, ''),
(1185, '2010-01-22 18:28:46', 3, 8, '1304', '20100116_000005_1250_0002_change.jp2', 1, ''),
(1186, '2010-01-22 18:29:24', 3, 8, '1305', '20100116_000005_1250_0002_cir.jp2', 1, ''),
(1187, '2010-01-22 18:29:48', 3, 8, '1306', '20100116_000005_1250_0002_color.jp2', 1, ''),
(1188, '2010-01-22 18:30:12', 3, 8, '1307', '20100116_000005_1250_0002_fpar.jp2', 1, ''),
(1189, '2010-01-22 18:31:12', 3, 8, '1308', '20100116_000005_1250_0002_ndvi.jp2', 1, ''),
(1190, '2010-01-22 18:31:36', 3, 8, '1309', '20100116_000005_1250_0002_ndvihd.jp2', 1, ''),
(1191, '2010-01-22 18:32:09', 3, 8, '1310', '20100116_000005_1250_0002_rgb.jp2', 1, ''),
(1192, '2010-01-22 18:39:57', 3, 8, '1308', '20100116_000005_1250_0002_ndvi.jp2', 2, 'Changed layer.'),
(1193, '2010-01-22 20:15:42', 4, 3, '21', 'rucker', 1, ''),
(1194, '2010-01-22 20:15:55', 4, 3, '21', 'rucker', 2, 'Changed first_name and last_name.'),
(1195, '2010-01-22 20:16:14', 4, 9, '5', 'Rucker', 2, 'Changed user.'),
(1196, '2010-01-22 20:16:28', 4, 8, '1304', '20100116_000005_1250_0002_change.jp2', 2, 'Changed user.'),
(1197, '2010-01-22 20:16:35', 4, 8, '1305', '20100116_000005_1250_0002_cir.jp2', 2, 'Changed user.'),
(1198, '2010-01-22 20:16:43', 4, 8, '1306', '20100116_000005_1250_0002_color.jp2', 2, 'Changed user.'),
(1199, '2010-01-22 20:16:49', 4, 8, '1307', '20100116_000005_1250_0002_fpar.jp2', 2, 'Changed user.'),
(1200, '2010-01-22 20:16:53', 4, 8, '1308', '20100116_000005_1250_0002_ndvi.jp2', 2, 'Changed user.'),
(1201, '2010-01-22 20:16:59', 4, 8, '1309', '20100116_000005_1250_0002_ndvihd.jp2', 2, 'Changed user.'),
(1202, '2010-01-22 20:17:05', 4, 8, '1310', '20100116_000005_1250_0002_rgb.jp2', 2, 'Changed user.'),
(1203, '2010-01-22 22:03:33', 3, 8, '1309', '20100116_000005_1250_0020_ndvihd_fixed.jp2', 2, 'Changed name and layer.'),
(1204, '2010-01-22 22:06:57', 3, 8, '1309', '20100116_000005_1250_0020_ndvihd_fixed.jp2', 2, 'No fields changed.'),
(1205, '2010-01-22 22:11:53', 3, 8, 'None', '20100116_000005_1250_0020_ndvihd_fixed.jp2', 3, ''),
(1206, '2010-01-22 22:12:19', 3, 8, '1311', '20100116_000005_1250_0020_ndvihd_fixed.jp2', 1, ''),
(1207, '2010-01-22 22:22:49', 3, 8, 'None', '20100116_000005_1250_0020_ndvihd_fixed.jp2', 3, ''),
(1208, '2010-01-22 22:23:22', 3, 8, '1312', '20100116_000005_1250_0020_ndvihd_fixed-02.jp2', 1, ''),
(1209, '2010-01-22 22:26:48', 4, 8, '1312', '20100116_000005_1250_0020_ndvihd_fixed-02.jp2', 2, 'Changed layer.'),
(1210, '2010-01-22 22:27:02', 4, 8, '1312', '20100116_000005_1250_0020_ndvihd_fixed.jp2', 2, 'Changed name.'),
(1211, '2010-01-22 22:28:46', 3, 8, '1312', '20100116_000005_1250_0020_ndvihd_fixed-02.jp2', 2, 'Changed name and layer.'),
(1212, '2010-01-22 22:31:35', 3, 8, '1312', '20100116_000005_1250_0002_ndvihd.jp2', 2, 'Changed name and layer.'),
(1213, '2010-01-22 22:34:22', 3, 8, '1312', '20100116_000005_1250_0020_ndvihd_fixed-02.jp2', 2, 'Changed name and layer.');


INSERT INTO `django_content_type` (`id`, `name`, `app_label`, `model`) VALUES
(1, 'permission', 'auth', 'permission'),
(2, 'group', 'auth', 'group'),
(3, 'user', 'auth', 'user'),
(4, 'message', 'auth', 'message'),
(5, 'content type', 'contenttypes', 'contenttype'),
(6, 'session', 'sessions', 'session'),
(7, 'site', 'sites', 'site'),
(8, 'image', 'beiapp', 'image'),
(9, 'property', 'beiapp', 'property'),
(10, 'image type', 'beiapp', 'imagetype'),
(11, 'log entry', 'admin', 'logentry');


INSERT INTO `django_session` (`session_key`, `session_data`, `expire_date`) VALUES
('007b5257d9ed4ba40fbadebcb077737e', 'gAJ9cQEoVRJfYXV0aF91c2VyX2JhY2tlbmRxAlUpZGphbmdvLmNvbnRyaWIuYXV0aC5iYWNrZW5k\ncy5Nb2RlbEJhY2tlbmRxA1UNX2F1dGhfdXNlcl9pZHEEigECdS40ZjcyNTZlYmJiMzc5MTc4ZDE0\nN2M3OTM2MzQ3OTExYw==\n', '2009-11-02 23:42:33'),
('01c56a5ff3eb334b6106d134288a6b2c', 'gAJ9cQEoVRJfYXV0aF91c2VyX2JhY2tlbmRxAlUpZGphbmdvLmNvbnRyaWIuYXV0aC5iYWNrZW5k\ncy5Nb2RlbEJhY2tlbmRxA1UNX2F1dGhfdXNlcl9pZHEEigEQdS5kMDEzMzc1YzRmY2Q5YTRmMzZl\nMWEwZDNkYTNmMWRlYg==\n', '2010-02-04 11:04:23'),
('0321a9734f173d1c8a53a9c8d3aa28ec', 'gAJ9cQEoVRJfYXV0aF91c2VyX2JhY2tlbmRxAlUpZGphbmdvLmNvbnRyaWIuYXV0aC5iYWNrZW5k\ncy5Nb2RlbEJhY2tlbmRxA1UNX2F1dGhfdXNlcl9pZHEEigERdS5iNGQ5MWNlNzI2MTE2NjE3YzY1\nZDU0MmVlN2Y5MzM4Yg==\n', '2010-01-02 16:14:44'),
('05b5b58f944f45cbaf00f1f8fd83e30e', 'gAJ9cQEoVRJfYXV0aF91c2VyX2JhY2tlbmRxAlUpZGphbmdvLmNvbnRyaWIuYXV0aC5iYWNrZW5k\ncy5Nb2RlbEJhY2tlbmRxA1UNX2F1dGhfdXNlcl9pZHEEigEFdS40NDUyODEzOGI4ZmZlMzM0MmNk\nMmM0MGVjYzQ1YmM4Nw==\n', '2009-07-15 10:42:01'),
('09a5940e824e69cd5e8649a73f361e91', 'gAJ9cQEoVRJfYXV0aF91c2VyX2JhY2tlbmRxAlUpZGphbmdvLmNvbnRyaWIuYXV0aC5iYWNrZW5k\ncy5Nb2RlbEJhY2tlbmRxA1UNX2F1dGhfdXNlcl9pZHEEigECdS40ZjcyNTZlYmJiMzc5MTc4ZDE0\nN2M3OTM2MzQ3OTExYw==\n', '2009-09-16 22:36:30'),
('0a68d069079ad94bb2f1f794bb5e9f67', 'gAJ9cQEoVQ1fYXV0aF91c2VyX2lkcQKKAQJVEl9hdXRoX3VzZXJfYmFja2VuZHEDVSlkamFuZ28u\nY29udHJpYi5hdXRoLmJhY2tlbmRzLk1vZGVsQmFja2VuZHEEdS5mZjFmY2YyZWUyMDAwMTIwZDUx\nOWVjMThjNDEwMzM2Yg==\n', '2009-07-21 17:23:37'),
('0b20d25cbfcf46cf5047737cbdf9f24d', 'gAJ9cQEoVQ1fYXV0aF91c2VyX2lkcQKKAQxVEl9hdXRoX3VzZXJfYmFja2VuZHEDVSlkamFuZ28u\nY29udHJpYi5hdXRoLmJhY2tlbmRzLk1vZGVsQmFja2VuZHEEdS42MDlkNzdmMjQwNGMyZTM4YmJl\nODg2MjkzOWU0MGZjMw==\n', '2009-11-05 10:34:10'),
('0c3b717904a3d4b5085e3987f18fefe3', 'gAJ9cQEoVRJfYXV0aF91c2VyX2JhY2tlbmRxAlUpZGphbmdvLmNvbnRyaWIuYXV0aC5iYWNrZW5k\ncy5Nb2RlbEJhY2tlbmRxA1UNX2F1dGhfdXNlcl9pZHEEigERdS5iNGQ5MWNlNzI2MTE2NjE3YzY1\nZDU0MmVlN2Y5MzM4Yg==\n', '2010-01-06 06:01:55'),
('0c5316485e8a09c7773133b5cabb4d01', 'gAJ9cQEoVRJfYXV0aF91c2VyX2JhY2tlbmRxAlUpZGphbmdvLmNvbnRyaWIuYXV0aC5iYWNrZW5k\ncy5Nb2RlbEJhY2tlbmRxA1UNX2F1dGhfdXNlcl9pZHEEigECdS40ZjcyNTZlYmJiMzc5MTc4ZDE0\nN2M3OTM2MzQ3OTExYw==\n', '2009-11-12 15:01:36'),
('0df517e2bcbd03695035e7601101ac0c', 'gAJ9cQEoVQ1fYXV0aF91c2VyX2lkcQKKARFVEl9hdXRoX3VzZXJfYmFja2VuZHEDVSlkamFuZ28u\nY29udHJpYi5hdXRoLmJhY2tlbmRzLk1vZGVsQmFja2VuZHEEdS5jMzZlNTIzNTVlY2Y3NzQ3NTFh\nZTQ0MjgzMWQ0YTFlYQ==\n', '2010-02-03 10:52:19'),
('0ec0b49759fc61f5a4a3c1b4dc3a91d1', 'gAJ9cQEoVRJfYXV0aF91c2VyX2JhY2tlbmRxAlUpZGphbmdvLmNvbnRyaWIuYXV0aC5iYWNrZW5k\ncy5Nb2RlbEJhY2tlbmRxA1UNX2F1dGhfdXNlcl9pZHEEigEQdS5kMDEzMzc1YzRmY2Q5YTRmMzZl\nMWEwZDNkYTNmMWRlYg==\n', '2010-02-04 11:02:06'),
('0f34eb0342b1522872b2a0a5c34bc9d7', 'gAJ9cQEoVRJfYXV0aF91c2VyX2JhY2tlbmRxAlUpZGphbmdvLmNvbnRyaWIuYXV0aC5iYWNrZW5k\ncy5Nb2RlbEJhY2tlbmRxA1UNX2F1dGhfdXNlcl9pZHEEigECdS40ZjcyNTZlYmJiMzc5MTc4ZDE0\nN2M3OTM2MzQ3OTExYw==\n', '2009-09-30 14:40:43'),
('107a847049d4ae3a43b691d157190b17', 'gAJ9cQEuNTdkZDM5ZjhkZDNlY2VlNmU5MTc2OGE0MTJkNWE3MmQ=\n', '2009-08-07 22:48:21'),
('1081144f8a33e204dc7b5ab4dc1d131d', 'gAJ9cQEoVRJfYXV0aF91c2VyX2JhY2tlbmRxAlUpZGphbmdvLmNvbnRyaWIuYXV0aC5iYWNrZW5k\ncy5Nb2RlbEJhY2tlbmRxA1UNX2F1dGhfdXNlcl9pZHEEigEQdS5kMDEzMzc1YzRmY2Q5YTRmMzZl\nMWEwZDNkYTNmMWRlYg==\n', '2010-02-04 11:05:21'),
('122636cc246736f48881a5f5cf8a9ee8', 'gAJ9cQFVCnRlc3Rjb29raWVxAlUGd29ya2VkcQNzLmNmMTAwZGNkNzQzZGJkNTEzZmY1Y2U2ODUx\nZTk1ZDRh\n', '2009-12-21 13:50:08'),
('1248628b12661b3ac3c0c0d64b4b34b9', 'gAJ9cQEoVRJfYXV0aF91c2VyX2JhY2tlbmRxAlUpZGphbmdvLmNvbnRyaWIuYXV0aC5iYWNrZW5k\ncy5Nb2RlbEJhY2tlbmRxA1UNX2F1dGhfdXNlcl9pZHEEigECdS42ZWU4Zjc1MGRhOGFhMmVhNzYz\nZTYwYWE1NTIwYmFjMg==\n', '2009-07-02 12:41:03'),
('139cb00b782e6c9cbb71ee971b852380', 'gAJ9cQEoVRJfYXV0aF91c2VyX2JhY2tlbmRxAlUpZGphbmdvLmNvbnRyaWIuYXV0aC5iYWNrZW5k\ncy5Nb2RlbEJhY2tlbmRxA1UNX2F1dGhfdXNlcl9pZHEEigECdS40ZjcyNTZlYmJiMzc5MTc4ZDE0\nN2M3OTM2MzQ3OTExYw==\n', '2009-09-30 14:06:45'),
('141276551d12098273247ff074157c52', 'gAJ9cQEoVRJfYXV0aF91c2VyX2JhY2tlbmRxAlUpZGphbmdvLmNvbnRyaWIuYXV0aC5iYWNrZW5k\ncy5Nb2RlbEJhY2tlbmRxA1UNX2F1dGhfdXNlcl9pZHEEigEMdS40YzFhM2U3YTlmOTA1ZDEyZTlm\nMzE2ZmFhMjUzNzg2Mw==\n', '2010-02-07 13:41:14'),
('1487b981a74446f11bd8669a7ad161e2', 'gAJ9cQEoVRJfYXV0aF91c2VyX2JhY2tlbmRxAlUpZGphbmdvLmNvbnRyaWIuYXV0aC5iYWNrZW5k\ncy5Nb2RlbEJhY2tlbmRxA1UNX2F1dGhfdXNlcl9pZHEEigEEdS40NjVlNjNhMDY4OWMxMTMxNDc0\nNTU0ZGQwOTE4MTNjMg==\n', '2010-01-03 22:12:15'),
('149efe1adb361fc251852e00d9675f7d', 'gAJ9cQEoVRJfYXV0aF91c2VyX2JhY2tlbmRxAlUpZGphbmdvLmNvbnRyaWIuYXV0aC5iYWNrZW5k\ncy5Nb2RlbEJhY2tlbmRxA1UNX2F1dGhfdXNlcl9pZHEEigEDdS41YTAzYzJmMGU2YjlkYTZjYTli\nNjY4NWQ1ZWRmM2IzZQ==\n', '2009-10-18 17:34:21'),
('14ae34b5b86b065683ff586b5a7bfe39', 'gAJ9cQEuNTdkZDM5ZjhkZDNlY2VlNmU5MTc2OGE0MTJkNWE3MmQ=\n', '2009-10-01 12:45:05'),
('14f0f4caff39292f23e76b7817383667', 'gAJ9cQEoVRJfYXV0aF91c2VyX2JhY2tlbmRxAlUpZGphbmdvLmNvbnRyaWIuYXV0aC5iYWNrZW5k\ncy5Nb2RlbEJhY2tlbmRxA1UNX2F1dGhfdXNlcl9pZHEEigEDdS41YTAzYzJmMGU2YjlkYTZjYTli\nNjY4NWQ1ZWRmM2IzZQ==\n', '2009-10-20 23:27:31'),
('15c921ec90ed475b8b0cd01c17733788', 'gAJ9cQFVCnRlc3Rjb29raWVxAlUGd29ya2VkcQNzLmNmMTAwZGNkNzQzZGJkNTEzZmY1Y2U2ODUx\nZTk1ZDRh\n', '2009-11-07 11:54:53'),
('1862c10ec2d0706cfd5671db831f0a0f', 'gAJ9cQEoVRJfYXV0aF91c2VyX2JhY2tlbmRxAlUpZGphbmdvLmNvbnRyaWIuYXV0aC5iYWNrZW5k\ncy5Nb2RlbEJhY2tlbmRxA1UNX2F1dGhfdXNlcl9pZHEEigECdS40ZjcyNTZlYmJiMzc5MTc4ZDE0\nN2M3OTM2MzQ3OTExYw==\n', '2009-07-14 13:10:24'),
('18e1c87d466be442814c3191034e4d9f', 'gAJ9cQEoVRJfYXV0aF91c2VyX2JhY2tlbmRxAlUpZGphbmdvLmNvbnRyaWIuYXV0aC5iYWNrZW5k\ncy5Nb2RlbEJhY2tlbmRxA1UNX2F1dGhfdXNlcl9pZHEEigEMdS40YzFhM2U3YTlmOTA1ZDEyZTlm\nMzE2ZmFhMjUzNzg2Mw==\n', '2009-11-17 08:57:51'),
('199d5e0bae8a66bcc1ed52033bf601b1', 'gAJ9cQEoVRJfYXV0aF91c2VyX2JhY2tlbmRxAlUpZGphbmdvLmNvbnRyaWIuYXV0aC5iYWNrZW5k\ncy5Nb2RlbEJhY2tlbmRxA1UNX2F1dGhfdXNlcl9pZHEEigEMdS40YzFhM2U3YTlmOTA1ZDEyZTlm\nMzE2ZmFhMjUzNzg2Mw==\n', '2009-11-04 11:48:57'),
('19cbaa40391a6ee32047edde5de238af', 'gAJ9cQEoVRJfYXV0aF91c2VyX2JhY2tlbmRxAlUpZGphbmdvLmNvbnRyaWIuYXV0aC5iYWNrZW5k\ncy5Nb2RlbEJhY2tlbmRxA1UNX2F1dGhfdXNlcl9pZHEEigECdS40ZjcyNTZlYmJiMzc5MTc4ZDE0\nN2M3OTM2MzQ3OTExYw==\n', '2009-11-13 10:30:45'),
('19cc2eeb454542692394e397b2d44fdb', 'gAJ9cQFVCnRlc3Rjb29raWVxAlUGd29ya2VkcQNzLmNmMTAwZGNkNzQzZGJkNTEzZmY1Y2U2ODUx\nZTk1ZDRh\n', '2009-12-21 14:07:49'),
('1a0939b56f8d97ebf18af4105068324e', 'gAJ9cQEoVRJfYXV0aF91c2VyX2JhY2tlbmRxAlUpZGphbmdvLmNvbnRyaWIuYXV0aC5iYWNrZW5k\ncy5Nb2RlbEJhY2tlbmRxA1UNX2F1dGhfdXNlcl9pZHEEigECdS40ZjcyNTZlYmJiMzc5MTc4ZDE0\nN2M3OTM2MzQ3OTExYw==\n', '2009-09-30 10:48:27'),
('1b7fcd6ba10a99407b577960eea73bb3', 'gAJ9cQEoVRJfYXV0aF91c2VyX2JhY2tlbmRxAlUpZGphbmdvLmNvbnRyaWIuYXV0aC5iYWNrZW5k\ncy5Nb2RlbEJhY2tlbmRxA1UNX2F1dGhfdXNlcl9pZHEEigEEdS40NjVlNjNhMDY4OWMxMTMxNDc0\nNTU0ZGQwOTE4MTNjMg==\n', '2010-02-04 11:13:05'),
('1b9299368aaea50d864fffbfd908302f', 'gAJ9cQEuNTdkZDM5ZjhkZDNlY2VlNmU5MTc2OGE0MTJkNWE3MmQ=\n', '2010-01-26 09:38:54'),
('1c9b2b64e9d8225b211a441b3ad9e2e5', 'gAJ9cQEoVRJfYXV0aF91c2VyX2JhY2tlbmRxAlUpZGphbmdvLmNvbnRyaWIuYXV0aC5iYWNrZW5k\ncy5Nb2RlbEJhY2tlbmRxA1UNX2F1dGhfdXNlcl9pZHEEigECdS40ZjcyNTZlYmJiMzc5MTc4ZDE0\nN2M3OTM2MzQ3OTExYw==\n', '2009-10-22 10:17:38'),
('1eb78d4865dc49b7732b97429493bf52', 'gAJ9cQEoVRJfYXV0aF91c2VyX2JhY2tlbmRxAlUpZGphbmdvLmNvbnRyaWIuYXV0aC5iYWNrZW5k\ncy5Nb2RlbEJhY2tlbmRxA1UNX2F1dGhfdXNlcl9pZHEEigECdS40ZjcyNTZlYmJiMzc5MTc4ZDE0\nN2M3OTM2MzQ3OTExYw==\n', '2009-08-04 22:12:45'),
('204a4973c8ddeafa1406b1d67eef6371', 'gAJ9cQEoVQ1fYXV0aF91c2VyX2lkcQKKAQJVEl9hdXRoX3VzZXJfYmFja2VuZHEDVSlkamFuZ28u\nY29udHJpYi5hdXRoLmJhY2tlbmRzLk1vZGVsQmFja2VuZHEEdS5mZjFmY2YyZWUyMDAwMTIwZDUx\nOWVjMThjNDEwMzM2Yg==\n', '2009-11-03 09:37:17'),
('21c4975173f8a4a68e474aa25153bd87', 'gAJ9cQEoVRJfYXV0aF91c2VyX2JhY2tlbmRxAlUpZGphbmdvLmNvbnRyaWIuYXV0aC5iYWNrZW5k\ncy5Nb2RlbEJhY2tlbmRxA1UNX2F1dGhfdXNlcl9pZHEEigEFdS40NDUyODEzOGI4ZmZlMzM0MmNk\nMmM0MGVjYzQ1YmM4Nw==\n', '2009-08-10 21:25:31'),
('21e13adbe0c4611ab9d544d9d5aa1b98', 'gAJ9cQEuNTdkZDM5ZjhkZDNlY2VlNmU5MTc2OGE0MTJkNWE3MmQ=\n', '2009-07-14 11:03:33'),
('21f8b1efcdbbe0adee86d4b40eb1494a', 'gAJ9cQEoVRJfYXV0aF91c2VyX2JhY2tlbmRxAlUpZGphbmdvLmNvbnRyaWIuYXV0aC5iYWNrZW5k\ncy5Nb2RlbEJhY2tlbmRxA1UNX2F1dGhfdXNlcl9pZHEEigEDdS41YTAzYzJmMGU2YjlkYTZjYTli\nNjY4NWQ1ZWRmM2IzZQ==\n', '2009-09-27 18:16:04'),
('23ae8225eff71b2e2de3734458bbdb3a', 'gAJ9cQEoVRJfYXV0aF91c2VyX2JhY2tlbmRxAlUpZGphbmdvLmNvbnRyaWIuYXV0aC5iYWNrZW5k\ncy5Nb2RlbEJhY2tlbmRxA1UNX2F1dGhfdXNlcl9pZHEEigECdS40ZjcyNTZlYmJiMzc5MTc4ZDE0\nN2M3OTM2MzQ3OTExYw==\n', '2009-11-03 14:14:03'),
('2610083c4f109b4aba42abe552874678', 'gAJ9cQEoVRJfYXV0aF91c2VyX2JhY2tlbmRxAlUpZGphbmdvLmNvbnRyaWIuYXV0aC5iYWNrZW5k\ncy5Nb2RlbEJhY2tlbmRxA1UNX2F1dGhfdXNlcl9pZHEEigEMdS40YzFhM2U3YTlmOTA1ZDEyZTlm\nMzE2ZmFhMjUzNzg2Mw==\n', '2009-10-30 09:59:07'),
('296bb49fd30973c017ddb894d5b41ca5', 'gAJ9cQFVCnRlc3Rjb29raWVxAlUGd29ya2VkcQNzLmNmMTAwZGNkNzQzZGJkNTEzZmY1Y2U2ODUx\nZTk1ZDRh\n', '2009-11-03 09:12:11'),
('2a52e090e63614cf3e9d3f989a18f6c9', 'gAJ9cQEoVRJfYXV0aF91c2VyX2JhY2tlbmRxAlUpZGphbmdvLmNvbnRyaWIuYXV0aC5iYWNrZW5k\ncy5Nb2RlbEJhY2tlbmRxA1UNX2F1dGhfdXNlcl9pZHEEigEMdS40YzFhM2U3YTlmOTA1ZDEyZTlm\nMzE2ZmFhMjUzNzg2Mw==\n', '2009-10-30 10:41:24'),
('2ae7266338383710affb2dba25f20e5b', 'gAJ9cQEoVRJfYXV0aF91c2VyX2JhY2tlbmRxAlUpZGphbmdvLmNvbnRyaWIuYXV0aC5iYWNrZW5k\ncy5Nb2RlbEJhY2tlbmRxA1UNX2F1dGhfdXNlcl9pZHEEigEFdS40NDUyODEzOGI4ZmZlMzM0MmNk\nMmM0MGVjYzQ1YmM4Nw==\n', '2009-09-19 15:29:55'),
('2c5dabf8cc5a3d6b02abce7790bb60d8', 'gAJ9cQEuNTdkZDM5ZjhkZDNlY2VlNmU5MTc2OGE0MTJkNWE3MmQ=\n', '2009-10-19 21:27:39'),
('2c5f14fd8a9be2242476923cd25b9115', 'gAJ9cQEoVRJfYXV0aF91c2VyX2JhY2tlbmRxAlUpZGphbmdvLmNvbnRyaWIuYXV0aC5iYWNrZW5k\ncy5Nb2RlbEJhY2tlbmRxA1UNX2F1dGhfdXNlcl9pZHEEigECdS42ZWU4Zjc1MGRhOGFhMmVhNzYz\nZTYwYWE1NTIwYmFjMg==\n', '2009-07-02 18:07:35'),
('2ca9d65c9f01457127c44de43b41261e', 'gAJ9cQEoVRJfYXV0aF91c2VyX2JhY2tlbmRxAlUpZGphbmdvLmNvbnRyaWIuYXV0aC5iYWNrZW5k\ncy5Nb2RlbEJhY2tlbmRxA1UNX2F1dGhfdXNlcl9pZHEEigECdS40ZjcyNTZlYmJiMzc5MTc4ZDE0\nN2M3OTM2MzQ3OTExYw==\n', '2009-09-30 14:31:01'),
('2ce6f3d291b086fc9483a451ec90af28', 'gAJ9cQEuNTdkZDM5ZjhkZDNlY2VlNmU5MTc2OGE0MTJkNWE3MmQ=\n', '2009-12-21 14:05:47'),
('2e88e889eb6d93419fab35423260a7ba', 'gAJ9cQEoVRJfYXV0aF91c2VyX2JhY2tlbmRxAlUpZGphbmdvLmNvbnRyaWIuYXV0aC5iYWNrZW5k\ncy5Nb2RlbEJhY2tlbmRxA1UNX2F1dGhfdXNlcl9pZHEEigECdS40ZjcyNTZlYmJiMzc5MTc4ZDE0\nN2M3OTM2MzQ3OTExYw==\n', '2009-08-03 13:23:42'),
('2ed8a37e8bd9e8010ded19cddb638c8b', 'gAJ9cQEuNTdkZDM5ZjhkZDNlY2VlNmU5MTc2OGE0MTJkNWE3MmQ=\n', '2010-02-04 11:24:20'),
('2f152146c1197e4d7ef15a73080da2e1', 'gAJ9cQEoVRJfYXV0aF91c2VyX2JhY2tlbmRxAlUpZGphbmdvLmNvbnRyaWIuYXV0aC5iYWNrZW5k\ncy5Nb2RlbEJhY2tlbmRxA1UNX2F1dGhfdXNlcl9pZHEEigERdS5iNGQ5MWNlNzI2MTE2NjE3YzY1\nZDU0MmVlN2Y5MzM4Yg==\n', '2009-12-07 08:24:35'),
('2fad78b701903bc906f68b8b28b51952', 'gAJ9cQEoVQ1fYXV0aF91c2VyX2lkcQKKAQJVEl9hdXRoX3VzZXJfYmFja2VuZHEDVSlkamFuZ28u\nY29udHJpYi5hdXRoLmJhY2tlbmRzLk1vZGVsQmFja2VuZHEEdS5mZjFmY2YyZWUyMDAwMTIwZDUx\nOWVjMThjNDEwMzM2Yg==\n', '2009-10-27 22:28:12'),
('31ad16ffb649f1b10c7d4d68be3e2f59', 'gAJ9cQEoVRJfYXV0aF91c2VyX2JhY2tlbmRxAlUpZGphbmdvLmNvbnRyaWIuYXV0aC5iYWNrZW5k\ncy5Nb2RlbEJhY2tlbmRxA1UNX2F1dGhfdXNlcl9pZHEEigECdS40ZjcyNTZlYmJiMzc5MTc4ZDE0\nN2M3OTM2MzQ3OTExYw==\n', '2009-07-28 22:35:48'),
('3226ed73104e44a7d8a78dbc1b144b94', 'gAJ9cQEoVRJfYXV0aF91c2VyX2JhY2tlbmRxAlUpZGphbmdvLmNvbnRyaWIuYXV0aC5iYWNrZW5k\ncy5Nb2RlbEJhY2tlbmRxA1UNX2F1dGhfdXNlcl9pZHEEigEMdS40YzFhM2U3YTlmOTA1ZDEyZTlm\nMzE2ZmFhMjUzNzg2Mw==\n', '2009-10-21 07:19:21'),
('32902902809f7cead433ff4b3adbef2f', 'gAJ9cQEoVRJfYXV0aF91c2VyX2JhY2tlbmRxAlUpZGphbmdvLmNvbnRyaWIuYXV0aC5iYWNrZW5k\ncy5Nb2RlbEJhY2tlbmRxA1UNX2F1dGhfdXNlcl9pZHEEigEDdS41YTAzYzJmMGU2YjlkYTZjYTli\nNjY4NWQ1ZWRmM2IzZQ==\n', '2009-11-28 20:57:29'),
('33379999422da882d79013420e6cb486', 'gAJ9cQEoVRJfYXV0aF91c2VyX2JhY2tlbmRxAlUpZGphbmdvLmNvbnRyaWIuYXV0aC5iYWNrZW5k\ncy5Nb2RlbEJhY2tlbmRxA1UNX2F1dGhfdXNlcl9pZHEEigERdS5iNGQ5MWNlNzI2MTE2NjE3YzY1\nZDU0MmVlN2Y5MzM4Yg==\n', '2009-12-09 15:42:03'),
('3408388b840cebf523ed6cf239397543', 'gAJ9cQEoVRJfYXV0aF91c2VyX2JhY2tlbmRxAlUpZGphbmdvLmNvbnRyaWIuYXV0aC5iYWNrZW5k\ncy5Nb2RlbEJhY2tlbmRxA1UNX2F1dGhfdXNlcl9pZHEEigEPdS45MWI4N2Q4MWE0ODc3NDMyNDgw\nZThjODMxNDIxMTE4MA==\n', '2009-12-07 18:21:52'),
('347b1d8dc8f6fdc7f173451f47dfc22f', 'gAJ9cQEoVRJfYXV0aF91c2VyX2JhY2tlbmRxAlUpZGphbmdvLmNvbnRyaWIuYXV0aC5iYWNrZW5k\ncy5Nb2RlbEJhY2tlbmRxA1UNX2F1dGhfdXNlcl9pZHEEigECdS42ZWU4Zjc1MGRhOGFhMmVhNzYz\nZTYwYWE1NTIwYmFjMg==\n', '2009-07-07 21:18:17'),
('361ef10fca00dd8780c351b2a0819eac', 'gAJ9cQEoVRJfYXV0aF91c2VyX2JhY2tlbmRxAlUpZGphbmdvLmNvbnRyaWIuYXV0aC5iYWNrZW5k\ncy5Nb2RlbEJhY2tlbmRxA1UNX2F1dGhfdXNlcl9pZHEEigEQdS5kMDEzMzc1YzRmY2Q5YTRmMzZl\nMWEwZDNkYTNmMWRlYg==\n', '2010-02-07 21:17:57'),
('3676579a662450c7a09881bbfaabbef8', 'gAJ9cQEoVQ1fYXV0aF91c2VyX2lkcQKKAQJVEl9hdXRoX3VzZXJfYmFja2VuZHEDVSlkamFuZ28u\nY29udHJpYi5hdXRoLmJhY2tlbmRzLk1vZGVsQmFja2VuZHEEdS5mZjFmY2YyZWUyMDAwMTIwZDUx\nOWVjMThjNDEwMzM2Yg==\n', '2009-10-19 14:17:59'),
('37b02c3c3bfd872120e3469cee97dc3f', 'gAJ9cQEoVQ1fYXV0aF91c2VyX2lkcQKKAQJVEl9hdXRoX3VzZXJfYmFja2VuZHEDVSlkamFuZ28u\nY29udHJpYi5hdXRoLmJhY2tlbmRzLk1vZGVsQmFja2VuZHEEdS5mZjFmY2YyZWUyMDAwMTIwZDUx\nOWVjMThjNDEwMzM2Yg==\n', '2009-10-06 08:41:41'),
('396224aab797cc5fbbeb072627a560f6', 'gAJ9cQEoVRJfYXV0aF91c2VyX2JhY2tlbmRxAlUpZGphbmdvLmNvbnRyaWIuYXV0aC5iYWNrZW5k\ncy5Nb2RlbEJhY2tlbmRxA1UNX2F1dGhfdXNlcl9pZHEEigECdS40ZjcyNTZlYmJiMzc5MTc4ZDE0\nN2M3OTM2MzQ3OTExYw==\n', '2009-10-05 11:53:37'),
('39714f15dd88193eb34d0b3d3b29f82d', 'gAJ9cQEuMWZlMDJjYTI0Yzg2ODNmYTc5ODI3ZDRiNGZlYWIyNWE=\n', '2009-07-01 17:50:00'),
('39f22917f0a89374689dacc1b2f7d7d9', 'gAJ9cQFVCnRlc3Rjb29raWVxAlUGd29ya2VkcQNzLmNmMTAwZGNkNzQzZGJkNTEzZmY1Y2U2ODUx\nZTk1ZDRh\n', '2009-10-30 00:53:58'),
('3a2787c8e7fbf9be901c2478c4bfaf47', 'gAJ9cQEuNTdkZDM5ZjhkZDNlY2VlNmU5MTc2OGE0MTJkNWE3MmQ=\n', '2009-11-02 10:43:07'),
('3abda39e5c77dcef9afb6261ec1fa188', 'gAJ9cQEoVRJfYXV0aF91c2VyX2JhY2tlbmRxAlUpZGphbmdvLmNvbnRyaWIuYXV0aC5iYWNrZW5k\ncy5Nb2RlbEJhY2tlbmRxA1UNX2F1dGhfdXNlcl9pZHEEigEVdS4zOWJlOGRkMGY4N2JjNGNhYzA1\nMWJjMmUwY2E3NzBiNA==\n', '2010-02-08 16:35:47'),
('3af631b2e061d1a0e1979866bc27432a', 'gAJ9cQEuNTdkZDM5ZjhkZDNlY2VlNmU5MTc2OGE0MTJkNWE3MmQ=\n', '2009-11-22 19:18:57'),
('3b0c638b71b049c91e2b19a428667644', 'gAJ9cQEoVRJfYXV0aF91c2VyX2JhY2tlbmRxAlUpZGphbmdvLmNvbnRyaWIuYXV0aC5iYWNrZW5k\ncy5Nb2RlbEJhY2tlbmRxA1UNX2F1dGhfdXNlcl9pZHEEigECdS40ZjcyNTZlYmJiMzc5MTc4ZDE0\nN2M3OTM2MzQ3OTExYw==\n', '2009-10-06 15:44:35'),
('3be965cb9e828a466fe7a02dbc84d482', 'gAJ9cQEoVRJfYXV0aF91c2VyX2JhY2tlbmRxAlUpZGphbmdvLmNvbnRyaWIuYXV0aC5iYWNrZW5k\ncy5Nb2RlbEJhY2tlbmRxA1UNX2F1dGhfdXNlcl9pZHEEigECdS40ZjcyNTZlYmJiMzc5MTc4ZDE0\nN2M3OTM2MzQ3OTExYw==\n', '2009-08-08 10:56:15'),
('3c6ea3a11d562fa7714044c0ae0e157f', 'gAJ9cQEoVRJfYXV0aF91c2VyX2JhY2tlbmRxAlUpZGphbmdvLmNvbnRyaWIuYXV0aC5iYWNrZW5k\ncy5Nb2RlbEJhY2tlbmRxA1UNX2F1dGhfdXNlcl9pZHEEigECdS40ZjcyNTZlYmJiMzc5MTc4ZDE0\nN2M3OTM2MzQ3OTExYw==\n', '2009-10-31 09:50:44'),
('3ccb68e473202bd0d92c197e04c8cce6', 'gAJ9cQEoVRJfYXV0aF91c2VyX2JhY2tlbmRxAlUpZGphbmdvLmNvbnRyaWIuYXV0aC5iYWNrZW5k\ncy5Nb2RlbEJhY2tlbmRxA1UNX2F1dGhfdXNlcl9pZHEEigEDdS41YTAzYzJmMGU2YjlkYTZjYTli\nNjY4NWQ1ZWRmM2IzZQ==\n', '2009-11-09 22:37:54'),
('3d755eff6289242297f35894e2398668', 'gAJ9cQEoVRJfYXV0aF91c2VyX2JhY2tlbmRxAlUpZGphbmdvLmNvbnRyaWIuYXV0aC5iYWNrZW5k\ncy5Nb2RlbEJhY2tlbmRxA1UNX2F1dGhfdXNlcl9pZHEEigECdS40ZjcyNTZlYmJiMzc5MTc4ZDE0\nN2M3OTM2MzQ3OTExYw==\n', '2009-07-31 18:57:48'),
('3ed96982be22e00e1671e021c5f0c4d6', 'gAJ9cQEoVQ1fYXV0aF91c2VyX2lkcQKKAQxVEl9hdXRoX3VzZXJfYmFja2VuZHEDVSlkamFuZ28u\nY29udHJpYi5hdXRoLmJhY2tlbmRzLk1vZGVsQmFja2VuZHEEdS42MDlkNzdmMjQwNGMyZTM4YmJl\nODg2MjkzOWU0MGZjMw==\n', '2009-11-02 16:48:35'),
('409fedacee02b15a1089db077a2c36d5', 'gAJ9cQEuNTdkZDM5ZjhkZDNlY2VlNmU5MTc2OGE0MTJkNWE3MmQ=\n', '2009-09-01 16:04:26'),
('41db22397a38590433208e5ed659c11c', 'gAJ9cQEoVRJfYXV0aF91c2VyX2JhY2tlbmRxAlUpZGphbmdvLmNvbnRyaWIuYXV0aC5iYWNrZW5k\ncy5Nb2RlbEJhY2tlbmRxA1UNX2F1dGhfdXNlcl9pZHEEigEEdS40NjVlNjNhMDY4OWMxMTMxNDc0\nNTU0ZGQwOTE4MTNjMg==\n', '2009-09-28 08:18:07'),
('4239b74c2bc37a596d13c8a01de2a77a', 'gAJ9cQEoVQ1fYXV0aF91c2VyX2lkcQKKAQxVEl9hdXRoX3VzZXJfYmFja2VuZHEDVSlkamFuZ28u\nY29udHJpYi5hdXRoLmJhY2tlbmRzLk1vZGVsQmFja2VuZHEEdS42MDlkNzdmMjQwNGMyZTM4YmJl\nODg2MjkzOWU0MGZjMw==\n', '2009-10-30 09:32:25'),
('4357673d5d4c01dcfd529a3aa0aad61d', 'gAJ9cQFVCnRlc3Rjb29raWVxAlUGd29ya2VkcQNzLmNmMTAwZGNkNzQzZGJkNTEzZmY1Y2U2ODUx\nZTk1ZDRh\n', '2010-02-04 11:11:18'),
('447ea4d2fd4170a46355fe29df13b626', 'gAJ9cQEoVRJfYXV0aF91c2VyX2JhY2tlbmRxAlUpZGphbmdvLmNvbnRyaWIuYXV0aC5iYWNrZW5k\ncy5Nb2RlbEJhY2tlbmRxA1UNX2F1dGhfdXNlcl9pZHEEigEMdS40YzFhM2U3YTlmOTA1ZDEyZTlm\nMzE2ZmFhMjUzNzg2Mw==\n', '2009-11-01 20:38:33'),
('45135ab9d40c1d90d1e2debec0e2f005', 'gAJ9cQEuMWZlMDJjYTI0Yzg2ODNmYTc5ODI3ZDRiNGZlYWIyNWE=\n', '2009-07-03 18:30:42'),
('48e4e93362ab11be5f5e11c2dbb62fcf', 'gAJ9cQEoVRJfYXV0aF91c2VyX2JhY2tlbmRxAlUpZGphbmdvLmNvbnRyaWIuYXV0aC5iYWNrZW5k\ncy5Nb2RlbEJhY2tlbmRxA1UNX2F1dGhfdXNlcl9pZHEEigEHdS4zMzU5ZmFmMGZkNmZjNDE2YThi\nNDA2ZmQ4NmQ1OWM3Nw==\n', '2009-11-26 07:11:10'),
('4a3dfbedaf2693284b5abf32506ab45f', 'gAJ9cQEoVRJfYXV0aF91c2VyX2JhY2tlbmRxAlUpZGphbmdvLmNvbnRyaWIuYXV0aC5iYWNrZW5k\ncy5Nb2RlbEJhY2tlbmRxA1UNX2F1dGhfdXNlcl9pZHEEigECdS42ZWU4Zjc1MGRhOGFhMmVhNzYz\nZTYwYWE1NTIwYmFjMg==\n', '2009-07-07 14:41:14'),
('4a8e74bee55ab8176252aa9eeda6d142', 'gAJ9cQEoVQ1fYXV0aF91c2VyX2lkcQKKAQtVEl9hdXRoX3VzZXJfYmFja2VuZHEDVSlkamFuZ28u\nY29udHJpYi5hdXRoLmJhY2tlbmRzLk1vZGVsQmFja2VuZHEEdS4wNWM0ZjVkMmZkMjg1NmM5MTU0\nMmNhYzU5ODVhMDdmMw==\n', '2009-10-22 17:12:47'),
('4b072c95f118cb130dc7f7dc2caefde6', 'gAJ9cQEoVRJfYXV0aF91c2VyX2JhY2tlbmRxAlUpZGphbmdvLmNvbnRyaWIuYXV0aC5iYWNrZW5k\ncy5Nb2RlbEJhY2tlbmRxA1UNX2F1dGhfdXNlcl9pZHEEigEVdS4zOWJlOGRkMGY4N2JjNGNhYzA1\nMWJjMmUwY2E3NzBiNA==\n', '2010-02-06 10:49:06'),
('4bcbb2a3c9c23415449a4ee839a025f6', 'gAJ9cQEoVQ1fYXV0aF91c2VyX2lkcQKKAQNVEl9hdXRoX3VzZXJfYmFja2VuZHEDVSlkamFuZ28u\nY29udHJpYi5hdXRoLmJhY2tlbmRzLk1vZGVsQmFja2VuZHEEdS41NjQyYTg1Yjg2YzY4OTAxMTRk\nZjkzNTFiYjc4Mzc4Yg==\n', '2009-07-13 22:27:54'),
('4d8d08df9bffc7a69e257016c74ba76c', 'gAJ9cQEuMWZlMDJjYTI0Yzg2ODNmYTc5ODI3ZDRiNGZlYWIyNWE=\n', '2009-07-01 16:46:19'),
('4dc037de9ce32d1be2d85b68f725c7bd', 'gAJ9cQEoVRJfYXV0aF91c2VyX2JhY2tlbmRxAlUpZGphbmdvLmNvbnRyaWIuYXV0aC5iYWNrZW5k\ncy5Nb2RlbEJhY2tlbmRxA1UNX2F1dGhfdXNlcl9pZHEEigEMdS40YzFhM2U3YTlmOTA1ZDEyZTlm\nMzE2ZmFhMjUzNzg2Mw==\n', '2009-10-30 10:12:11'),
('4fe307475529caddd9ce0735d19e40c4', 'gAJ9cQEoVRJfYXV0aF91c2VyX2JhY2tlbmRxAlUpZGphbmdvLmNvbnRyaWIuYXV0aC5iYWNrZW5k\ncy5Nb2RlbEJhY2tlbmRxA1UNX2F1dGhfdXNlcl9pZHEEigEQdS5kMDEzMzc1YzRmY2Q5YTRmMzZl\nMWEwZDNkYTNmMWRlYg==\n', '2010-02-04 11:02:07'),
('506bef61f99f9aa5acf1d2ed9959a3fe', 'gAJ9cQEoVRJfYXV0aF91c2VyX2JhY2tlbmRxAlUpZGphbmdvLmNvbnRyaWIuYXV0aC5iYWNrZW5k\ncy5Nb2RlbEJhY2tlbmRxA1UNX2F1dGhfdXNlcl9pZHEEigECdS40ZjcyNTZlYmJiMzc5MTc4ZDE0\nN2M3OTM2MzQ3OTExYw==\n', '2009-11-12 17:49:58'),
('5100773d448c4485afb4a2b1df221e44', 'gAJ9cQEoVRJfYXV0aF91c2VyX2JhY2tlbmRxAlUpZGphbmdvLmNvbnRyaWIuYXV0aC5iYWNrZW5k\ncy5Nb2RlbEJhY2tlbmRxA1UNX2F1dGhfdXNlcl9pZHEEigECdS40ZjcyNTZlYmJiMzc5MTc4ZDE0\nN2M3OTM2MzQ3OTExYw==\n', '2009-11-19 15:15:07'),
('5120552ab3d12552dae497eb77caaa7b', 'gAJ9cQEuNTdkZDM5ZjhkZDNlY2VlNmU5MTc2OGE0MTJkNWE3MmQ=\n', '2010-02-03 09:31:04'),
('51a522e1954bee60f3e231bdb5f9741d', 'gAJ9cQEoVRJfYXV0aF91c2VyX2JhY2tlbmRxAlUpZGphbmdvLmNvbnRyaWIuYXV0aC5iYWNrZW5k\ncy5Nb2RlbEJhY2tlbmRxA1UNX2F1dGhfdXNlcl9pZHEEigECdS40ZjcyNTZlYmJiMzc5MTc4ZDE0\nN2M3OTM2MzQ3OTExYw==\n', '2009-08-18 20:20:17'),
('52a2fff0ed47bee2d07ca34746fc2abe', 'gAJ9cQEoVRJfYXV0aF91c2VyX2JhY2tlbmRxAlUpZGphbmdvLmNvbnRyaWIuYXV0aC5iYWNrZW5k\ncy5Nb2RlbEJhY2tlbmRxA1UNX2F1dGhfdXNlcl9pZHEEigEIdS4yNGI2YzFjYjU2YTQ2NzVkYmRh\nOGI1YjE4YTk2NjEwOQ==\n', '2009-11-20 09:11:31'),
('53270ee12544ae4c1f918aadf18910ff', 'gAJ9cQEoVQ1fYXV0aF91c2VyX2lkcQKKAQJVEl9hdXRoX3VzZXJfYmFja2VuZHEDVSlkamFuZ28u\nY29udHJpYi5hdXRoLmJhY2tlbmRzLk1vZGVsQmFja2VuZHEEdS5mZjFmY2YyZWUyMDAwMTIwZDUx\nOWVjMThjNDEwMzM2Yg==\n', '2009-09-29 07:39:59'),
('53772f9231e64ff3a4ff879055d68613', 'gAJ9cQEoVRJfYXV0aF91c2VyX2JhY2tlbmRxAlUpZGphbmdvLmNvbnRyaWIuYXV0aC5iYWNrZW5k\ncy5Nb2RlbEJhY2tlbmRxA1UNX2F1dGhfdXNlcl9pZHEEigEEdS40NjVlNjNhMDY4OWMxMTMxNDc0\nNTU0ZGQwOTE4MTNjMg==\n', '2009-09-04 02:22:34'),
('5410cd4dbf373df32dd645e1841a99b6', 'gAJ9cQEoVRJfYXV0aF91c2VyX2JhY2tlbmRxAlUpZGphbmdvLmNvbnRyaWIuYXV0aC5iYWNrZW5k\ncy5Nb2RlbEJhY2tlbmRxA1UNX2F1dGhfdXNlcl9pZHEEigECdS40ZjcyNTZlYmJiMzc5MTc4ZDE0\nN2M3OTM2MzQ3OTExYw==\n', '2009-11-26 20:34:03'),
('54b8108fc958ea14327419bdb8c563ff', 'gAJ9cQEoVRJfYXV0aF91c2VyX2JhY2tlbmRxAlUpZGphbmdvLmNvbnRyaWIuYXV0aC5iYWNrZW5k\ncy5Nb2RlbEJhY2tlbmRxA1UNX2F1dGhfdXNlcl9pZHEEigEQdS5kMDEzMzc1YzRmY2Q5YTRmMzZl\nMWEwZDNkYTNmMWRlYg==\n', '2010-02-04 11:01:15'),
('55cdb5ff470d05f227cd8f6d05e97d00', 'gAJ9cQEoVRJfYXV0aF91c2VyX2JhY2tlbmRxAlUpZGphbmdvLmNvbnRyaWIuYXV0aC5iYWNrZW5k\ncy5Nb2RlbEJhY2tlbmRxA1UNX2F1dGhfdXNlcl9pZHEEigECdS40ZjcyNTZlYmJiMzc5MTc4ZDE0\nN2M3OTM2MzQ3OTExYw==\n', '2009-07-31 22:43:27'),
('55eaddf117192991ef740ac74a6ba1ca', 'gAJ9cQEoVRJfYXV0aF91c2VyX2JhY2tlbmRxAlUpZGphbmdvLmNvbnRyaWIuYXV0aC5iYWNrZW5k\ncy5Nb2RlbEJhY2tlbmRxA1UNX2F1dGhfdXNlcl9pZHEEigECdS40ZjcyNTZlYmJiMzc5MTc4ZDE0\nN2M3OTM2MzQ3OTExYw==\n', '2009-07-29 13:47:44'),
('56082e8dbe6fc15aeefcfd1b9f9a81d8', 'gAJ9cQEoVRJfYXV0aF91c2VyX2JhY2tlbmRxAlUpZGphbmdvLmNvbnRyaWIuYXV0aC5iYWNrZW5k\ncy5Nb2RlbEJhY2tlbmRxA1UNX2F1dGhfdXNlcl9pZHEEigECdS40ZjcyNTZlYmJiMzc5MTc4ZDE0\nN2M3OTM2MzQ3OTExYw==\n', '2009-11-13 18:01:32'),
('57a907e8a2b68bae85391b66c7163bf2', 'gAJ9cQEoVRJfYXV0aF91c2VyX2JhY2tlbmRxAlUpZGphbmdvLmNvbnRyaWIuYXV0aC5iYWNrZW5k\ncy5Nb2RlbEJhY2tlbmRxA1UNX2F1dGhfdXNlcl9pZHEEigEMdS40YzFhM2U3YTlmOTA1ZDEyZTlm\nMzE2ZmFhMjUzNzg2Mw==\n', '2009-11-04 08:12:54'),
('57ee026c3a3c362ff2cc6b2ed2ef4801', 'gAJ9cQEoVRJfYXV0aF91c2VyX2JhY2tlbmRxAlUpZGphbmdvLmNvbnRyaWIuYXV0aC5iYWNrZW5k\ncy5Nb2RlbEJhY2tlbmRxA1UNX2F1dGhfdXNlcl9pZHEEigEDdS41YTAzYzJmMGU2YjlkYTZjYTli\nNjY4NWQ1ZWRmM2IzZQ==\n', '2009-12-06 23:31:46'),
('583408ffe470eb661e5ad53463d2982e', 'gAJ9cQEuNTdkZDM5ZjhkZDNlY2VlNmU5MTc2OGE0MTJkNWE3MmQ=\n', '2009-11-02 10:43:09'),
('58afb27871dce0d8a2af285c80faf67f', 'gAJ9cQEoVRJfYXV0aF91c2VyX2JhY2tlbmRxAlUpZGphbmdvLmNvbnRyaWIuYXV0aC5iYWNrZW5k\ncy5Nb2RlbEJhY2tlbmRxA1UNX2F1dGhfdXNlcl9pZHEEigEEdS40NjVlNjNhMDY4OWMxMTMxNDc0\nNTU0ZGQwOTE4MTNjMg==\n', '2009-07-12 22:46:41'),
('58c77c13c5fa329d939abef721da4215', 'gAJ9cQEoVRJfYXV0aF91c2VyX2JhY2tlbmRxAlUpZGphbmdvLmNvbnRyaWIuYXV0aC5iYWNrZW5k\ncy5Nb2RlbEJhY2tlbmRxA1UNX2F1dGhfdXNlcl9pZHEEigELdS43MzExZjUxZjQ1ZjY4NmRmODg3\nYjNhYjNlODBmZTQ5ZQ==\n', '2010-02-02 11:13:11'),
('593333a00148dd2348d5aad8ea97fad3', 'gAJ9cQEuNTdkZDM5ZjhkZDNlY2VlNmU5MTc2OGE0MTJkNWE3MmQ=\n', '2009-11-03 09:11:14'),
('5afcb857a94d05dd1eeeba26ae9cc4b2', 'gAJ9cQEoVRJfYXV0aF91c2VyX2JhY2tlbmRxAlUpZGphbmdvLmNvbnRyaWIuYXV0aC5iYWNrZW5k\ncy5Nb2RlbEJhY2tlbmRxA1UNX2F1dGhfdXNlcl9pZHEEigEEdS40NjVlNjNhMDY4OWMxMTMxNDc0\nNTU0ZGQwOTE4MTNjMg==\n', '2010-01-14 13:18:22'),
('5b233c9611aa86a75155062b8f21a0c4', 'gAJ9cQEoVRJfYXV0aF91c2VyX2JhY2tlbmRxAlUpZGphbmdvLmNvbnRyaWIuYXV0aC5iYWNrZW5k\ncy5Nb2RlbEJhY2tlbmRxA1UNX2F1dGhfdXNlcl9pZHEEigEQdS5kMDEzMzc1YzRmY2Q5YTRmMzZl\nMWEwZDNkYTNmMWRlYg==\n', '2010-01-14 13:15:21'),
('5b34809a4490064e320d43e296dd7a0e', 'gAJ9cQEoVRJfYXV0aF91c2VyX2JhY2tlbmRxAlUpZGphbmdvLmNvbnRyaWIuYXV0aC5iYWNrZW5k\ncy5Nb2RlbEJhY2tlbmRxA1UNX2F1dGhfdXNlcl9pZHEEigEDdS41YTAzYzJmMGU2YjlkYTZjYTli\nNjY4NWQ1ZWRmM2IzZQ==\n', '2009-07-12 22:31:54'),
('5b9856dbc15667532cfbbc75f6c9b5e7', 'gAJ9cQEoVRJfYXV0aF91c2VyX2JhY2tlbmRxAlUpZGphbmdvLmNvbnRyaWIuYXV0aC5iYWNrZW5k\ncy5Nb2RlbEJhY2tlbmRxA1UNX2F1dGhfdXNlcl9pZHEEigEKdS43NTgwM2RmNGFjMTkxZTA2MDJl\nNzNiZDM0YWU0MTk5Ng==\n', '2009-08-17 08:43:31'),
('5cd0f030a9b4edec3bd96fa8dc5154a6', 'gAJ9cQEoVRJfYXV0aF91c2VyX2JhY2tlbmRxAlUpZGphbmdvLmNvbnRyaWIuYXV0aC5iYWNrZW5k\ncy5Nb2RlbEJhY2tlbmRxA1UNX2F1dGhfdXNlcl9pZHEEigEVdS4zOWJlOGRkMGY4N2JjNGNhYzA1\nMWJjMmUwY2E3NzBiNA==\n', '2010-02-06 01:57:22'),
('5f916227d519cdb03c1cd9547fd1a4ed', 'gAJ9cQEoVRJfYXV0aF91c2VyX2JhY2tlbmRxAlUpZGphbmdvLmNvbnRyaWIuYXV0aC5iYWNrZW5k\ncy5Nb2RlbEJhY2tlbmRxA1UNX2F1dGhfdXNlcl9pZHEEigEKdS43NTgwM2RmNGFjMTkxZTA2MDJl\nNzNiZDM0YWU0MTk5Ng==\n', '2009-09-01 16:34:05'),
('609601b087a807d89a91df3720890262', 'gAJ9cQEoVRJfYXV0aF91c2VyX2JhY2tlbmRxAlUpZGphbmdvLmNvbnRyaWIuYXV0aC5iYWNrZW5k\ncy5Nb2RlbEJhY2tlbmRxA1UNX2F1dGhfdXNlcl9pZHEEigEPdS45MWI4N2Q4MWE0ODc3NDMyNDgw\nZThjODMxNDIxMTE4MA==\n', '2009-12-09 01:07:54'),
('60cd6fb49ebb958936b4e206bf0ccaa0', 'gAJ9cQEoVRJfYXV0aF91c2VyX2JhY2tlbmRxAlUpZGphbmdvLmNvbnRyaWIuYXV0aC5iYWNrZW5k\ncy5Nb2RlbEJhY2tlbmRxA1UNX2F1dGhfdXNlcl9pZHEEigECdS42ZWU4Zjc1MGRhOGFhMmVhNzYz\nZTYwYWE1NTIwYmFjMg==\n', '2009-07-02 02:32:35'),
('6107d5f0d573a432ed7f35e7e5c4cac7', 'gAJ9cQEoVQ1fYXV0aF91c2VyX2lkcQKKAQJVEl9hdXRoX3VzZXJfYmFja2VuZHEDVSlkamFuZ28u\nY29udHJpYi5hdXRoLmJhY2tlbmRzLk1vZGVsQmFja2VuZHEEdS5lZjI3YjExNjM1MDQ2ZmUwYjlk\nMWYwMzNhNDNkMWYyZA==\n', '2009-07-02 08:41:16'),
('63624a9a645a1473d81492b8549cac72', 'gAJ9cQEoVRJfYXV0aF91c2VyX2JhY2tlbmRxAlUpZGphbmdvLmNvbnRyaWIuYXV0aC5iYWNrZW5k\ncy5Nb2RlbEJhY2tlbmRxA1UNX2F1dGhfdXNlcl9pZHEEigEUdS5mMjYwODNkODkxZWI2MTBiY2U2\nZjUyNGZiOGNmNGU1Zg==\n', '2009-12-20 23:32:36'),
('637b59bed431090f3f0a3b506359e473', 'gAJ9cQEoVRJfYXV0aF91c2VyX2JhY2tlbmRxAlUpZGphbmdvLmNvbnRyaWIuYXV0aC5iYWNrZW5k\ncy5Nb2RlbEJhY2tlbmRxA1UNX2F1dGhfdXNlcl9pZHEEigECdS40ZjcyNTZlYmJiMzc5MTc4ZDE0\nN2M3OTM2MzQ3OTExYw==\n', '2009-12-21 00:10:34'),
('63928039a0b164dab8be0dbb932e9f10', 'gAJ9cQEoVRJfYXV0aF91c2VyX2JhY2tlbmRxAlUpZGphbmdvLmNvbnRyaWIuYXV0aC5iYWNrZW5k\ncy5Nb2RlbEJhY2tlbmRxA1UNX2F1dGhfdXNlcl9pZHEEigECdS40ZjcyNTZlYmJiMzc5MTc4ZDE0\nN2M3OTM2MzQ3OTExYw==\n', '2009-07-12 00:25:26'),
('63e6199f4afa72b418b12828d3945b34', 'gAJ9cQEoVRJfYXV0aF91c2VyX2JhY2tlbmRxAlUpZGphbmdvLmNvbnRyaWIuYXV0aC5iYWNrZW5k\ncy5Nb2RlbEJhY2tlbmRxA1UNX2F1dGhfdXNlcl9pZHEEigEQdS5kMDEzMzc1YzRmY2Q5YTRmMzZl\nMWEwZDNkYTNmMWRlYg==\n', '2010-02-04 11:05:42'),
('66a57a5429b6cf498fad237150748aec', 'gAJ9cQEoVRJfYXV0aF91c2VyX2JhY2tlbmRxAlUpZGphbmdvLmNvbnRyaWIuYXV0aC5iYWNrZW5k\ncy5Nb2RlbEJhY2tlbmRxA1UNX2F1dGhfdXNlcl9pZHEEigECdS40ZjcyNTZlYmJiMzc5MTc4ZDE0\nN2M3OTM2MzQ3OTExYw==\n', '2009-09-29 07:34:44'),
('66d9300bf1fec9b5607094f3739a07e3', 'gAJ9cQEoVRJfYXV0aF91c2VyX2JhY2tlbmRxAlUpZGphbmdvLmNvbnRyaWIuYXV0aC5iYWNrZW5k\ncy5Nb2RlbEJhY2tlbmRxA1UNX2F1dGhfdXNlcl9pZHEEigECdS40ZjcyNTZlYmJiMzc5MTc4ZDE0\nN2M3OTM2MzQ3OTExYw==\n', '2009-10-01 23:55:37'),
('678baefa31addd404fe930a6c433a9a4', 'gAJ9cQFVCnRlc3Rjb29raWVxAlUGd29ya2VkcQNzLmNmMTAwZGNkNzQzZGJkNTEzZmY1Y2U2ODUx\nZTk1ZDRh\n', '2009-11-03 11:12:38'),
('67fecd3a95fcc4f7258823986fba4e67', 'gAJ9cQEuNTdkZDM5ZjhkZDNlY2VlNmU5MTc2OGE0MTJkNWE3MmQ=\n', '2009-10-30 00:53:59'),
('680435aff981903a5834641caeac5828', 'gAJ9cQEoVRJfYXV0aF91c2VyX2JhY2tlbmRxAlUpZGphbmdvLmNvbnRyaWIuYXV0aC5iYWNrZW5k\ncy5Nb2RlbEJhY2tlbmRxA1UNX2F1dGhfdXNlcl9pZHEEigEDdS41YTAzYzJmMGU2YjlkYTZjYTli\nNjY4NWQ1ZWRmM2IzZQ==\n', '2009-10-30 00:55:04'),
('6819d09ecddd761cfed1b7a009579d28', 'gAJ9cQEoVRJfYXV0aF91c2VyX2JhY2tlbmRxAlUpZGphbmdvLmNvbnRyaWIuYXV0aC5iYWNrZW5k\ncy5Nb2RlbEJhY2tlbmRxA1UNX2F1dGhfdXNlcl9pZHEEigECdS40ZjcyNTZlYmJiMzc5MTc4ZDE0\nN2M3OTM2MzQ3OTExYw==\n', '2009-08-20 20:26:56'),
('696bc4b118c3e5375dacb62871433d02', 'gAJ9cQEoVRJfYXV0aF91c2VyX2JhY2tlbmRxAlUpZGphbmdvLmNvbnRyaWIuYXV0aC5iYWNrZW5k\ncy5Nb2RlbEJhY2tlbmRxA1UNX2F1dGhfdXNlcl9pZHEEigECdS40ZjcyNTZlYmJiMzc5MTc4ZDE0\nN2M3OTM2MzQ3OTExYw==\n', '2009-10-23 07:26:55'),
('6a42e222bec81a32a4340e958c0ceb6e', 'gAJ9cQEoVRJfYXV0aF91c2VyX2JhY2tlbmRxAlUpZGphbmdvLmNvbnRyaWIuYXV0aC5iYWNrZW5k\ncy5Nb2RlbEJhY2tlbmRxA1UNX2F1dGhfdXNlcl9pZHEEigEVdS4zOWJlOGRkMGY4N2JjNGNhYzA1\nMWJjMmUwY2E3NzBiNA==\n', '2010-02-06 01:56:19'),
('6a48da20137d584d8f785924d70a2dfd', 'gAJ9cQEoVRJfYXV0aF91c2VyX2JhY2tlbmRxAlUpZGphbmdvLmNvbnRyaWIuYXV0aC5iYWNrZW5k\ncy5Nb2RlbEJhY2tlbmRxA1UNX2F1dGhfdXNlcl9pZHEEigECdS40ZjcyNTZlYmJiMzc5MTc4ZDE0\nN2M3OTM2MzQ3OTExYw==\n', '2010-02-01 14:04:25'),
('6acd28a6e0f021be4196152b155a4352', 'gAJ9cQEoVRJfYXV0aF91c2VyX2JhY2tlbmRxAlUpZGphbmdvLmNvbnRyaWIuYXV0aC5iYWNrZW5k\ncy5Nb2RlbEJhY2tlbmRxA1UNX2F1dGhfdXNlcl9pZHEEigEPdS45MWI4N2Q4MWE0ODc3NDMyNDgw\nZThjODMxNDIxMTE4MA==\n', '2009-11-27 10:20:11'),
('6b86bae671fc9b7ca112c9c3c9c68e2c', 'gAJ9cQEoVRJfYXV0aF91c2VyX2JhY2tlbmRxAlUpZGphbmdvLmNvbnRyaWIuYXV0aC5iYWNrZW5k\ncy5Nb2RlbEJhY2tlbmRxA1UNX2F1dGhfdXNlcl9pZHEEigECdS42ZWU4Zjc1MGRhOGFhMmVhNzYz\nZTYwYWE1NTIwYmFjMg==\n', '2009-07-03 17:16:32'),
('6d85d6bf9efcaa5b9a40144ac6924412', 'gAJ9cQEoVQ1fYXV0aF91c2VyX2lkcQKKAQJVEl9hdXRoX3VzZXJfYmFja2VuZHEDVSlkamFuZ28u\nY29udHJpYi5hdXRoLmJhY2tlbmRzLk1vZGVsQmFja2VuZHEEdS5mZjFmY2YyZWUyMDAwMTIwZDUx\nOWVjMThjNDEwMzM2Yg==\n', '2009-10-22 10:14:00'),
('7142a457e6b5c94b5062b0cc77df3679', 'gAJ9cQEoVRJfYXV0aF91c2VyX2JhY2tlbmRxAlUpZGphbmdvLmNvbnRyaWIuYXV0aC5iYWNrZW5k\ncy5Nb2RlbEJhY2tlbmRxA1UNX2F1dGhfdXNlcl9pZHEEigEDdS41YTAzYzJmMGU2YjlkYTZjYTli\nNjY4NWQ1ZWRmM2IzZQ==\n', '2009-12-20 23:35:07'),
('73dd8a8fd2dba7cb5abbf96d454be7ce', 'gAJ9cQEoVRJfYXV0aF91c2VyX2JhY2tlbmRxAlUpZGphbmdvLmNvbnRyaWIuYXV0aC5iYWNrZW5k\ncy5Nb2RlbEJhY2tlbmRxA1UNX2F1dGhfdXNlcl9pZHEEigEQdS5kMDEzMzc1YzRmY2Q5YTRmMzZl\nMWEwZDNkYTNmMWRlYg==\n', '2009-12-16 10:29:08'),
('74339f387e97af9c864463415dac894b', 'gAJ9cQEoVRJfYXV0aF91c2VyX2JhY2tlbmRxAlUpZGphbmdvLmNvbnRyaWIuYXV0aC5iYWNrZW5k\ncy5Nb2RlbEJhY2tlbmRxA1UNX2F1dGhfdXNlcl9pZHEEigEMdS40YzFhM2U3YTlmOTA1ZDEyZTlm\nMzE2ZmFhMjUzNzg2Mw==\n', '2009-10-30 10:32:03'),
('743ec643a49fed6a6731aaa123faeb1e', 'gAJ9cQEoVRJfYXV0aF91c2VyX2JhY2tlbmRxAlUpZGphbmdvLmNvbnRyaWIuYXV0aC5iYWNrZW5k\ncy5Nb2RlbEJhY2tlbmRxA1UNX2F1dGhfdXNlcl9pZHEEigELdS43MzExZjUxZjQ1ZjY4NmRmODg3\nYjNhYjNlODBmZTQ5ZQ==\n', '2010-02-02 11:10:59'),
('74c9b0c6423c2819e7b911c0b135dbdf', 'gAJ9cQEoVRJfYXV0aF91c2VyX2JhY2tlbmRxAlUpZGphbmdvLmNvbnRyaWIuYXV0aC5iYWNrZW5k\ncy5Nb2RlbEJhY2tlbmRxA1UNX2F1dGhfdXNlcl9pZHEEigEDdS41YTAzYzJmMGU2YjlkYTZjYTli\nNjY4NWQ1ZWRmM2IzZQ==\n', '2010-01-29 21:38:18'),
('759eaf4b82cefc899ab0321c4fa36cfc', 'gAJ9cQEoVRJfYXV0aF91c2VyX2JhY2tlbmRxAlUpZGphbmdvLmNvbnRyaWIuYXV0aC5iYWNrZW5k\ncy5Nb2RlbEJhY2tlbmRxA1UNX2F1dGhfdXNlcl9pZHEEigEMdS40YzFhM2U3YTlmOTA1ZDEyZTlm\nMzE2ZmFhMjUzNzg2Mw==\n', '2009-11-30 17:51:38'),
('760018ec08480a5edc080c91f9c5822f', 'gAJ9cQEoVRJfYXV0aF91c2VyX2JhY2tlbmRxAlUpZGphbmdvLmNvbnRyaWIuYXV0aC5iYWNrZW5k\ncy5Nb2RlbEJhY2tlbmRxA1UNX2F1dGhfdXNlcl9pZHEEigERdS5iNGQ5MWNlNzI2MTE2NjE3YzY1\nZDU0MmVlN2Y5MzM4Yg==\n', '2009-12-21 07:46:06'),
('76160718bd245d6e6715cddba819cf45', 'gAJ9cQEuNTdkZDM5ZjhkZDNlY2VlNmU5MTc2OGE0MTJkNWE3MmQ=\n', '2010-01-06 11:54:11'),
('763be9665aea3049f2581237a7a77af0', 'gAJ9cQEoVRJfYXV0aF91c2VyX2JhY2tlbmRxAlUpZGphbmdvLmNvbnRyaWIuYXV0aC5iYWNrZW5k\ncy5Nb2RlbEJhY2tlbmRxA1UNX2F1dGhfdXNlcl9pZHEEigECdS40ZjcyNTZlYmJiMzc5MTc4ZDE0\nN2M3OTM2MzQ3OTExYw==\n', '2009-08-18 22:32:04'),
('7945f9fddb6fba854634e0e45ce443de', 'gAJ9cQFVCnRlc3Rjb29raWVxAlUGd29ya2VkcQNzLmY1YmFiOTIzZGE4OGM2YjliNDFmMTU5Y2Zh\nMDY4NDhm\n', '2009-07-11 09:58:06'),
('798323902dfecf70f6a1ecb299b9aa6d', 'gAJ9cQEoVRJfYXV0aF91c2VyX2JhY2tlbmRxAlUpZGphbmdvLmNvbnRyaWIuYXV0aC5iYWNrZW5k\ncy5Nb2RlbEJhY2tlbmRxA1UNX2F1dGhfdXNlcl9pZHEEigECdS42ZWU4Zjc1MGRhOGFhMmVhNzYz\nZTYwYWE1NTIwYmFjMg==\n', '2009-07-06 11:17:53'),
('7a2d2959c082f1efb878b0d3825be073', 'gAJ9cQEuNTdkZDM5ZjhkZDNlY2VlNmU5MTc2OGE0MTJkNWE3MmQ=\n', '2009-11-22 16:05:24'),
('7add76d7ae562884dbded56894f49364', 'gAJ9cQEoVRJfYXV0aF91c2VyX2JhY2tlbmRxAlUpZGphbmdvLmNvbnRyaWIuYXV0aC5iYWNrZW5k\ncy5Nb2RlbEJhY2tlbmRxA1UNX2F1dGhfdXNlcl9pZHEEigECdS40ZjcyNTZlYmJiMzc5MTc4ZDE0\nN2M3OTM2MzQ3OTExYw==\n', '2009-10-05 23:11:55'),
('7b3e003304969af873405ce85b24fc4a', 'gAJ9cQEoVQ1fYXV0aF91c2VyX2lkcQKKAQxVEl9hdXRoX3VzZXJfYmFja2VuZHEDVSlkamFuZ28u\nY29udHJpYi5hdXRoLmJhY2tlbmRzLk1vZGVsQmFja2VuZHEEdS42MDlkNzdmMjQwNGMyZTM4YmJl\nODg2MjkzOWU0MGZjMw==\n', '2009-11-17 14:09:54'),
('7bd93dbf158f2311528341a406f0e00e', 'gAJ9cQEuNTdkZDM5ZjhkZDNlY2VlNmU5MTc2OGE0MTJkNWE3MmQ=\n', '2009-12-21 13:52:01'),
('7c6380499196220995022832bb1d40cd', 'gAJ9cQEoVRJfYXV0aF91c2VyX2JhY2tlbmRxAlUpZGphbmdvLmNvbnRyaWIuYXV0aC5iYWNrZW5k\ncy5Nb2RlbEJhY2tlbmRxA1UNX2F1dGhfdXNlcl9pZHEEigEVdS4zOWJlOGRkMGY4N2JjNGNhYzA1\nMWJjMmUwY2E3NzBiNA==\n', '2010-02-06 01:57:22'),
('7cf98e292f4f94dc7c72aebc7a4ca993', 'gAJ9cQEoVRJfYXV0aF91c2VyX2JhY2tlbmRxAlUpZGphbmdvLmNvbnRyaWIuYXV0aC5iYWNrZW5k\ncy5Nb2RlbEJhY2tlbmRxA1UNX2F1dGhfdXNlcl9pZHEEigECdS40ZjcyNTZlYmJiMzc5MTc4ZDE0\nN2M3OTM2MzQ3OTExYw==\n', '2009-09-29 20:00:08'),
('8030269bca59317a381c54dd78c3681d', 'gAJ9cQEuNTdkZDM5ZjhkZDNlY2VlNmU5MTc2OGE0MTJkNWE3MmQ=\n', '2009-10-06 15:07:45'),
('804fa856c8b36ff172b6916bef1e69fe', 'gAJ9cQEoVRJfYXV0aF91c2VyX2JhY2tlbmRxAlUpZGphbmdvLmNvbnRyaWIuYXV0aC5iYWNrZW5k\ncy5Nb2RlbEJhY2tlbmRxA1UNX2F1dGhfdXNlcl9pZHEEigEFdS5iNjJlZDQ2MGNlMDEyMTk1OTQ1\nZjM5YmNiYjcwMGNkYQ==\n', '2009-07-05 23:18:19'),
('8105e3ea57d274175de8b9bc85a81779', 'gAJ9cQEoVRJfYXV0aF91c2VyX2JhY2tlbmRxAlUpZGphbmdvLmNvbnRyaWIuYXV0aC5iYWNrZW5k\ncy5Nb2RlbEJhY2tlbmRxA1UNX2F1dGhfdXNlcl9pZHEEigEIdS4yNGI2YzFjYjU2YTQ2NzVkYmRh\nOGI1YjE4YTk2NjEwOQ==\n', '2009-11-04 18:40:57'),
('818f3b19cbe52f5e9f8aabeed823c3b7', 'gAJ9cQEoVRJfYXV0aF91c2VyX2JhY2tlbmRxAlUpZGphbmdvLmNvbnRyaWIuYXV0aC5iYWNrZW5k\ncy5Nb2RlbEJhY2tlbmRxA1UNX2F1dGhfdXNlcl9pZHEEigEEdS40NjVlNjNhMDY4OWMxMTMxNDc0\nNTU0ZGQwOTE4MTNjMg==\n', '2010-02-05 20:15:17'),
('82e2c6424977d441254a29ccb54b7b19', 'gAJ9cQEoVRJfYXV0aF91c2VyX2JhY2tlbmRxAlUpZGphbmdvLmNvbnRyaWIuYXV0aC5iYWNrZW5k\ncy5Nb2RlbEJhY2tlbmRxA1UNX2F1dGhfdXNlcl9pZHEEigEEdS40NjVlNjNhMDY4OWMxMTMxNDc0\nNTU0ZGQwOTE4MTNjMg==\n', '2009-11-02 18:44:11'),
('8499b3a49841600b4bd71977e14dd6cd', 'gAJ9cQEoVRJfYXV0aF91c2VyX2JhY2tlbmRxAlUpZGphbmdvLmNvbnRyaWIuYXV0aC5iYWNrZW5k\ncy5Nb2RlbEJhY2tlbmRxA1UNX2F1dGhfdXNlcl9pZHEEigECdS40ZjcyNTZlYmJiMzc5MTc4ZDE0\nN2M3OTM2MzQ3OTExYw==\n', '2009-11-12 15:16:58'),
('8528cb5b98356a2f3cb5afddef6a1f8f', 'gAJ9cQEoVRJfYXV0aF91c2VyX2JhY2tlbmRxAlUpZGphbmdvLmNvbnRyaWIuYXV0aC5iYWNrZW5k\ncy5Nb2RlbEJhY2tlbmRxA1UNX2F1dGhfdXNlcl9pZHEEigECdS40ZjcyNTZlYmJiMzc5MTc4ZDE0\nN2M3OTM2MzQ3OTExYw==\n', '2010-02-02 07:31:55'),
('853ad262acdb2219675b96125b09bf38', 'gAJ9cQEoVRJfYXV0aF91c2VyX2JhY2tlbmRxAlUpZGphbmdvLmNvbnRyaWIuYXV0aC5iYWNrZW5k\ncy5Nb2RlbEJhY2tlbmRxA1UNX2F1dGhfdXNlcl9pZHEEigEFdS40NDUyODEzOGI4ZmZlMzM0MmNk\nMmM0MGVjYzQ1YmM4Nw==\n', '2009-12-02 15:49:46'),
('85e3a5aac041ed78fb53831f7490a395', 'gAJ9cQEoVRJfYXV0aF91c2VyX2JhY2tlbmRxAlUpZGphbmdvLmNvbnRyaWIuYXV0aC5iYWNrZW5k\ncy5Nb2RlbEJhY2tlbmRxA1UNX2F1dGhfdXNlcl9pZHEEigELdS43MzExZjUxZjQ1ZjY4NmRmODg3\nYjNhYjNlODBmZTQ5ZQ==\n', '2009-10-21 12:49:35'),
('86a093712cdfff2a4becaea39e5322aa', 'gAJ9cQEoVRJfYXV0aF91c2VyX2JhY2tlbmRxAlUpZGphbmdvLmNvbnRyaWIuYXV0aC5iYWNrZW5k\ncy5Nb2RlbEJhY2tlbmRxA1UNX2F1dGhfdXNlcl9pZHEEigEHdS4zMzU5ZmFmMGZkNmZjNDE2YThi\nNDA2ZmQ4NmQ1OWM3Nw==\n', '2009-07-15 10:15:49'),
('86ec7afc2c42ceb9e8f656941c7fee63', 'gAJ9cQEuNTdkZDM5ZjhkZDNlY2VlNmU5MTc2OGE0MTJkNWE3MmQ=\n', '2009-10-21 15:07:07'),
('87e3cddcc7dbec757e2fe8aacc3dd899', 'gAJ9cQEoVRJfYXV0aF91c2VyX2JhY2tlbmRxAlUpZGphbmdvLmNvbnRyaWIuYXV0aC5iYWNrZW5k\ncy5Nb2RlbEJhY2tlbmRxA1UNX2F1dGhfdXNlcl9pZHEEigECdS40ZjcyNTZlYmJiMzc5MTc4ZDE0\nN2M3OTM2MzQ3OTExYw==\n', '2010-02-11 09:13:27'),
('89d8fdab5b1a9a477b28e8b896ed03e7', 'gAJ9cQEoVRJfYXV0aF91c2VyX2JhY2tlbmRxAlUpZGphbmdvLmNvbnRyaWIuYXV0aC5iYWNrZW5k\ncy5Nb2RlbEJhY2tlbmRxA1UNX2F1dGhfdXNlcl9pZHEEigECdS40ZjcyNTZlYmJiMzc5MTc4ZDE0\nN2M3OTM2MzQ3OTExYw==\n', '2009-12-02 18:41:47'),
('8a176cefbfa8b836d1492e7740828e46', 'gAJ9cQEoVQ1fYXV0aF91c2VyX2lkcQKKAQJVEl9hdXRoX3VzZXJfYmFja2VuZHEDVSlkamFuZ28u\nY29udHJpYi5hdXRoLmJhY2tlbmRzLk1vZGVsQmFja2VuZHEEdS5mZjFmY2YyZWUyMDAwMTIwZDUx\nOWVjMThjNDEwMzM2Yg==\n', '2009-11-09 10:48:00'),
('8c76daf8682f8087c8f23f20f061531e', 'gAJ9cQEuNTdkZDM5ZjhkZDNlY2VlNmU5MTc2OGE0MTJkNWE3MmQ=\n', '2009-12-07 18:27:45'),
('8c8d729242c4e5694ae1ec9ca893eb08', 'gAJ9cQEoVRJfYXV0aF91c2VyX2JhY2tlbmRxAlUpZGphbmdvLmNvbnRyaWIuYXV0aC5iYWNrZW5k\ncy5Nb2RlbEJhY2tlbmRxA1UNX2F1dGhfdXNlcl9pZHEEigECdS42ZWU4Zjc1MGRhOGFhMmVhNzYz\nZTYwYWE1NTIwYmFjMg==\n', '2009-07-05 01:08:30'),
('8d0f095db77ede10fc1d341526a57a80', 'gAJ9cQEuNTdkZDM5ZjhkZDNlY2VlNmU5MTc2OGE0MTJkNWE3MmQ=\n', '2009-08-07 10:54:54'),
('8e7ef0fcd29a1484b1579144077c54e3', 'gAJ9cQEoVRJfYXV0aF91c2VyX2JhY2tlbmRxAlUpZGphbmdvLmNvbnRyaWIuYXV0aC5iYWNrZW5k\ncy5Nb2RlbEJhY2tlbmRxA1UNX2F1dGhfdXNlcl9pZHEEigECdS40ZjcyNTZlYmJiMzc5MTc4ZDE0\nN2M3OTM2MzQ3OTExYw==\n', '2009-07-11 22:31:31'),
('8f393b3420fd36ab50a51f20c6d85695', 'gAJ9cQEoVRJfYXV0aF91c2VyX2JhY2tlbmRxAlUpZGphbmdvLmNvbnRyaWIuYXV0aC5iYWNrZW5k\ncy5Nb2RlbEJhY2tlbmRxA1UNX2F1dGhfdXNlcl9pZHEEigECdS40ZjcyNTZlYmJiMzc5MTc4ZDE0\nN2M3OTM2MzQ3OTExYw==\n', '2009-08-02 15:08:45'),
('935f1e3f02075f1caf9fc4b7b71f51df', 'gAJ9cQEoVRJfYXV0aF91c2VyX2JhY2tlbmRxAlUpZGphbmdvLmNvbnRyaWIuYXV0aC5iYWNrZW5k\ncy5Nb2RlbEJhY2tlbmRxA1UNX2F1dGhfdXNlcl9pZHEEigEDdS41YTAzYzJmMGU2YjlkYTZjYTli\nNjY4NWQ1ZWRmM2IzZQ==\n', '2010-01-05 00:45:55'),
('936c53773e4d87964aa6584ead3ad4fb', 'gAJ9cQEuNTdkZDM5ZjhkZDNlY2VlNmU5MTc2OGE0MTJkNWE3MmQ=\n', '2009-10-01 12:48:22'),
('947807bfcb9474e8361dee6b08778d72', 'gAJ9cQEoVRJfYXV0aF91c2VyX2JhY2tlbmRxAlUpZGphbmdvLmNvbnRyaWIuYXV0aC5iYWNrZW5k\ncy5Nb2RlbEJhY2tlbmRxA1UNX2F1dGhfdXNlcl9pZHEEigECdS40ZjcyNTZlYmJiMzc5MTc4ZDE0\nN2M3OTM2MzQ3OTExYw==\n', '2009-07-30 23:04:48'),
('94e88f45de103762d86ce0bcf38415c9', 'gAJ9cQEoVRJfYXV0aF91c2VyX2JhY2tlbmRxAlUpZGphbmdvLmNvbnRyaWIuYXV0aC5iYWNrZW5k\ncy5Nb2RlbEJhY2tlbmRxA1UNX2F1dGhfdXNlcl9pZHEEigEDdS41YTAzYzJmMGU2YjlkYTZjYTli\nNjY4NWQ1ZWRmM2IzZQ==\n', '2009-11-28 20:53:09'),
('96f6bcd76a4d3b12c185f17ec0a3f4a5', 'gAJ9cQEuNTdkZDM5ZjhkZDNlY2VlNmU5MTc2OGE0MTJkNWE3MmQ=\n', '2009-11-02 14:17:50'),
('9719dbe4e12c1f675f2d81667c2be3ab', 'gAJ9cQEoVRJfYXV0aF91c2VyX2JhY2tlbmRxAlUpZGphbmdvLmNvbnRyaWIuYXV0aC5iYWNrZW5k\ncy5Nb2RlbEJhY2tlbmRxA1UNX2F1dGhfdXNlcl9pZHEEigECdS40ZjcyNTZlYmJiMzc5MTc4ZDE0\nN2M3OTM2MzQ3OTExYw==\n', '2009-07-11 22:30:37'),
('971a870c583094a8ee9a284423da6240', 'gAJ9cQEoVRJfYXV0aF91c2VyX2JhY2tlbmRxAlUpZGphbmdvLmNvbnRyaWIuYXV0aC5iYWNrZW5k\ncy5Nb2RlbEJhY2tlbmRxA1UNX2F1dGhfdXNlcl9pZHEEigEEdS40NjVlNjNhMDY4OWMxMTMxNDc0\nNTU0ZGQwOTE4MTNjMg==\n', '2009-08-14 22:00:16'),
('9883ef468a313eca6ff314686c39e743', 'gAJ9cQEoVRJfYXV0aF91c2VyX2JhY2tlbmRxAlUpZGphbmdvLmNvbnRyaWIuYXV0aC5iYWNrZW5k\ncy5Nb2RlbEJhY2tlbmRxA1UNX2F1dGhfdXNlcl9pZHEEigECdS40ZjcyNTZlYmJiMzc5MTc4ZDE0\nN2M3OTM2MzQ3OTExYw==\n', '2010-01-14 13:16:16'),
('99e53cb45cf3bad913ce5ac04faae52f', 'gAJ9cQEoVQ1fYXV0aF91c2VyX2lkcQKKAQxVEl9hdXRoX3VzZXJfYmFja2VuZHEDVSlkamFuZ28u\nY29udHJpYi5hdXRoLmJhY2tlbmRzLk1vZGVsQmFja2VuZHEEdS42MDlkNzdmMjQwNGMyZTM4YmJl\nODg2MjkzOWU0MGZjMw==\n', '2009-11-02 10:20:30'),
('9a27308fdd92972e39e4b3223aa0808e', 'gAJ9cQEoVRJfYXV0aF91c2VyX2JhY2tlbmRxAlUpZGphbmdvLmNvbnRyaWIuYXV0aC5iYWNrZW5k\ncy5Nb2RlbEJhY2tlbmRxA1UNX2F1dGhfdXNlcl9pZHEEigECdS40ZjcyNTZlYmJiMzc5MTc4ZDE0\nN2M3OTM2MzQ3OTExYw==\n', '2009-09-03 17:48:34'),
('9a92eab4ca51fff1fd9587a421776343', 'gAJ9cQEoVRJfYXV0aF91c2VyX2JhY2tlbmRxAlUpZGphbmdvLmNvbnRyaWIuYXV0aC5iYWNrZW5k\ncy5Nb2RlbEJhY2tlbmRxA1UNX2F1dGhfdXNlcl9pZHEEigEIdS4yNGI2YzFjYjU2YTQ2NzVkYmRh\nOGI1YjE4YTk2NjEwOQ==\n', '2009-07-13 11:23:58'),
('9ac9a852b656ed7b50499ced7de488df', 'gAJ9cQEuNTdkZDM5ZjhkZDNlY2VlNmU5MTc2OGE0MTJkNWE3MmQ=\n', '2009-11-02 10:55:07'),
('9b3aa6d8d34eb89ac868013ff5872d13', 'gAJ9cQEoVRJfYXV0aF91c2VyX2JhY2tlbmRxAlUpZGphbmdvLmNvbnRyaWIuYXV0aC5iYWNrZW5k\ncy5Nb2RlbEJhY2tlbmRxA1UNX2F1dGhfdXNlcl9pZHEEigEQdS5kMDEzMzc1YzRmY2Q5YTRmMzZl\nMWEwZDNkYTNmMWRlYg==\n', '2010-02-04 11:01:07'),
('9b64d5f2fc7ae48c4b31c1def5d6cd16', 'gAJ9cQEoVRJfYXV0aF91c2VyX2JhY2tlbmRxAlUpZGphbmdvLmNvbnRyaWIuYXV0aC5iYWNrZW5k\ncy5Nb2RlbEJhY2tlbmRxA1UNX2F1dGhfdXNlcl9pZHEEigECdS40ZjcyNTZlYmJiMzc5MTc4ZDE0\nN2M3OTM2MzQ3OTExYw==\n', '2009-08-21 22:53:25'),
('9c1636ea64888a28cb73e13b65f4f445', 'gAJ9cQEoVQ1fYXV0aF91c2VyX2lkcQKKAQJVEl9hdXRoX3VzZXJfYmFja2VuZHEDVSlkamFuZ28u\nY29udHJpYi5hdXRoLmJhY2tlbmRzLk1vZGVsQmFja2VuZHEEdS5lZjI3YjExNjM1MDQ2ZmUwYjlk\nMWYwMzNhNDNkMWYyZA==\n', '2009-07-11 12:15:47'),
('9eafba4746c35426059a79d42789690b', 'gAJ9cQFVCnRlc3Rjb29raWVxAlUGd29ya2VkcQNzLmNmMTAwZGNkNzQzZGJkNTEzZmY1Y2U2ODUx\nZTk1ZDRh\n', '2010-01-13 17:31:13'),
('9fc55047110497b60d46396e6b3ffb29', 'gAJ9cQEuNTdkZDM5ZjhkZDNlY2VlNmU5MTc2OGE0MTJkNWE3MmQ=\n', '2009-09-30 14:43:07'),
('a1bbccc63a4d33a64077aedf7ca8491f', 'gAJ9cQEoVRJfYXV0aF91c2VyX2JhY2tlbmRxAlUpZGphbmdvLmNvbnRyaWIuYXV0aC5iYWNrZW5k\ncy5Nb2RlbEJhY2tlbmRxA1UNX2F1dGhfdXNlcl9pZHEEigEQdS5kMDEzMzc1YzRmY2Q5YTRmMzZl\nMWEwZDNkYTNmMWRlYg==\n', '2010-01-03 22:41:24'),
('a1ebc78ce38761b9e0c7b9e9771d98cb', 'gAJ9cQEoVRJfYXV0aF91c2VyX2JhY2tlbmRxAlUpZGphbmdvLmNvbnRyaWIuYXV0aC5iYWNrZW5k\ncy5Nb2RlbEJhY2tlbmRxA1UNX2F1dGhfdXNlcl9pZHEEigECdS40ZjcyNTZlYmJiMzc5MTc4ZDE0\nN2M3OTM2MzQ3OTExYw==\n', '2009-11-12 19:10:49'),
('a32e7f50ffb3cc8ed3e70cb306fb1e9e', 'gAJ9cQEoVRJfYXV0aF91c2VyX2JhY2tlbmRxAlUpZGphbmdvLmNvbnRyaWIuYXV0aC5iYWNrZW5k\ncy5Nb2RlbEJhY2tlbmRxA1UNX2F1dGhfdXNlcl9pZHEEigECdS40ZjcyNTZlYmJiMzc5MTc4ZDE0\nN2M3OTM2MzQ3OTExYw==\n', '2009-07-29 21:19:29'),
('a37c89225c0a061e0bebea5abf58b46c', 'gAJ9cQEoVRJfYXV0aF91c2VyX2JhY2tlbmRxAlUpZGphbmdvLmNvbnRyaWIuYXV0aC5iYWNrZW5k\ncy5Nb2RlbEJhY2tlbmRxA1UNX2F1dGhfdXNlcl9pZHEEigEEdS40NjVlNjNhMDY4OWMxMTMxNDc0\nNTU0ZGQwOTE4MTNjMg==\n', '2009-12-13 22:08:24'),
('a4179e2f7d1c52c8874c33ad2a6c743c', 'gAJ9cQEoVRJfYXV0aF91c2VyX2JhY2tlbmRxAlUpZGphbmdvLmNvbnRyaWIuYXV0aC5iYWNrZW5k\ncy5Nb2RlbEJhY2tlbmRxA1UNX2F1dGhfdXNlcl9pZHEEigEFdS40NDUyODEzOGI4ZmZlMzM0MmNk\nMmM0MGVjYzQ1YmM4Nw==\n', '2009-08-05 08:24:18'),
('a4572a3d360a0f14b548793a9ee230a4', 'gAJ9cQEoVRJfYXV0aF91c2VyX2JhY2tlbmRxAlUpZGphbmdvLmNvbnRyaWIuYXV0aC5iYWNrZW5k\ncy5Nb2RlbEJhY2tlbmRxA1UNX2F1dGhfdXNlcl9pZHEEigECdS40ZjcyNTZlYmJiMzc5MTc4ZDE0\nN2M3OTM2MzQ3OTExYw==\n', '2009-07-30 19:30:14'),
('a4639c6b8e193b3cfd1713c4f72b276a', 'gAJ9cQEoVRJfYXV0aF91c2VyX2JhY2tlbmRxAlUpZGphbmdvLmNvbnRyaWIuYXV0aC5iYWNrZW5k\ncy5Nb2RlbEJhY2tlbmRxA1UNX2F1dGhfdXNlcl9pZHEEigEDdS41YTAzYzJmMGU2YjlkYTZjYTli\nNjY4NWQ1ZWRmM2IzZQ==\n', '2009-11-05 01:55:32'),
('a67ebb4a0ab6e6314a1ecfeb903f5c5b', 'gAJ9cQEuNTdkZDM5ZjhkZDNlY2VlNmU5MTc2OGE0MTJkNWE3MmQ=\n', '2009-11-13 10:36:46'),
('a684771d292882ec5aae5c4712335bca', 'gAJ9cQEoVRJfYXV0aF91c2VyX2JhY2tlbmRxAlUpZGphbmdvLmNvbnRyaWIuYXV0aC5iYWNrZW5k\ncy5Nb2RlbEJhY2tlbmRxA1UNX2F1dGhfdXNlcl9pZHEEigEVdS4zOWJlOGRkMGY4N2JjNGNhYzA1\nMWJjMmUwY2E3NzBiNA==\n', '2010-02-05 22:15:35'),
('ac7b8738ad9c2f62752d8b0236e3f210', 'gAJ9cQEoVRJfYXV0aF91c2VyX2JhY2tlbmRxAlUpZGphbmdvLmNvbnRyaWIuYXV0aC5iYWNrZW5k\ncy5Nb2RlbEJhY2tlbmRxA1UNX2F1dGhfdXNlcl9pZHEEigEFdS40NDUyODEzOGI4ZmZlMzM0MmNk\nMmM0MGVjYzQ1YmM4Nw==\n', '2009-07-15 08:32:43'),
('b2147407bef091b85c72cccda75c6c3f', 'gAJ9cQEoVRJfYXV0aF91c2VyX2JhY2tlbmRxAlUpZGphbmdvLmNvbnRyaWIuYXV0aC5iYWNrZW5k\ncy5Nb2RlbEJhY2tlbmRxA1UNX2F1dGhfdXNlcl9pZHEEigEDdS41YTAzYzJmMGU2YjlkYTZjYTli\nNjY4NWQ1ZWRmM2IzZQ==\n', '2009-11-27 15:21:57'),
('b297930e6f68e66da50abb0ab808214e', 'gAJ9cQEoVRJfYXV0aF91c2VyX2JhY2tlbmRxAlUpZGphbmdvLmNvbnRyaWIuYXV0aC5iYWNrZW5k\ncy5Nb2RlbEJhY2tlbmRxA1UNX2F1dGhfdXNlcl9pZHEEigEDdS41YTAzYzJmMGU2YjlkYTZjYTli\nNjY4NWQ1ZWRmM2IzZQ==\n', '2009-11-28 20:52:51'),
('b3c5b550c75f06f30f78a3dfb404c2ce', 'gAJ9cQEoVRJfYXV0aF91c2VyX2JhY2tlbmRxAlUpZGphbmdvLmNvbnRyaWIuYXV0aC5iYWNrZW5k\ncy5Nb2RlbEJhY2tlbmRxA1UNX2F1dGhfdXNlcl9pZHEEigERdS5iNGQ5MWNlNzI2MTE2NjE3YzY1\nZDU0MmVlN2Y5MzM4Yg==\n', '2009-12-15 05:31:44'),
('b3f02eac8fd60d764520e6dbc224c020', 'gAJ9cQEoVQ1fYXV0aF91c2VyX2lkcQKKAQJVEl9hdXRoX3VzZXJfYmFja2VuZHEDVSlkamFuZ28u\nY29udHJpYi5hdXRoLmJhY2tlbmRzLk1vZGVsQmFja2VuZHEEdS5mZjFmY2YyZWUyMDAwMTIwZDUx\nOWVjMThjNDEwMzM2Yg==\n', '2009-11-10 21:33:46'),
('b41395e93863ba6cda9bcf10146756d4', 'gAJ9cQEuNTdkZDM5ZjhkZDNlY2VlNmU5MTc2OGE0MTJkNWE3MmQ=\n', '2009-07-12 22:30:58'),
('b4476047ad0832f558ed37639d189103', 'gAJ9cQEoVRJfYXV0aF91c2VyX2JhY2tlbmRxAlUpZGphbmdvLmNvbnRyaWIuYXV0aC5iYWNrZW5k\ncy5Nb2RlbEJhY2tlbmRxA1UNX2F1dGhfdXNlcl9pZHEEigEEdS40YWRjOTQ0MDM4MGMxMDg5N2Rk\nNWQ0NDdiNTVjZGExNg==\n', '2009-07-10 18:00:31'),
('b45a874eb03a49e271dc8f7317ac47df', 'gAJ9cQEoVRJfYXV0aF91c2VyX2JhY2tlbmRxAlUpZGphbmdvLmNvbnRyaWIuYXV0aC5iYWNrZW5k\ncy5Nb2RlbEJhY2tlbmRxA1UNX2F1dGhfdXNlcl9pZHEEigECdS40ZjcyNTZlYmJiMzc5MTc4ZDE0\nN2M3OTM2MzQ3OTExYw==\n', '2010-02-09 23:54:48'),
('b509be05f074e5688d1ace8a4c78c046', 'gAJ9cQEoVRJfYXV0aF91c2VyX2JhY2tlbmRxAlUpZGphbmdvLmNvbnRyaWIuYXV0aC5iYWNrZW5k\ncy5Nb2RlbEJhY2tlbmRxA1UNX2F1dGhfdXNlcl9pZHEEigECdS40ZjcyNTZlYmJiMzc5MTc4ZDE0\nN2M3OTM2MzQ3OTExYw==\n', '2009-10-15 17:00:41'),
('b7403901a353568257378eac43b3712c', 'gAJ9cQEoVRJfYXV0aF91c2VyX2JhY2tlbmRxAlUpZGphbmdvLmNvbnRyaWIuYXV0aC5iYWNrZW5k\ncy5Nb2RlbEJhY2tlbmRxA1UNX2F1dGhfdXNlcl9pZHEEigEEdS40NjVlNjNhMDY4OWMxMTMxNDc0\nNTU0ZGQwOTE4MTNjMg==\n', '2009-11-09 19:33:50'),
('b8bcfdb44899f6d0292441ae253ebf1f', 'gAJ9cQEoVRJfYXV0aF91c2VyX2JhY2tlbmRxAlUpZGphbmdvLmNvbnRyaWIuYXV0aC5iYWNrZW5k\ncy5Nb2RlbEJhY2tlbmRxA1UNX2F1dGhfdXNlcl9pZHEEigEUdS5mMjYwODNkODkxZWI2MTBiY2U2\nZjUyNGZiOGNmNGU1Zg==\n', '2010-01-05 11:27:41'),
('bac1f8066de0cdfe7fe622748aa2c783', 'gAJ9cQEoVQ1fYXV0aF91c2VyX2lkcQKKAQJVEl9hdXRoX3VzZXJfYmFja2VuZHEDVSlkamFuZ28u\nY29udHJpYi5hdXRoLmJhY2tlbmRzLk1vZGVsQmFja2VuZHEEdS5mZjFmY2YyZWUyMDAwMTIwZDUx\nOWVjMThjNDEwMzM2Yg==\n', '2009-09-30 19:44:59'),
('bb740605af9f8d1252998d21bdcf14c0', 'gAJ9cQEoVRJfYXV0aF91c2VyX2JhY2tlbmRxAlUpZGphbmdvLmNvbnRyaWIuYXV0aC5iYWNrZW5k\ncy5Nb2RlbEJhY2tlbmRxA1UNX2F1dGhfdXNlcl9pZHEEigEHdS4zMzU5ZmFmMGZkNmZjNDE2YThi\nNDA2ZmQ4NmQ1OWM3Nw==\n', '2009-07-27 22:34:30'),
('bc6ef0dd726124929c76917661a766a3', 'gAJ9cQEuNTdkZDM5ZjhkZDNlY2VlNmU5MTc2OGE0MTJkNWE3MmQ=\n', '2009-10-01 14:39:08'),
('bd85d7f9ffc00e5be98372ab51376faa', 'gAJ9cQEuNTdkZDM5ZjhkZDNlY2VlNmU5MTc2OGE0MTJkNWE3MmQ=\n', '2009-08-01 00:03:22'),
('be072ead31ced4c086ff036c2917bb0a', 'gAJ9cQEoVRJfYXV0aF91c2VyX2JhY2tlbmRxAlUpZGphbmdvLmNvbnRyaWIuYXV0aC5iYWNrZW5k\ncy5Nb2RlbEJhY2tlbmRxA1UNX2F1dGhfdXNlcl9pZHEEigECdS40ZjcyNTZlYmJiMzc5MTc4ZDE0\nN2M3OTM2MzQ3OTExYw==\n', '2009-10-23 07:26:10'),
('bf1e1cbdaab2322b29b26757a45cfc48', 'gAJ9cQFVCnRlc3Rjb29raWVxAlUGd29ya2VkcQNzLmNmMTAwZGNkNzQzZGJkNTEzZmY1Y2U2ODUx\nZTk1ZDRh\n', '2009-12-21 13:51:18'),
('bf73f476d3814437fa1541db8820aff9', 'gAJ9cQFVCnRlc3Rjb29raWVxAlUGd29ya2VkcQNzLmNmMTAwZGNkNzQzZGJkNTEzZmY1Y2U2ODUx\nZTk1ZDRh\n', '2009-12-21 14:06:40'),
('c0a4cc3ef5029f4de9726e6b4943296d', 'gAJ9cQEoVQp0ZXN0Y29va2llcQJVBndvcmtlZHEDVQ1fYXV0aF91c2VyX2lkcQSKAQJVEl9hdXRo\nX3VzZXJfYmFja2VuZHEFVSlkamFuZ28uY29udHJpYi5hdXRoLmJhY2tlbmRzLk1vZGVsQmFja2Vu\nZHEGdS44M2UwMWU1NjM2MmI2M2Y3OTQyOTU1NGY4MzY3YjAxYg==\n', '2009-10-30 08:35:08'),
('c0df918e2747af89a09e0161390fb525', 'gAJ9cQEoVRJfYXV0aF91c2VyX2JhY2tlbmRxAlUpZGphbmdvLmNvbnRyaWIuYXV0aC5iYWNrZW5k\ncy5Nb2RlbEJhY2tlbmRxA1UNX2F1dGhfdXNlcl9pZHEEigECdS40ZjcyNTZlYmJiMzc5MTc4ZDE0\nN2M3OTM2MzQ3OTExYw==\n', '2009-10-06 13:17:41'),
('c1653de36ce0f169f7953100f9e97b57', 'gAJ9cQFVCnRlc3Rjb29raWVxAlUGd29ya2VkcQNzLmNmMTAwZGNkNzQzZGJkNTEzZmY1Y2U2ODUx\nZTk1ZDRh\n', '2009-11-03 09:12:42'),
('c24cae96172f5e449e1d4d22cd6b001c', 'gAJ9cQEoVRJfYXV0aF91c2VyX2JhY2tlbmRxAlUpZGphbmdvLmNvbnRyaWIuYXV0aC5iYWNrZW5k\ncy5Nb2RlbEJhY2tlbmRxA1UNX2F1dGhfdXNlcl9pZHEEigEMdS40YzFhM2U3YTlmOTA1ZDEyZTlm\nMzE2ZmFhMjUzNzg2Mw==\n', '2010-01-14 13:18:01'),
('c2e3aa365c6926c3a71b2813ec14d924', 'gAJ9cQEoVRJfYXV0aF91c2VyX2JhY2tlbmRxAlUpZGphbmdvLmNvbnRyaWIuYXV0aC5iYWNrZW5k\ncy5Nb2RlbEJhY2tlbmRxA1UNX2F1dGhfdXNlcl9pZHEEigEIdS4yNGI2YzFjYjU2YTQ2NzVkYmRh\nOGI1YjE4YTk2NjEwOQ==\n', '2009-10-27 20:36:12'),
('c346e6e1fcb39083e7e9a2cdc41ef91e', 'gAJ9cQEoVRJfYXV0aF91c2VyX2JhY2tlbmRxAlUpZGphbmdvLmNvbnRyaWIuYXV0aC5iYWNrZW5k\ncy5Nb2RlbEJhY2tlbmRxA1UNX2F1dGhfdXNlcl9pZHEEigECdS40ZjcyNTZlYmJiMzc5MTc4ZDE0\nN2M3OTM2MzQ3OTExYw==\n', '2009-07-15 07:13:08'),
('c4d5d7630e3f47153f5715b3acb222c5', 'gAJ9cQEoVRJfYXV0aF91c2VyX2JhY2tlbmRxAlUpZGphbmdvLmNvbnRyaWIuYXV0aC5iYWNrZW5k\ncy5Nb2RlbEJhY2tlbmRxA1UNX2F1dGhfdXNlcl9pZHEEigEDdS41YTAzYzJmMGU2YjlkYTZjYTli\nNjY4NWQ1ZWRmM2IzZQ==\n', '2009-10-19 12:07:05'),
('c4d9b22ee9ad42bbaeb4b6e882a82d79', 'gAJ9cQEoVRJfYXV0aF91c2VyX2JhY2tlbmRxAlUpZGphbmdvLmNvbnRyaWIuYXV0aC5iYWNrZW5k\ncy5Nb2RlbEJhY2tlbmRxA1UNX2F1dGhfdXNlcl9pZHEEigECdS40ZjcyNTZlYmJiMzc5MTc4ZDE0\nN2M3OTM2MzQ3OTExYw==\n', '2009-10-20 07:45:18'),
('c5cd6c2642cb148ee176050f74cbaa0a', 'gAJ9cQEoVRJfYXV0aF91c2VyX2JhY2tlbmRxAlUpZGphbmdvLmNvbnRyaWIuYXV0aC5iYWNrZW5k\ncy5Nb2RlbEJhY2tlbmRxA1UNX2F1dGhfdXNlcl9pZHEEigECdS40ZjcyNTZlYmJiMzc5MTc4ZDE0\nN2M3OTM2MzQ3OTExYw==\n', '2009-09-29 13:36:20'),
('c62181df8348964494685a91e8ca3842', 'gAJ9cQEoVRJfYXV0aF91c2VyX2JhY2tlbmRxAlUpZGphbmdvLmNvbnRyaWIuYXV0aC5iYWNrZW5k\ncy5Nb2RlbEJhY2tlbmRxA1UNX2F1dGhfdXNlcl9pZHEEigECdS40ZjcyNTZlYmJiMzc5MTc4ZDE0\nN2M3OTM2MzQ3OTExYw==\n', '2009-12-25 08:42:34'),
('c6a6f3d912f73acf55297ca408009f7e', 'gAJ9cQEuNTdkZDM5ZjhkZDNlY2VlNmU5MTc2OGE0MTJkNWE3MmQ=\n', '2009-10-28 13:48:55'),
('c6f4da21c8255f4f16d4a6c9e899f501', 'gAJ9cQEoVRJfYXV0aF91c2VyX2JhY2tlbmRxAlUpZGphbmdvLmNvbnRyaWIuYXV0aC5iYWNrZW5k\ncy5Nb2RlbEJhY2tlbmRxA1UNX2F1dGhfdXNlcl9pZHEEigEEdS40NjVlNjNhMDY4OWMxMTMxNDc0\nNTU0ZGQwOTE4MTNjMg==\n', '2010-02-04 11:10:40'),
('c74b1f13cda8aab3f219c183ecc1234b', 'gAJ9cQEoVRJfYXV0aF91c2VyX2JhY2tlbmRxAlUpZGphbmdvLmNvbnRyaWIuYXV0aC5iYWNrZW5k\ncy5Nb2RlbEJhY2tlbmRxA1UNX2F1dGhfdXNlcl9pZHEEigECdS40ZjcyNTZlYmJiMzc5MTc4ZDE0\nN2M3OTM2MzQ3OTExYw==\n', '2009-09-10 08:26:21'),
('c8cc332d0dfbfcd20e366bb556130440', 'gAJ9cQEoVRJfYXV0aF91c2VyX2JhY2tlbmRxAlUpZGphbmdvLmNvbnRyaWIuYXV0aC5iYWNrZW5k\ncy5Nb2RlbEJhY2tlbmRxA1UNX2F1dGhfdXNlcl9pZHEEigEQdS5kMDEzMzc1YzRmY2Q5YTRmMzZl\nMWEwZDNkYTNmMWRlYg==\n', '2009-12-16 11:15:47'),
('c9981e010d18682a7662acd64a706e49', 'gAJ9cQEuNTdkZDM5ZjhkZDNlY2VlNmU5MTc2OGE0MTJkNWE3MmQ=\n', '2009-11-13 09:42:57'),
('c9a29c81009351c8f70fc6817fc6878c', 'gAJ9cQEoVQ1fYXV0aF91c2VyX2lkcQKKAQJVEl9hdXRoX3VzZXJfYmFja2VuZHEDVSlkamFuZ28u\nY29udHJpYi5hdXRoLmJhY2tlbmRzLk1vZGVsQmFja2VuZHEEdS5mZjFmY2YyZWUyMDAwMTIwZDUx\nOWVjMThjNDEwMzM2Yg==\n', '2009-10-29 23:36:26'),
('ca90c5955ef8f27253079ac72431cd63', 'gAJ9cQEuNTdkZDM5ZjhkZDNlY2VlNmU5MTc2OGE0MTJkNWE3MmQ=\n', '2009-09-26 12:57:08'),
('cbfd8412bae97a5d302917099f8f6e7e', 'gAJ9cQEuMWZlMDJjYTI0Yzg2ODNmYTc5ODI3ZDRiNGZlYWIyNWE=\n', '2009-07-10 15:24:55'),
('cc53fcdde5be986170dd59b61d148b46', 'gAJ9cQEoVRJfYXV0aF91c2VyX2JhY2tlbmRxAlUpZGphbmdvLmNvbnRyaWIuYXV0aC5iYWNrZW5k\ncy5Nb2RlbEJhY2tlbmRxA1UNX2F1dGhfdXNlcl9pZHEEigEEdS40NjVlNjNhMDY4OWMxMTMxNDc0\nNTU0ZGQwOTE4MTNjMg==\n', '2009-08-13 20:35:45'),
('cd2c7c84d5a875798d1999c920fee608', 'gAJ9cQEoVQ1fYXV0aF91c2VyX2lkcQKKARVVEl9hdXRoX3VzZXJfYmFja2VuZHEDVSlkamFuZ28u\nY29udHJpYi5hdXRoLmJhY2tlbmRzLk1vZGVsQmFja2VuZHEEdS5lMTU4Mjg0NmY2NzZhZGY2ZDkx\nNzQwYzBhZmYxYzc2OA==\n', '2010-02-05 22:41:30'),
('cda6a8af60f4aa4fc9298c07976c1d2e', 'gAJ9cQEoVRJfYXV0aF91c2VyX2JhY2tlbmRxAlUpZGphbmdvLmNvbnRyaWIuYXV0aC5iYWNrZW5k\ncy5Nb2RlbEJhY2tlbmRxA1UNX2F1dGhfdXNlcl9pZHEEigEOdS43OThlNGY0MzQ0YjQ1MmY1Mjcy\nMGQ2OWNlZjVjNDE3YQ==\n', '2009-11-22 12:08:28'),
('cdd1ff36536d686ee3584f83044fb7b5', 'gAJ9cQEuNTdkZDM5ZjhkZDNlY2VlNmU5MTc2OGE0MTJkNWE3MmQ=\n', '2009-10-23 09:54:39');
INSERT INTO `django_session` (`session_key`, `session_data`, `expire_date`) VALUES
('ce0aa4e42092744cb6eba807c92548fb', 'gAJ9cQFVCnRlc3Rjb29raWVxAlUGd29ya2VkcQNzLmY1YmFiOTIzZGE4OGM2YjliNDFmMTU5Y2Zh\nMDY4NDhm\n', '2009-07-10 18:35:57'),
('ce31983c5260cac48751ac283e8ef84a', 'gAJ9cQEuNTdkZDM5ZjhkZDNlY2VlNmU5MTc2OGE0MTJkNWE3MmQ=\n', '2009-12-21 13:55:10'),
('cf2c5a95cd4044308faa8299dd6ee930', 'gAJ9cQEoVRJfYXV0aF91c2VyX2JhY2tlbmRxAlUpZGphbmdvLmNvbnRyaWIuYXV0aC5iYWNrZW5k\ncy5Nb2RlbEJhY2tlbmRxA1UNX2F1dGhfdXNlcl9pZHEEigEPdS45MWI4N2Q4MWE0ODc3NDMyNDgw\nZThjODMxNDIxMTE4MA==\n', '2009-12-07 17:52:15'),
('d081962b276b3f5d5a94352cdc67f21b', 'gAJ9cQEuNTdkZDM5ZjhkZDNlY2VlNmU5MTc2OGE0MTJkNWE3MmQ=\n', '2009-11-13 10:14:54'),
('d19c094707ad08849362b307b633053b', 'gAJ9cQEoVRJfYXV0aF91c2VyX2JhY2tlbmRxAlUpZGphbmdvLmNvbnRyaWIuYXV0aC5iYWNrZW5k\ncy5Nb2RlbEJhY2tlbmRxA1UNX2F1dGhfdXNlcl9pZHEEigECdS40ZjcyNTZlYmJiMzc5MTc4ZDE0\nN2M3OTM2MzQ3OTExYw==\n', '2009-09-29 01:14:46'),
('d21562ae25135b3a75a51e45c8445a60', 'gAJ9cQEoVRJfYXV0aF91c2VyX2JhY2tlbmRxAlUpZGphbmdvLmNvbnRyaWIuYXV0aC5iYWNrZW5k\ncy5Nb2RlbEJhY2tlbmRxA1UNX2F1dGhfdXNlcl9pZHEEigEDdS41YTAzYzJmMGU2YjlkYTZjYTli\nNjY4NWQ1ZWRmM2IzZQ==\n', '2009-07-13 22:30:43'),
('d2e28fbd1e423bfb197ef0c672710959', 'gAJ9cQEoVRJfYXV0aF91c2VyX2JhY2tlbmRxAlUpZGphbmdvLmNvbnRyaWIuYXV0aC5iYWNrZW5k\ncy5Nb2RlbEJhY2tlbmRxA1UNX2F1dGhfdXNlcl9pZHEEigEMdS40YzFhM2U3YTlmOTA1ZDEyZTlm\nMzE2ZmFhMjUzNzg2Mw==\n', '2009-11-26 22:22:19'),
('d36c60c6bdb784d36490a582298171f3', 'gAJ9cQEoVRJfYXV0aF91c2VyX2JhY2tlbmRxAlUpZGphbmdvLmNvbnRyaWIuYXV0aC5iYWNrZW5k\ncy5Nb2RlbEJhY2tlbmRxA1UNX2F1dGhfdXNlcl9pZHEEigEFdS5iNjJlZDQ2MGNlMDEyMTk1OTQ1\nZjM5YmNiYjcwMGNkYQ==\n', '2009-07-08 17:03:00'),
('d3852d9c7f14ec45d8d0c7dc07a2fd12', 'gAJ9cQEoVRJfYXV0aF91c2VyX2JhY2tlbmRxAlUpZGphbmdvLmNvbnRyaWIuYXV0aC5iYWNrZW5k\ncy5Nb2RlbEJhY2tlbmRxA1UNX2F1dGhfdXNlcl9pZHEEigEMdS40YzFhM2U3YTlmOTA1ZDEyZTlm\nMzE2ZmFhMjUzNzg2Mw==\n', '2009-10-30 07:24:37'),
('d42f515508a110a27e6f724855d43037', 'gAJ9cQEoVRJfYXV0aF91c2VyX2JhY2tlbmRxAlUpZGphbmdvLmNvbnRyaWIuYXV0aC5iYWNrZW5k\ncy5Nb2RlbEJhY2tlbmRxA1UNX2F1dGhfdXNlcl9pZHEEigEKdS43NTgwM2RmNGFjMTkxZTA2MDJl\nNzNiZDM0YWU0MTk5Ng==\n', '2009-08-17 06:59:20'),
('d4ac0e15bb09854b9c67578ac4d300bc', 'gAJ9cQEuNTdkZDM5ZjhkZDNlY2VlNmU5MTc2OGE0MTJkNWE3MmQ=\n', '2009-10-01 10:30:23'),
('d5254ddd2fdc7a8b37138bfd3997a747', 'gAJ9cQEoVRJfYXV0aF91c2VyX2JhY2tlbmRxAlUpZGphbmdvLmNvbnRyaWIuYXV0aC5iYWNrZW5k\ncy5Nb2RlbEJhY2tlbmRxA1UNX2F1dGhfdXNlcl9pZHEEigECdS40ZjcyNTZlYmJiMzc5MTc4ZDE0\nN2M3OTM2MzQ3OTExYw==\n', '2009-08-03 11:43:33'),
('d5cd3882105a1a56d81e603a9cba1124', 'gAJ9cQEoVRJfYXV0aF91c2VyX2JhY2tlbmRxAlUpZGphbmdvLmNvbnRyaWIuYXV0aC5iYWNrZW5k\ncy5Nb2RlbEJhY2tlbmRxA1UNX2F1dGhfdXNlcl9pZHEEigECdS40ZjcyNTZlYmJiMzc5MTc4ZDE0\nN2M3OTM2MzQ3OTExYw==\n', '2009-11-04 12:24:56'),
('d80a4b92724300c82b96a8d9fc9d86a3', 'gAJ9cQEoVRJfYXV0aF91c2VyX2JhY2tlbmRxAlUpZGphbmdvLmNvbnRyaWIuYXV0aC5iYWNrZW5k\ncy5Nb2RlbEJhY2tlbmRxA1UNX2F1dGhfdXNlcl9pZHEEigEDdS41YTAzYzJmMGU2YjlkYTZjYTli\nNjY4NWQ1ZWRmM2IzZQ==\n', '2009-09-01 04:43:54'),
('d885d91ddbc2b8bf0c9ce3f08a2b4a0e', 'gAJ9cQFVCnRlc3Rjb29raWVxAlUGd29ya2VkcQNzLmNmMTAwZGNkNzQzZGJkNTEzZmY1Y2U2ODUx\nZTk1ZDRh\n', '2009-12-21 14:53:35'),
('da826a71965008298f6504eb03db0320', 'gAJ9cQEoVQ1fYXV0aF91c2VyX2lkcQKKAQVVEl9hdXRoX3VzZXJfYmFja2VuZHEDVSlkamFuZ28u\nY29udHJpYi5hdXRoLmJhY2tlbmRzLk1vZGVsQmFja2VuZHEEdS5kZTBhMDM3OTk2MDdjODAwNzQ0\nMjRhNjc1NmFjMDY0NA==\n', '2009-07-06 11:08:10'),
('dada836c7686a49d51b6ef5ba8b60ac9', 'gAJ9cQEoVRJfYXV0aF91c2VyX2JhY2tlbmRxAlUpZGphbmdvLmNvbnRyaWIuYXV0aC5iYWNrZW5k\ncy5Nb2RlbEJhY2tlbmRxA1UNX2F1dGhfdXNlcl9pZHEEigECdS40ZjcyNTZlYmJiMzc5MTc4ZDE0\nN2M3OTM2MzQ3OTExYw==\n', '2009-10-04 21:49:28'),
('db9a2b293dbd19ae4c9012114fcf416e', 'gAJ9cQEoVRJfYXV0aF91c2VyX2JhY2tlbmRxAlUpZGphbmdvLmNvbnRyaWIuYXV0aC5iYWNrZW5k\ncy5Nb2RlbEJhY2tlbmRxA1UNX2F1dGhfdXNlcl9pZHEEigECdS40ZjcyNTZlYmJiMzc5MTc4ZDE0\nN2M3OTM2MzQ3OTExYw==\n', '2009-07-29 14:50:11'),
('dd06504a17555c7b626e29782f745e4c', 'gAJ9cQEoVRJfYXV0aF91c2VyX2JhY2tlbmRxAlUpZGphbmdvLmNvbnRyaWIuYXV0aC5iYWNrZW5k\ncy5Nb2RlbEJhY2tlbmRxA1UNX2F1dGhfdXNlcl9pZHEEigECdS40ZjcyNTZlYmJiMzc5MTc4ZDE0\nN2M3OTM2MzQ3OTExYw==\n', '2009-09-04 01:08:36'),
('e1754fa43d45dd457d66523193f3e8e4', 'gAJ9cQEuNTdkZDM5ZjhkZDNlY2VlNmU5MTc2OGE0MTJkNWE3MmQ=\n', '2009-08-04 22:48:41'),
('e18bc03284ef6bbc9d1c25feb52309e3', 'gAJ9cQEuNTdkZDM5ZjhkZDNlY2VlNmU5MTc2OGE0MTJkNWE3MmQ=\n', '2009-11-18 19:55:45'),
('e2448913efad098b144c4d9ed83c75a5', 'gAJ9cQEoVRJfYXV0aF91c2VyX2JhY2tlbmRxAlUpZGphbmdvLmNvbnRyaWIuYXV0aC5iYWNrZW5k\ncy5Nb2RlbEJhY2tlbmRxA1UNX2F1dGhfdXNlcl9pZHEEigEDdS41YTAzYzJmMGU2YjlkYTZjYTli\nNjY4NWQ1ZWRmM2IzZQ==\n', '2010-02-09 17:30:50'),
('e257d57c6edeab9cd9f6f5c44e9d4b11', 'gAJ9cQEoVRJfYXV0aF91c2VyX2JhY2tlbmRxAlUpZGphbmdvLmNvbnRyaWIuYXV0aC5iYWNrZW5k\ncy5Nb2RlbEJhY2tlbmRxA1UNX2F1dGhfdXNlcl9pZHEEigEPdS45MWI4N2Q4MWE0ODc3NDMyNDgw\nZThjODMxNDIxMTE4MA==\n', '2009-12-21 10:55:31'),
('e2c0f794ff843cd9af838a2dc27d3cac', 'gAJ9cQEuNTdkZDM5ZjhkZDNlY2VlNmU5MTc2OGE0MTJkNWE3MmQ=\n', '2009-10-20 11:09:57'),
('e521bc8006e96774041356de5c459996', 'gAJ9cQEoVRJfYXV0aF91c2VyX2JhY2tlbmRxAlUpZGphbmdvLmNvbnRyaWIuYXV0aC5iYWNrZW5k\ncy5Nb2RlbEJhY2tlbmRxA1UNX2F1dGhfdXNlcl9pZHEEigECdS40ZjcyNTZlYmJiMzc5MTc4ZDE0\nN2M3OTM2MzQ3OTExYw==\n', '2009-10-05 08:59:08'),
('e575e5aef524c0adf88ba074f1aa835d', 'gAJ9cQEoVRJfYXV0aF91c2VyX2JhY2tlbmRxAlUpZGphbmdvLmNvbnRyaWIuYXV0aC5iYWNrZW5k\ncy5Nb2RlbEJhY2tlbmRxA1UNX2F1dGhfdXNlcl9pZHEEigECdS40ZjcyNTZlYmJiMzc5MTc4ZDE0\nN2M3OTM2MzQ3OTExYw==\n', '2009-10-23 07:26:10'),
('e690e0a9ac8fc2c562aa7b5f78c1d4be', 'gAJ9cQEuNTdkZDM5ZjhkZDNlY2VlNmU5MTc2OGE0MTJkNWE3MmQ=\n', '2009-09-29 12:09:55'),
('e7119520cb35d199f44a4289b5dbbac7', 'gAJ9cQEoVRJfYXV0aF91c2VyX2JhY2tlbmRxAlUpZGphbmdvLmNvbnRyaWIuYXV0aC5iYWNrZW5k\ncy5Nb2RlbEJhY2tlbmRxA1UNX2F1dGhfdXNlcl9pZHEEigEQdS5kMDEzMzc1YzRmY2Q5YTRmMzZl\nMWEwZDNkYTNmMWRlYg==\n', '2009-12-16 11:15:47'),
('e741a1f470b6be7338e9ce9265c6fbfa', 'gAJ9cQEoVQ1fYXV0aF91c2VyX2lkcQKKAQxVEl9hdXRoX3VzZXJfYmFja2VuZHEDVSlkamFuZ28u\nY29udHJpYi5hdXRoLmJhY2tlbmRzLk1vZGVsQmFja2VuZHEEdS42MDlkNzdmMjQwNGMyZTM4YmJl\nODg2MjkzOWU0MGZjMw==\n', '2009-11-17 14:22:27'),
('e9089b8f3915b34e5eed4b5cf09a0893', 'gAJ9cQEoVRJfYXV0aF91c2VyX2JhY2tlbmRxAlUpZGphbmdvLmNvbnRyaWIuYXV0aC5iYWNrZW5k\ncy5Nb2RlbEJhY2tlbmRxA1UNX2F1dGhfdXNlcl9pZHEEigEFdS40NDUyODEzOGI4ZmZlMzM0MmNk\nMmM0MGVjYzQ1YmM4Nw==\n', '2009-07-14 12:40:24'),
('ea8002eab6608857882538721788a8eb', 'gAJ9cQEoVRJfYXV0aF91c2VyX2JhY2tlbmRxAlUpZGphbmdvLmNvbnRyaWIuYXV0aC5iYWNrZW5k\ncy5Nb2RlbEJhY2tlbmRxA1UNX2F1dGhfdXNlcl9pZHEEigEEdS40NjVlNjNhMDY4OWMxMTMxNDc0\nNTU0ZGQwOTE4MTNjMg==\n', '2009-08-18 23:10:13'),
('eb6d01484b5b15ba939f1674460aab07', 'gAJ9cQEuNTdkZDM5ZjhkZDNlY2VlNmU5MTc2OGE0MTJkNWE3MmQ=\n', '2009-07-31 12:16:12'),
('ed552b2ffdd03fe0197d189dc13aa76c', 'gAJ9cQEoVRJfYXV0aF91c2VyX2JhY2tlbmRxAlUpZGphbmdvLmNvbnRyaWIuYXV0aC5iYWNrZW5k\ncy5Nb2RlbEJhY2tlbmRxA1UNX2F1dGhfdXNlcl9pZHEEigEQdS5kMDEzMzc1YzRmY2Q5YTRmMzZl\nMWEwZDNkYTNmMWRlYg==\n', '2010-02-04 11:03:55'),
('ef406822288064f7e2c1a1f185beadda', 'gAJ9cQEoVQ1fYXV0aF91c2VyX2lkcQKKAQJVEl9hdXRoX3VzZXJfYmFja2VuZHEDVSlkamFuZ28u\nY29udHJpYi5hdXRoLmJhY2tlbmRzLk1vZGVsQmFja2VuZHEEdS5mZjFmY2YyZWUyMDAwMTIwZDUx\nOWVjMThjNDEwMzM2Yg==\n', '2009-07-31 12:35:07'),
('ef74e66eb28cf340d88b95d27805dd11', 'gAJ9cQEoVRJfYXV0aF91c2VyX2JhY2tlbmRxAlUpZGphbmdvLmNvbnRyaWIuYXV0aC5iYWNrZW5k\ncy5Nb2RlbEJhY2tlbmRxA1UNX2F1dGhfdXNlcl9pZHEEigEDdS41YTAzYzJmMGU2YjlkYTZjYTli\nNjY4NWQ1ZWRmM2IzZQ==\n', '2009-09-28 07:36:08'),
('f023139b44dab9e7342f3edbadafd0e1', 'gAJ9cQEoVQ1fYXV0aF91c2VyX2lkcQKKAQtVEl9hdXRoX3VzZXJfYmFja2VuZHEDVSlkamFuZ28u\nY29udHJpYi5hdXRoLmJhY2tlbmRzLk1vZGVsQmFja2VuZHEEdS4wNWM0ZjVkMmZkMjg1NmM5MTU0\nMmNhYzU5ODVhMDdmMw==\n', '2010-02-12 06:18:22'),
('f0a45d3581d4b4c41a469637b467df83', 'gAJ9cQEuNTdkZDM5ZjhkZDNlY2VlNmU5MTc2OGE0MTJkNWE3MmQ=\n', '2009-11-02 08:11:24'),
('f181bbfd5bf7f362700770aa0b014016', 'gAJ9cQEoVRJfYXV0aF91c2VyX2JhY2tlbmRxAlUpZGphbmdvLmNvbnRyaWIuYXV0aC5iYWNrZW5k\ncy5Nb2RlbEJhY2tlbmRxA1UNX2F1dGhfdXNlcl9pZHEEigEDdS41YTAzYzJmMGU2YjlkYTZjYTli\nNjY4NWQ1ZWRmM2IzZQ==\n', '2009-11-05 00:55:01'),
('f2a66e793d988e026896776a65c84ee3', 'gAJ9cQEoVRJfYXV0aF91c2VyX2JhY2tlbmRxAlUpZGphbmdvLmNvbnRyaWIuYXV0aC5iYWNrZW5k\ncy5Nb2RlbEJhY2tlbmRxA1UNX2F1dGhfdXNlcl9pZHEEigEFdS40NDUyODEzOGI4ZmZlMzM0MmNk\nMmM0MGVjYzQ1YmM4Nw==\n', '2009-08-07 20:20:16'),
('f33dbb999956ea8a801f8abec859b47f', 'gAJ9cQFVCnRlc3Rjb29raWVxAlUGd29ya2VkcQNzLmNmMTAwZGNkNzQzZGJkNTEzZmY1Y2U2ODUx\nZTk1ZDRh\n', '2009-11-03 09:12:39'),
('f3e2262402677eb5fa29e910ad5ab747', 'gAJ9cQEoVQ1fYXV0aF91c2VyX2lkcQKKAQJVEl9hdXRoX3VzZXJfYmFja2VuZHEDVSlkamFuZ28u\nY29udHJpYi5hdXRoLmJhY2tlbmRzLk1vZGVsQmFja2VuZHEEdS5mZjFmY2YyZWUyMDAwMTIwZDUx\nOWVjMThjNDEwMzM2Yg==\n', '2009-11-06 09:12:20'),
('f42bd30d2a66241377c0fa65651d125d', 'gAJ9cQEuNTdkZDM5ZjhkZDNlY2VlNmU5MTc2OGE0MTJkNWE3MmQ=\n', '2009-10-28 13:47:33'),
('f67af493239d416b2dd25e5c40f34d1e', 'gAJ9cQEuNTdkZDM5ZjhkZDNlY2VlNmU5MTc2OGE0MTJkNWE3MmQ=\n', '2009-11-19 08:45:16'),
('f695be76937ed7616a154abcbde92159', 'gAJ9cQEoVRJfYXV0aF91c2VyX2JhY2tlbmRxAlUpZGphbmdvLmNvbnRyaWIuYXV0aC5iYWNrZW5k\ncy5Nb2RlbEJhY2tlbmRxA1UNX2F1dGhfdXNlcl9pZHEEigERdS5iNGQ5MWNlNzI2MTE2NjE3YzY1\nZDU0MmVlN2Y5MzM4Yg==\n', '2010-02-02 06:17:27'),
('f6e8716251ea4a69e5e91667f5e09d2b', 'gAJ9cQEoVRJfYXV0aF91c2VyX2JhY2tlbmRxAlUpZGphbmdvLmNvbnRyaWIuYXV0aC5iYWNrZW5k\ncy5Nb2RlbEJhY2tlbmRxA1UNX2F1dGhfdXNlcl9pZHEEigECdS40ZjcyNTZlYmJiMzc5MTc4ZDE0\nN2M3OTM2MzQ3OTExYw==\n', '2010-01-14 13:14:37'),
('f7db345ff386e72b0ee92af465706929', 'gAJ9cQEoVRJfYXV0aF91c2VyX2JhY2tlbmRxAlUpZGphbmdvLmNvbnRyaWIuYXV0aC5iYWNrZW5k\ncy5Nb2RlbEJhY2tlbmRxA1UNX2F1dGhfdXNlcl9pZHEEigEDdS41YTAzYzJmMGU2YjlkYTZjYTli\nNjY4NWQ1ZWRmM2IzZQ==\n', '2009-07-12 22:33:01'),
('fa8181754f22d6b181da8bc2780cb502', 'gAJ9cQEuNTdkZDM5ZjhkZDNlY2VlNmU5MTc2OGE0MTJkNWE3MmQ=\n', '2009-10-01 14:36:12'),
('faf53655e598eb52e7c4d8a5fee3c2d4', 'gAJ9cQEuNTdkZDM5ZjhkZDNlY2VlNmU5MTc2OGE0MTJkNWE3MmQ=\n', '2009-10-29 13:22:06'),
('fbaffbb28030833cd1d0f4e7835f07ff', 'gAJ9cQEoVQ1fYXV0aF91c2VyX2lkcQKKARFVEl9hdXRoX3VzZXJfYmFja2VuZHEDVSlkamFuZ28u\nY29udHJpYi5hdXRoLmJhY2tlbmRzLk1vZGVsQmFja2VuZHEEdS5jMzZlNTIzNTVlY2Y3NzQ3NTFh\nZTQ0MjgzMWQ0YTFlYQ==\n', '2010-01-06 05:51:05'),
('fc42718735df299a512878668885d8d7', 'gAJ9cQEoVRJfYXV0aF91c2VyX2JhY2tlbmRxAlUpZGphbmdvLmNvbnRyaWIuYXV0aC5iYWNrZW5k\ncy5Nb2RlbEJhY2tlbmRxA1UNX2F1dGhfdXNlcl9pZHEEigERdS5iNGQ5MWNlNzI2MTE2NjE3YzY1\nZDU0MmVlN2Y5MzM4Yg==\n', '2010-01-06 11:43:38'),
('fdb47fee00e5759ee1ca2cae0e47b520', 'gAJ9cQEoVRJfYXV0aF91c2VyX2JhY2tlbmRxAlUpZGphbmdvLmNvbnRyaWIuYXV0aC5iYWNrZW5k\ncy5Nb2RlbEJhY2tlbmRxA1UNX2F1dGhfdXNlcl9pZHEEigEQdS5kMDEzMzc1YzRmY2Q5YTRmMzZl\nMWEwZDNkYTNmMWRlYg==\n', '2010-01-14 13:13:26'),
('fe8af6283219426ff8985d067bb254cb', 'gAJ9cQEoVRJfYXV0aF91c2VyX2JhY2tlbmRxAlUpZGphbmdvLmNvbnRyaWIuYXV0aC5iYWNrZW5k\ncy5Nb2RlbEJhY2tlbmRxA1UNX2F1dGhfdXNlcl9pZHEEigECdS40ZjcyNTZlYmJiMzc5MTc4ZDE0\nN2M3OTM2MzQ3OTExYw==\n', '2009-09-30 10:48:27'),
('fea678b553c7c69e02c031fdd4593e12', 'gAJ9cQEoVRJfYXV0aF91c2VyX2JhY2tlbmRxAlUpZGphbmdvLmNvbnRyaWIuYXV0aC5iYWNrZW5k\ncy5Nb2RlbEJhY2tlbmRxA1UNX2F1dGhfdXNlcl9pZHEEigECdS40ZjcyNTZlYmJiMzc5MTc4ZDE0\nN2M3OTM2MzQ3OTExYw==\n', '2009-08-03 15:56:03'),
('ff1b96cbe659b053dba68d373c4708b2', 'gAJ9cQEoVRJfYXV0aF91c2VyX2JhY2tlbmRxAlUpZGphbmdvLmNvbnRyaWIuYXV0aC5iYWNrZW5k\ncy5Nb2RlbEJhY2tlbmRxA1UNX2F1dGhfdXNlcl9pZHEEigECdS40ZjcyNTZlYmJiMzc5MTc4ZDE0\nN2M3OTM2MzQ3OTExYw==\n', '2009-07-21 16:59:38');


INSERT INTO `django_site` (`id`, `domain`, `name`) VALUES
(1, 'example.com', 'example.com');
